timestamp,model,test_set,kind,threshold,metric,value,n,duration_h,combo
2026-04-14T09:08:13Z,ex2a,pos_isa_xtts,positive,0.97,recall,0.9375,48,,
2026-04-14T09:08:13Z,ex2a,pos_isa_xtts,positive,0.99,recall,0.9167,48,,
2026-04-14T09:08:13Z,ex2a,pos_isa_xtts,positive,0.995,recall,0.9167,48,,
2026-04-14T09:08:13Z,ex2a,pos_isa_xtts,positive,0.996,recall,0.9167,48,,
2026-04-14T09:08:13Z,ex2a,pos_isa_xtts,positive,0.999,recall,0.9167,48,,
2026-04-14T09:08:13Z,ex2a,pos_ode,positive,0.97,recall,0.4545,11,,
2026-04-14T09:08:13Z,ex2a,pos_ode,positive,0.99,recall,0.2727,11,,
2026-04-14T09:08:13Z,ex2a,pos_ode,positive,0.995,recall,0.2727,11,,
2026-04-14T09:08:13Z,ex2a,pos_ode,positive,0.996,recall,0.2727,11,,
2026-04-14T09:08:13Z,ex2a,pos_ode,positive,0.999,recall,0.2727,11,,
2026-04-14T09:08:13Z,ex2a,pos_mattias_short_n50,positive,0.97,recall,1.0000,50,,
2026-04-14T09:08:13Z,ex2a,pos_mattias_short_n50,positive,0.99,recall,1.0000,50,,
2026-04-14T09:08:13Z,ex2a,pos_mattias_short_n50,positive,0.995,recall,1.0000,50,,
2026-04-14T09:08:13Z,ex2a,pos_mattias_short_n50,positive,0.996,recall,1.0000,50,,
2026-04-14T09:08:13Z,ex2a,pos_mattias_short_n50,positive,0.999,recall,1.0000,50,,
2026-04-14T09:08:13Z,ex2a,hard_neg_mac_holdout,hard_negative,0.97,fpr,1.0000,15,,
2026-04-14T09:08:13Z,ex2a,hard_neg_mac_holdout,hard_negative,0.99,fpr,1.0000,15,,
2026-04-14T09:08:13Z,ex2a,hard_neg_mac_holdout,hard_negative,0.995,fpr,0.9333,15,,
2026-04-14T09:08:13Z,ex2a,hard_neg_mac_holdout,hard_negative,0.996,fpr,0.9333,15,,
2026-04-14T09:08:13Z,ex2a,hard_neg_mac_holdout,hard_negative,0.999,fpr,0.9333,15,,
2026-04-14T09:08:13Z,ex2a,hard_neg_isa_xtts,hard_negative,0.97,fpr,0.9000,60,,
2026-04-14T09:08:13Z,ex2a,hard_neg_isa_xtts,hard_negative,0.99,fpr,0.8833,60,,
2026-04-14T09:08:13Z,ex2a,hard_neg_isa_xtts,hard_negative,0.995,fpr,0.8500,60,,
2026-04-14T09:08:13Z,ex2a,hard_neg_isa_xtts,hard_negative,0.996,fpr,0.8500,60,,
2026-04-14T09:08:13Z,ex2a,hard_neg_isa_xtts,hard_negative,0.999,fpr,0.8333,60,,
2026-04-14T09:08:13Z,ex2a,hard_neg_canary,hard_negative,0.97,fpr,0.6000,5,,
2026-04-14T09:08:13Z,ex2a,hard_neg_canary,hard_negative,0.99,fpr,0.6000,5,,
2026-04-14T09:08:13Z,ex2a,hard_neg_canary,hard_negative,0.995,fpr,0.6000,5,,
2026-04-14T09:08:13Z,ex2a,hard_neg_canary,hard_negative,0.996,fpr,0.6000,5,,
2026-04-14T09:08:13Z,ex2a,hard_neg_canary,hard_negative,0.999,fpr,0.6000,5,,
2026-04-14T09:08:13Z,ex2a,faph_cv_et,ambient,0.97,faph,213.5745,2000,3.82,
2026-04-14T09:08:13Z,ex2a,faph_cv_et,ambient,0.99,faph,149.1881,2000,3.82,
2026-04-14T09:08:13Z,ex2a,faph_cv_et,ambient,0.995,faph,124.3234,2000,3.82,
2026-04-14T09:08:13Z,ex2a,faph_cv_et,ambient,0.996,faph,120.1357,2000,3.82,
2026-04-14T09:08:13Z,ex2a,faph_cv_et,ambient,0.999,faph,98.1501,2000,3.82,
2026-04-14T09:08:13Z,ex2a,faph_librispeech,ambient,0.97,faph,601.9531,2620,5.62,
2026-04-14T09:08:13Z,ex2a,faph_librispeech,ambient,0.99,faph,451.9985,2620,5.62,
2026-04-14T09:08:13Z,ex2a,faph_librispeech,ambient,0.995,faph,400.9463,2620,5.62,
2026-04-14T09:08:13Z,ex2a,faph_librispeech,ambient,0.996,faph,389.2061,2620,5.62,
2026-04-14T09:08:13Z,ex2a,faph_librispeech,ambient,0.999,faph,332.2838,2620,5.62,
2026-04-14T09:08:13Z,ex2a,faph_macbook_bg,ambient,0.97,faph,145.5815,14,1.17,
2026-04-14T09:08:13Z,ex2a,faph_macbook_bg,ambient,0.99,faph,100.1943,14,1.17,
2026-04-14T09:08:13Z,ex2a,faph_macbook_bg,ambient,0.995,faph,83.9235,14,1.17,
2026-04-14T09:08:13Z,ex2a,faph_macbook_bg,ambient,0.996,faph,77.9289,14,1.17,
2026-04-14T09:08:13Z,ex2a,faph_macbook_bg,ambient,0.999,faph,63.3708,14,1.17,
2026-04-14T09:08:13Z,ex2a,faph_dipco,ambient,0.97,faph,66.8207,6,3.32,
2026-04-14T09:08:13Z,ex2a,faph_dipco,ambient,0.99,faph,46.0521,6,3.32,
2026-04-14T09:08:13Z,ex2a,faph_dipco,ambient,0.995,faph,38.5272,6,3.32,
2026-04-14T09:08:13Z,ex2a,faph_dipco,ambient,0.996,faph,38.2262,6,3.32,
2026-04-14T09:08:13Z,ex2a,faph_dipco,ambient,0.999,faph,29.4974,6,3.32,
2026-04-14T09:08:13Z,ex3a,pos_isa_xtts,positive,0.97,recall,1.0000,48,,
2026-04-14T09:08:13Z,ex3a,pos_isa_xtts,positive,0.99,recall,1.0000,48,,
2026-04-14T09:08:13Z,ex3a,pos_isa_xtts,positive,0.995,recall,1.0000,48,,
2026-04-14T09:08:13Z,ex3a,pos_isa_xtts,positive,0.996,recall,1.0000,48,,
2026-04-14T09:08:13Z,ex3a,pos_isa_xtts,positive,0.999,recall,1.0000,48,,
2026-04-14T09:08:13Z,ex3a,pos_ode,positive,0.97,recall,0.7273,11,,
2026-04-14T09:08:13Z,ex3a,pos_ode,positive,0.99,recall,0.7273,11,,
2026-04-14T09:08:13Z,ex3a,pos_ode,positive,0.995,recall,0.7273,11,,
2026-04-14T09:08:13Z,ex3a,pos_ode,positive,0.996,recall,0.7273,11,,
2026-04-14T09:08:13Z,ex3a,pos_ode,positive,0.999,recall,0.7273,11,,
2026-04-14T09:08:13Z,ex3a,pos_mattias_short_n50,positive,0.97,recall,0.9200,50,,
2026-04-14T09:08:13Z,ex3a,pos_mattias_short_n50,positive,0.99,recall,0.9200,50,,
2026-04-14T09:08:13Z,ex3a,pos_mattias_short_n50,positive,0.995,recall,0.9200,50,,
2026-04-14T09:08:13Z,ex3a,pos_mattias_short_n50,positive,0.996,recall,0.9200,50,,
2026-04-14T09:08:13Z,ex3a,pos_mattias_short_n50,positive,0.999,recall,0.8000,50,,
2026-04-14T09:08:13Z,ex3a,hard_neg_mac_holdout,hard_negative,0.97,fpr,0.7333,15,,
2026-04-14T09:08:13Z,ex3a,hard_neg_mac_holdout,hard_negative,0.99,fpr,0.7333,15,,
2026-04-14T09:08:13Z,ex3a,hard_neg_mac_holdout,hard_negative,0.995,fpr,0.7333,15,,
2026-04-14T09:08:13Z,ex3a,hard_neg_mac_holdout,hard_negative,0.996,fpr,0.6667,15,,
2026-04-14T09:08:13Z,ex3a,hard_neg_mac_holdout,hard_negative,0.999,fpr,0.6667,15,,
2026-04-14T09:08:13Z,ex3a,hard_neg_isa_xtts,hard_negative,0.97,fpr,0.8667,60,,
2026-04-14T09:08:13Z,ex3a,hard_neg_isa_xtts,hard_negative,0.99,fpr,0.8500,60,,
2026-04-14T09:08:13Z,ex3a,hard_neg_isa_xtts,hard_negative,0.995,fpr,0.8500,60,,
2026-04-14T09:08:13Z,ex3a,hard_neg_isa_xtts,hard_negative,0.996,fpr,0.8500,60,,
2026-04-14T09:08:13Z,ex3a,hard_neg_isa_xtts,hard_negative,0.999,fpr,0.8500,60,,
2026-04-14T09:08:13Z,ex3a,hard_neg_canary,hard_negative,0.97,fpr,0.0000,5,,
2026-04-14T09:08:13Z,ex3a,hard_neg_canary,hard_negative,0.99,fpr,0.0000,5,,
2026-04-14T09:08:13Z,ex3a,hard_neg_canary,hard_negative,0.995,fpr,0.0000,5,,
2026-04-14T09:08:13Z,ex3a,hard_neg_canary,hard_negative,0.996,fpr,0.0000,5,,
2026-04-14T09:08:13Z,ex3a,hard_neg_canary,hard_negative,0.999,fpr,0.0000,5,,
2026-04-14T09:08:13Z,ex3a,faph_cv_et,ambient,0.97,faph,53.3936,2000,3.82,
2026-04-14T09:08:13Z,ex3a,faph_cv_et,ambient,0.99,faph,39.5218,2000,3.82,
2026-04-14T09:08:13Z,ex3a,faph_cv_et,ambient,0.995,faph,32.9784,2000,3.82,
2026-04-14T09:08:13Z,ex3a,faph_cv_et,ambient,0.996,faph,31.4080,2000,3.82,
2026-04-14T09:08:13Z,ex3a,faph_cv_et,ambient,0.999,faph,24.8647,2000,3.82,
2026-04-14T09:08:13Z,ex3a,faph_librispeech,ambient,0.97,faph,14.0527,2620,5.62,
2026-04-14T09:08:13Z,ex3a,faph_librispeech,ambient,0.99,faph,11.2066,2620,5.62,
2026-04-14T09:08:13Z,ex3a,faph_librispeech,ambient,0.995,faph,10.4950,2620,5.62,
2026-04-14T09:08:13Z,ex3a,faph_librispeech,ambient,0.996,faph,10.1393,2620,5.62,
2026-04-14T09:08:13Z,ex3a,faph_librispeech,ambient,0.999,faph,7.2932,2620,5.62,
2026-04-14T09:08:13Z,ex3a,faph_macbook_bg,ambient,0.97,faph,11.1327,14,1.17,
2026-04-14T09:08:13Z,ex3a,faph_macbook_bg,ambient,0.99,faph,7.7073,14,1.17,
2026-04-14T09:08:13Z,ex3a,faph_macbook_bg,ambient,0.995,faph,6.8509,14,1.17,
2026-04-14T09:08:13Z,ex3a,faph_macbook_bg,ambient,0.996,faph,6.8509,14,1.17,
2026-04-14T09:08:13Z,ex3a,faph_macbook_bg,ambient,0.999,faph,5.9945,14,1.17,
2026-04-14T09:08:13Z,ex3a,faph_dipco,ambient,0.97,faph,5.1169,6,3.32,
2026-04-14T09:08:13Z,ex3a,faph_dipco,ambient,0.99,faph,4.2139,6,3.32,
2026-04-14T09:08:13Z,ex3a,faph_dipco,ambient,0.995,faph,3.9129,6,3.32,
2026-04-14T09:08:13Z,ex3a,faph_dipco,ambient,0.996,faph,3.6119,6,3.32,
2026-04-14T09:08:13Z,ex3a,faph_dipco,ambient,0.999,faph,2.7089,6,3.32,
2026-04-14T09:08:13Z,ex3b,pos_isa_xtts,positive,0.97,recall,1.0000,48,,
2026-04-14T09:08:13Z,ex3b,pos_isa_xtts,positive,0.99,recall,1.0000,48,,
2026-04-14T09:08:13Z,ex3b,pos_isa_xtts,positive,0.995,recall,1.0000,48,,
2026-04-14T09:08:13Z,ex3b,pos_isa_xtts,positive,0.996,recall,1.0000,48,,
2026-04-14T09:08:13Z,ex3b,pos_isa_xtts,positive,0.999,recall,1.0000,48,,
2026-04-14T09:08:13Z,ex3b,pos_ode,positive,0.97,recall,0.6364,11,,
2026-04-14T09:08:13Z,ex3b,pos_ode,positive,0.99,recall,0.6364,11,,
2026-04-14T09:08:13Z,ex3b,pos_ode,positive,0.995,recall,0.6364,11,,
2026-04-14T09:08:13Z,ex3b,pos_ode,positive,0.996,recall,0.6364,11,,
2026-04-14T09:08:13Z,ex3b,pos_ode,positive,0.999,recall,0.6364,11,,
2026-04-14T09:08:13Z,ex3b,pos_mattias_short_n50,positive,0.97,recall,1.0000,50,,
2026-04-14T09:08:13Z,ex3b,pos_mattias_short_n50,positive,0.99,recall,0.9800,50,,
2026-04-14T09:08:13Z,ex3b,pos_mattias_short_n50,positive,0.995,recall,0.9800,50,,
2026-04-14T09:08:13Z,ex3b,pos_mattias_short_n50,positive,0.996,recall,0.9800,50,,
2026-04-14T09:08:13Z,ex3b,pos_mattias_short_n50,positive,0.999,recall,0.9800,50,,
2026-04-14T09:08:13Z,ex3b,hard_neg_mac_holdout,hard_negative,0.97,fpr,0.9333,15,,
2026-04-14T09:08:13Z,ex3b,hard_neg_mac_holdout,hard_negative,0.99,fpr,0.9333,15,,
2026-04-14T09:08:13Z,ex3b,hard_neg_mac_holdout,hard_negative,0.995,fpr,0.9333,15,,
2026-04-14T09:08:13Z,ex3b,hard_neg_mac_holdout,hard_negative,0.996,fpr,0.9333,15,,
2026-04-14T09:08:13Z,ex3b,hard_neg_mac_holdout,hard_negative,0.999,fpr,0.9333,15,,
2026-04-14T09:08:13Z,ex3b,hard_neg_isa_xtts,hard_negative,0.97,fpr,0.9833,60,,
2026-04-14T09:08:13Z,ex3b,hard_neg_isa_xtts,hard_negative,0.99,fpr,0.9833,60,,
2026-04-14T09:08:13Z,ex3b,hard_neg_isa_xtts,hard_negative,0.995,fpr,0.9833,60,,
2026-04-14T09:08:13Z,ex3b,hard_neg_isa_xtts,hard_negative,0.996,fpr,0.9833,60,,
2026-04-14T09:08:13Z,ex3b,hard_neg_isa_xtts,hard_negative,0.999,fpr,0.9833,60,,
2026-04-14T09:08:13Z,ex3b,hard_neg_canary,hard_negative,0.97,fpr,0.2000,5,,
2026-04-14T09:08:13Z,ex3b,hard_neg_canary,hard_negative,0.99,fpr,0.2000,5,,
2026-04-14T09:08:13Z,ex3b,hard_neg_canary,hard_negative,0.995,fpr,0.2000,5,,
2026-04-14T09:08:13Z,ex3b,hard_neg_canary,hard_negative,0.996,fpr,0.2000,5,,
2026-04-14T09:08:13Z,ex3b,hard_neg_canary,hard_negative,0.999,fpr,0.2000,5,,
2026-04-14T09:08:13Z,ex3b,faph_cv_et,ambient,0.97,faph,235.2984,2000,3.82,
2026-04-14T09:08:13Z,ex3b,faph_cv_et,ambient,0.99,faph,196.8236,2000,3.82,
2026-04-14T09:08:13Z,ex3b,faph_cv_et,ambient,0.995,faph,175.0997,2000,3.82,
2026-04-14T09:08:13Z,ex3b,faph_cv_et,ambient,0.996,faph,170.3885,2000,3.82,
2026-04-14T09:08:13Z,ex3b,faph_cv_et,ambient,0.999,faph,148.9263,2000,3.82,
2026-04-14T09:08:13Z,ex3b,faph_librispeech,ambient,0.97,faph,171.3005,2620,5.62,
2026-04-14T09:08:13Z,ex3b,faph_librispeech,ambient,0.99,faph,144.6182,2620,5.62,
2026-04-14T09:08:13Z,ex3b,faph_librispeech,ambient,0.995,faph,133.7674,2620,5.62,
2026-04-14T09:08:13Z,ex3b,faph_librispeech,ambient,0.996,faph,130.0318,2620,5.62,
2026-04-14T09:08:13Z,ex3b,faph_librispeech,ambient,0.999,faph,114.0224,2620,5.62,
2026-04-14T09:08:13Z,ex3b,faph_macbook_bg,ambient,0.97,faph,86.4926,14,1.17,
2026-04-14T09:08:13Z,ex3b,faph_macbook_bg,ambient,0.99,faph,74.5035,14,1.17,
2026-04-14T09:08:13Z,ex3b,faph_macbook_bg,ambient,0.995,faph,65.9399,14,1.17,
2026-04-14T09:08:13Z,ex3b,faph_macbook_bg,ambient,0.996,faph,65.0835,14,1.17,
2026-04-14T09:08:13Z,ex3b,faph_macbook_bg,ambient,0.999,faph,50.5254,14,1.17,
2026-04-14T09:08:13Z,ex3b,faph_dipco,ambient,0.97,faph,43.9451,6,3.32,
2026-04-14T09:08:13Z,ex3b,faph_dipco,ambient,0.99,faph,34.3133,6,3.32,
2026-04-14T09:08:13Z,ex3b,faph_dipco,ambient,0.995,faph,30.7014,6,3.32,
2026-04-14T09:08:13Z,ex3b,faph_dipco,ambient,0.996,faph,30.0994,6,3.32,
2026-04-14T09:08:13Z,ex3b,faph_dipco,ambient,0.999,faph,24.9825,6,3.32,
2026-04-14T09:08:13Z,expert-a,pos_isa_xtts,positive,0.97,recall,1.0000,48,,
2026-04-14T09:08:13Z,expert-a,pos_isa_xtts,positive,0.99,recall,1.0000,48,,
2026-04-14T09:08:13Z,expert-a,pos_isa_xtts,positive,0.995,recall,1.0000,48,,
2026-04-14T09:08:13Z,expert-a,pos_isa_xtts,positive,0.996,recall,1.0000,48,,
2026-04-14T09:08:13Z,expert-a,pos_isa_xtts,positive,0.999,recall,1.0000,48,,
2026-04-14T09:08:13Z,expert-a,pos_ode,positive,0.97,recall,0.9091,11,,
2026-04-14T09:08:13Z,expert-a,pos_ode,positive,0.99,recall,0.9091,11,,
2026-04-14T09:08:13Z,expert-a,pos_ode,positive,0.995,recall,0.8182,11,,
2026-04-14T09:08:13Z,expert-a,pos_ode,positive,0.996,recall,0.8182,11,,
2026-04-14T09:08:13Z,expert-a,pos_ode,positive,0.999,recall,0.8182,11,,
2026-04-14T09:08:13Z,expert-a,pos_mattias_short_n50,positive,0.97,recall,1.0000,50,,
2026-04-14T09:08:13Z,expert-a,pos_mattias_short_n50,positive,0.99,recall,1.0000,50,,
2026-04-14T09:08:13Z,expert-a,pos_mattias_short_n50,positive,0.995,recall,1.0000,50,,
2026-04-14T09:08:13Z,expert-a,pos_mattias_short_n50,positive,0.996,recall,1.0000,50,,
2026-04-14T09:08:13Z,expert-a,pos_mattias_short_n50,positive,0.999,recall,1.0000,50,,
2026-04-14T09:08:13Z,expert-a,hard_neg_mac_holdout,hard_negative,0.97,fpr,0.9333,15,,
2026-04-14T09:08:13Z,expert-a,hard_neg_mac_holdout,hard_negative,0.99,fpr,0.9333,15,,
2026-04-14T09:08:13Z,expert-a,hard_neg_mac_holdout,hard_negative,0.995,fpr,0.8667,15,,
2026-04-14T09:08:13Z,expert-a,hard_neg_mac_holdout,hard_negative,0.996,fpr,0.8667,15,,
2026-04-14T09:08:13Z,expert-a,hard_neg_mac_holdout,hard_negative,0.999,fpr,0.8000,15,,
2026-04-14T09:08:13Z,expert-a,hard_neg_isa_xtts,hard_negative,0.97,fpr,0.7667,60,,
2026-04-14T09:08:13Z,expert-a,hard_neg_isa_xtts,hard_negative,0.99,fpr,0.7500,60,,
2026-04-14T09:08:13Z,expert-a,hard_neg_isa_xtts,hard_negative,0.995,fpr,0.7333,60,,
2026-04-14T09:08:13Z,expert-a,hard_neg_isa_xtts,hard_negative,0.996,fpr,0.7333,60,,
2026-04-14T09:08:13Z,expert-a,hard_neg_isa_xtts,hard_negative,0.999,fpr,0.7333,60,,
2026-04-14T09:08:13Z,expert-a,hard_neg_canary,hard_negative,0.97,fpr,0.4000,5,,
2026-04-14T09:08:13Z,expert-a,hard_neg_canary,hard_negative,0.99,fpr,0.4000,5,,
2026-04-14T09:08:13Z,expert-a,hard_neg_canary,hard_negative,0.995,fpr,0.4000,5,,
2026-04-14T09:08:13Z,expert-a,hard_neg_canary,hard_negative,0.996,fpr,0.4000,5,,
2026-04-14T09:08:13Z,expert-a,hard_neg_canary,hard_negative,0.999,fpr,0.4000,5,,
2026-04-14T09:08:13Z,expert-a,faph_cv_et,ambient,0.97,faph,41.8774,2000,3.82,
2026-04-14T09:08:13Z,expert-a,faph_cv_et,ambient,0.99,faph,34.2871,2000,3.82,
2026-04-14T09:08:13Z,expert-a,faph_cv_et,ambient,0.995,faph,32.9784,2000,3.82,
2026-04-14T09:08:13Z,expert-a,faph_cv_et,ambient,0.996,faph,32.9784,2000,3.82,
2026-04-14T09:08:13Z,expert-a,faph_cv_et,ambient,0.999,faph,25.9116,2000,3.82,
2026-04-14T09:08:13Z,expert-a,faph_librispeech,ambient,0.97,faph,3.3798,2620,5.62,
2026-04-14T09:08:13Z,expert-a,faph_librispeech,ambient,0.99,faph,2.6682,2620,5.62,
2026-04-14T09:08:13Z,expert-a,faph_librispeech,ambient,0.995,faph,2.6682,2620,5.62,
2026-04-14T09:08:13Z,expert-a,faph_librispeech,ambient,0.996,faph,2.6682,2620,5.62,
2026-04-14T09:08:13Z,expert-a,faph_librispeech,ambient,0.999,faph,1.9567,2620,5.62,
2026-04-14T09:08:13Z,expert-a,faph_macbook_bg,ambient,0.97,faph,12.8454,14,1.17,
2026-04-14T09:08:13Z,expert-a,faph_macbook_bg,ambient,0.99,faph,11.9891,14,1.17,
2026-04-14T09:08:13Z,expert-a,faph_macbook_bg,ambient,0.995,faph,11.9891,14,1.17,
2026-04-14T09:08:13Z,expert-a,faph_macbook_bg,ambient,0.996,faph,11.9891,14,1.17,
2026-04-14T09:08:13Z,expert-a,faph_macbook_bg,ambient,0.999,faph,8.5636,14,1.17,
2026-04-14T09:08:13Z,expert-a,faph_dipco,ambient,0.97,faph,3.0099,6,3.32,
2026-04-14T09:08:13Z,expert-a,faph_dipco,ambient,0.99,faph,2.1070,6,3.32,
2026-04-14T09:08:13Z,expert-a,faph_dipco,ambient,0.995,faph,2.1070,6,3.32,
2026-04-14T09:08:13Z,expert-a,faph_dipco,ambient,0.996,faph,2.1070,6,3.32,
2026-04-14T09:08:13Z,expert-a,faph_dipco,ambient,0.999,faph,1.5050,6,3.32,
2026-04-14T09:08:13Z,expert-b,pos_isa_xtts,positive,0.97,recall,1.0000,48,,
2026-04-14T09:08:13Z,expert-b,pos_isa_xtts,positive,0.99,recall,1.0000,48,,
2026-04-14T09:08:13Z,expert-b,pos_isa_xtts,positive,0.995,recall,1.0000,48,,
2026-04-14T09:08:13Z,expert-b,pos_isa_xtts,positive,0.996,recall,1.0000,48,,
2026-04-14T09:08:13Z,expert-b,pos_isa_xtts,positive,0.999,recall,1.0000,48,,
2026-04-14T09:08:13Z,expert-b,pos_ode,positive,0.97,recall,1.0000,11,,
2026-04-14T09:08:13Z,expert-b,pos_ode,positive,0.99,recall,1.0000,11,,
2026-04-14T09:08:13Z,expert-b,pos_ode,positive,0.995,recall,1.0000,11,,
2026-04-14T09:08:13Z,expert-b,pos_ode,positive,0.996,recall,1.0000,11,,
2026-04-14T09:08:13Z,expert-b,pos_ode,positive,0.999,recall,1.0000,11,,
2026-04-14T09:08:13Z,expert-b,pos_mattias_short_n50,positive,0.97,recall,0.9800,50,,
2026-04-14T09:08:13Z,expert-b,pos_mattias_short_n50,positive,0.99,recall,0.9800,50,,
2026-04-14T09:08:13Z,expert-b,pos_mattias_short_n50,positive,0.995,recall,0.9800,50,,
2026-04-14T09:08:13Z,expert-b,pos_mattias_short_n50,positive,0.996,recall,0.9800,50,,
2026-04-14T09:08:13Z,expert-b,pos_mattias_short_n50,positive,0.999,recall,0.9400,50,,
2026-04-14T09:08:13Z,expert-b,hard_neg_mac_holdout,hard_negative,0.97,fpr,1.0000,15,,
2026-04-14T09:08:13Z,expert-b,hard_neg_mac_holdout,hard_negative,0.99,fpr,1.0000,15,,
2026-04-14T09:08:13Z,expert-b,hard_neg_mac_holdout,hard_negative,0.995,fpr,1.0000,15,,
2026-04-14T09:08:13Z,expert-b,hard_neg_mac_holdout,hard_negative,0.996,fpr,1.0000,15,,
2026-04-14T09:08:13Z,expert-b,hard_neg_mac_holdout,hard_negative,0.999,fpr,1.0000,15,,
2026-04-14T09:08:13Z,expert-b,hard_neg_isa_xtts,hard_negative,0.97,fpr,0.9667,60,,
2026-04-14T09:08:13Z,expert-b,hard_neg_isa_xtts,hard_negative,0.99,fpr,0.9500,60,,
2026-04-14T09:08:13Z,expert-b,hard_neg_isa_xtts,hard_negative,0.995,fpr,0.8167,60,,
2026-04-14T09:08:13Z,expert-b,hard_neg_isa_xtts,hard_negative,0.996,fpr,0.8167,60,,
2026-04-14T09:08:13Z,expert-b,hard_neg_isa_xtts,hard_negative,0.999,fpr,0.8167,60,,
2026-04-14T09:08:13Z,expert-b,hard_neg_canary,hard_negative,0.97,fpr,1.0000,5,,
2026-04-14T09:08:13Z,expert-b,hard_neg_canary,hard_negative,0.99,fpr,0.8000,5,,
2026-04-14T09:08:13Z,expert-b,hard_neg_canary,hard_negative,0.995,fpr,0.8000,5,,
2026-04-14T09:08:13Z,expert-b,hard_neg_canary,hard_negative,0.996,fpr,0.8000,5,,
2026-04-14T09:08:13Z,expert-b,hard_neg_canary,hard_negative,0.999,fpr,0.8000,5,,
2026-04-14T09:08:13Z,expert-b,faph_cv_et,ambient,0.97,faph,9507.7302,2000,3.82,
2026-04-14T09:08:13Z,expert-b,faph_cv_et,ambient,0.99,faph,9005.4637,2000,3.82,
2026-04-14T09:08:13Z,expert-b,faph_cv_et,ambient,0.995,faph,8766.7628,2000,3.82,
2026-04-14T09:08:13Z,expert-b,faph_cv_et,ambient,0.996,faph,8721.7446,2000,3.82,
2026-04-14T09:08:13Z,expert-b,faph_cv_et,ambient,0.999,faph,8395.1012,2000,3.82,
2026-04-14T09:08:13Z,expert-b,faph_librispeech,ambient,0.97,faph,9873.5258,2620,5.62,
2026-04-14T09:08:13Z,expert-b,faph_librispeech,ambient,0.99,faph,9330.6295,2620,5.62,
2026-04-14T09:08:13Z,expert-b,faph_librispeech,ambient,0.995,faph,9054.2007,2620,5.62,
2026-04-14T09:08:13Z,expert-b,faph_librispeech,ambient,0.996,faph,8997.8120,2620,5.62,
2026-04-14T09:08:13Z,expert-b,faph_librispeech,ambient,0.999,faph,8633.6873,2620,5.62,
2026-04-14T09:08:13Z,expert-b,faph_macbook_bg,ambient,0.97,faph,2185.4357,14,1.17,
2026-04-14T09:08:13Z,expert-b,faph_macbook_bg,ambient,0.99,faph,1848.8854,14,1.17,
2026-04-14T09:08:13Z,expert-b,faph_macbook_bg,ambient,0.995,faph,1712.7239,14,1.17,
2026-04-14T09:08:13Z,expert-b,faph_macbook_bg,ambient,0.996,faph,1685.3203,14,1.17,
2026-04-14T09:08:13Z,expert-b,faph_macbook_bg,ambient,0.999,faph,1508.0534,14,1.17,
2026-04-14T09:08:13Z,expert-b,faph_dipco,ambient,0.97,faph,3131.8429,6,3.32,
2026-04-14T09:08:13Z,expert-b,faph_dipco,ambient,0.99,faph,2635.8047,6,3.32,
2026-04-14T09:08:13Z,expert-b,faph_dipco,ambient,0.995,faph,2433.8377,6,3.32,
2026-04-14T09:08:13Z,expert-b,faph_dipco,ambient,0.996,faph,2391.0966,6,3.32,
2026-04-14T09:08:13Z,expert-b,faph_dipco,ambient,0.999,faph,2137.9606,6,3.32,
2026-04-14T09:08:13Z,expert-b2,pos_isa_xtts,positive,0.97,recall,0.4792,48,,
2026-04-14T09:08:13Z,expert-b2,pos_isa_xtts,positive,0.99,recall,0.3542,48,,
2026-04-14T09:08:13Z,expert-b2,pos_isa_xtts,positive,0.995,recall,0.3333,48,,
2026-04-14T09:08:13Z,expert-b2,pos_isa_xtts,positive,0.996,recall,0.3333,48,,
2026-04-14T09:08:13Z,expert-b2,pos_isa_xtts,positive,0.999,recall,0.2917,48,,
2026-04-14T09:08:13Z,expert-b2,pos_ode,positive,0.97,recall,0.8182,11,,
2026-04-14T09:08:13Z,expert-b2,pos_ode,positive,0.99,recall,0.7273,11,,
2026-04-14T09:08:13Z,expert-b2,pos_ode,positive,0.995,recall,0.6364,11,,
2026-04-14T09:08:13Z,expert-b2,pos_ode,positive,0.996,recall,0.6364,11,,
2026-04-14T09:08:13Z,expert-b2,pos_ode,positive,0.999,recall,0.4545,11,,
2026-04-14T09:08:13Z,expert-b2,pos_mattias_short_n50,positive,0.97,recall,0.9600,50,,
2026-04-14T09:08:13Z,expert-b2,pos_mattias_short_n50,positive,0.99,recall,0.9000,50,,
2026-04-14T09:08:13Z,expert-b2,pos_mattias_short_n50,positive,0.995,recall,0.9000,50,,
2026-04-14T09:08:13Z,expert-b2,pos_mattias_short_n50,positive,0.996,recall,0.9000,50,,
2026-04-14T09:08:13Z,expert-b2,pos_mattias_short_n50,positive,0.999,recall,0.8800,50,,
2026-04-14T09:08:13Z,expert-b2,hard_neg_mac_holdout,hard_negative,0.97,fpr,0.2667,15,,
2026-04-14T09:08:13Z,expert-b2,hard_neg_mac_holdout,hard_negative,0.99,fpr,0.2000,15,,
2026-04-14T09:08:13Z,expert-b2,hard_neg_mac_holdout,hard_negative,0.995,fpr,0.1333,15,,
2026-04-14T09:08:13Z,expert-b2,hard_neg_mac_holdout,hard_negative,0.996,fpr,0.1333,15,,
2026-04-14T09:08:13Z,expert-b2,hard_neg_mac_holdout,hard_negative,0.999,fpr,0.1333,15,,
2026-04-14T09:08:13Z,expert-b2,hard_neg_isa_xtts,hard_negative,0.97,fpr,0.2333,60,,
2026-04-14T09:08:13Z,expert-b2,hard_neg_isa_xtts,hard_negative,0.99,fpr,0.1667,60,,
2026-04-14T09:08:13Z,expert-b2,hard_neg_isa_xtts,hard_negative,0.995,fpr,0.1500,60,,
2026-04-14T09:08:13Z,expert-b2,hard_neg_isa_xtts,hard_negative,0.996,fpr,0.1333,60,,
2026-04-14T09:08:13Z,expert-b2,hard_neg_isa_xtts,hard_negative,0.999,fpr,0.1000,60,,
2026-04-14T09:08:13Z,expert-b2,hard_neg_canary,hard_negative,0.97,fpr,0.0000,5,,
2026-04-14T09:08:13Z,expert-b2,hard_neg_canary,hard_negative,0.99,fpr,0.0000,5,,
2026-04-14T09:08:13Z,expert-b2,hard_neg_canary,hard_negative,0.995,fpr,0.0000,5,,
2026-04-14T09:08:13Z,expert-b2,hard_neg_canary,hard_negative,0.996,fpr,0.0000,5,,
2026-04-14T09:08:13Z,expert-b2,hard_neg_canary,hard_negative,0.999,fpr,0.0000,5,,
2026-04-14T09:08:13Z,expert-b2,faph_cv_et,ambient,0.97,faph,124.0617,2000,3.82,
2026-04-14T09:08:13Z,expert-b2,faph_cv_et,ambient,0.99,faph,77.7348,2000,3.82,
2026-04-14T09:08:13Z,expert-b2,faph_cv_et,ambient,0.995,faph,63.0778,2000,3.82,
2026-04-14T09:08:13Z,expert-b2,faph_cv_et,ambient,0.996,faph,59.4135,2000,3.82,
2026-04-14T09:08:13Z,expert-b2,faph_cv_et,ambient,0.999,faph,46.5886,2000,3.82,
2026-04-14T09:08:13Z,expert-b2,faph_librispeech,ambient,0.97,faph,254.5493,2620,5.62,
2026-04-14T09:08:13Z,expert-b2,faph_librispeech,ambient,0.99,faph,168.6323,2620,5.62,
2026-04-14T09:08:13Z,expert-b2,faph_librispeech,ambient,0.995,faph,142.6615,2620,5.62,
2026-04-14T09:08:13Z,expert-b2,faph_librispeech,ambient,0.996,faph,137.8587,2620,5.62,
2026-04-14T09:08:13Z,expert-b2,faph_librispeech,ambient,0.999,faph,110.2869,2620,5.62,
2026-04-14T09:08:13Z,expert-b2,faph_macbook_bg,ambient,0.97,faph,75.3599,14,1.17,
2026-04-14T09:08:13Z,expert-b2,faph_macbook_bg,ambient,0.99,faph,45.3872,14,1.17,
2026-04-14T09:08:13Z,expert-b2,faph_macbook_bg,ambient,0.995,faph,35.9672,14,1.17,
2026-04-14T09:08:13Z,expert-b2,faph_macbook_bg,ambient,0.996,faph,34.2545,14,1.17,
2026-04-14T09:08:13Z,expert-b2,faph_macbook_bg,ambient,0.999,faph,28.2599,14,1.17,
2026-04-14T09:08:13Z,expert-b2,faph_dipco,ambient,0.97,faph,109.8628,6,3.32,
2026-04-14T09:08:13Z,expert-b2,faph_dipco,ambient,0.99,faph,74.0445,6,3.32,
2026-04-14T09:08:13Z,expert-b2,faph_dipco,ambient,0.995,faph,62.3058,6,3.32,
2026-04-14T09:08:13Z,expert-b2,faph_dipco,ambient,0.996,faph,58.9948,6,3.32,
2026-04-14T09:08:13Z,expert-b2,faph_dipco,ambient,0.999,faph,46.3531,6,3.32,
2026-04-14T09:08:13Z,v1,pos_isa_xtts,positive,0.97,recall,0.7708,48,,
2026-04-14T09:08:13Z,v1,pos_isa_xtts,positive,0.99,recall,0.6667,48,,
2026-04-14T09:08:13Z,v1,pos_isa_xtts,positive,0.995,recall,0.6667,48,,
2026-04-14T09:08:13Z,v1,pos_isa_xtts,positive,0.996,recall,0.6667,48,,
2026-04-14T09:08:13Z,v1,pos_isa_xtts,positive,0.999,recall,0.5833,48,,
2026-04-14T09:08:13Z,v1,pos_ode,positive,0.97,recall,0.6364,11,,
2026-04-14T09:08:13Z,v1,pos_ode,positive,0.99,recall,0.6364,11,,
2026-04-14T09:08:13Z,v1,pos_ode,positive,0.995,recall,0.6364,11,,
2026-04-14T09:08:13Z,v1,pos_ode,positive,0.996,recall,0.6364,11,,
2026-04-14T09:08:13Z,v1,pos_ode,positive,0.999,recall,0.6364,11,,
2026-04-14T09:08:13Z,v1,pos_mattias_short_n50,positive,0.97,recall,1.0000,50,,
2026-04-14T09:08:13Z,v1,pos_mattias_short_n50,positive,0.99,recall,1.0000,50,,
2026-04-14T09:08:13Z,v1,pos_mattias_short_n50,positive,0.995,recall,1.0000,50,,
2026-04-14T09:08:13Z,v1,pos_mattias_short_n50,positive,0.996,recall,1.0000,50,,
2026-04-14T09:08:13Z,v1,pos_mattias_short_n50,positive,0.999,recall,1.0000,50,,
2026-04-14T09:08:13Z,v1,hard_neg_mac_holdout,hard_negative,0.97,fpr,0.3333,15,,
2026-04-14T09:08:13Z,v1,hard_neg_mac_holdout,hard_negative,0.99,fpr,0.3333,15,,
2026-04-14T09:08:13Z,v1,hard_neg_mac_holdout,hard_negative,0.995,fpr,0.3333,15,,
2026-04-14T09:08:13Z,v1,hard_neg_mac_holdout,hard_negative,0.996,fpr,0.2667,15,,
2026-04-14T09:08:13Z,v1,hard_neg_mac_holdout,hard_negative,0.999,fpr,0.2000,15,,
2026-04-14T09:08:13Z,v1,hard_neg_isa_xtts,hard_negative,0.97,fpr,0.8000,60,,
2026-04-14T09:08:13Z,v1,hard_neg_isa_xtts,hard_negative,0.99,fpr,0.7500,60,,
2026-04-14T09:08:13Z,v1,hard_neg_isa_xtts,hard_negative,0.995,fpr,0.7167,60,,
2026-04-14T09:08:13Z,v1,hard_neg_isa_xtts,hard_negative,0.996,fpr,0.7000,60,,
2026-04-14T09:08:13Z,v1,hard_neg_isa_xtts,hard_negative,0.999,fpr,0.6833,60,,
2026-04-14T09:08:13Z,v1,hard_neg_canary,hard_negative,0.97,fpr,1.0000,5,,
2026-04-14T09:08:13Z,v1,hard_neg_canary,hard_negative,0.99,fpr,1.0000,5,,
2026-04-14T09:08:13Z,v1,hard_neg_canary,hard_negative,0.995,fpr,1.0000,5,,
2026-04-14T09:08:13Z,v1,hard_neg_canary,hard_negative,0.996,fpr,1.0000,5,,
2026-04-14T09:08:13Z,v1,hard_neg_canary,hard_negative,0.999,fpr,1.0000,5,,
2026-04-14T09:08:13Z,v1,faph_cv_et,ambient,0.97,faph,423.7465,2000,3.82,
2026-04-14T09:08:13Z,v1,faph_cv_et,ambient,0.99,faph,365.9034,2000,3.82,
2026-04-14T09:08:13Z,v1,faph_cv_et,ambient,0.995,faph,343.1326,2000,3.82,
2026-04-14T09:08:13Z,v1,faph_cv_et,ambient,0.996,faph,337.1127,2000,3.82,
2026-04-14T09:08:13Z,v1,faph_cv_et,ambient,0.999,faph,306.7516,2000,3.82,
2026-04-14T09:08:13Z,v1,faph_librispeech,ambient,0.97,faph,160.6276,2620,5.62,
2026-04-14T09:08:13Z,v1,faph_librispeech,ambient,0.99,faph,135.7241,2620,5.62,
2026-04-14T09:08:13Z,v1,faph_librispeech,ambient,0.995,faph,125.0511,2620,5.62,
2026-04-14T09:08:13Z,v1,faph_librispeech,ambient,0.996,faph,121.4935,2620,5.62,
2026-04-14T09:08:13Z,v1,faph_librispeech,ambient,0.999,faph,106.0178,2620,5.62,
2026-04-14T09:08:13Z,v1,faph_macbook_bg,ambient,0.97,faph,2999.8359,14,1.17,
2026-04-14T09:08:13Z,v1,faph_macbook_bg,ambient,0.99,faph,2663.2856,14,1.17,
2026-04-14T09:08:13Z,v1,faph_macbook_bg,ambient,0.995,faph,2486.0187,14,1.17,
2026-04-14T09:08:13Z,v1,faph_macbook_bg,ambient,0.996,faph,2444.9133,14,1.17,
2026-04-14T09:08:13Z,v1,faph_macbook_bg,ambient,0.999,faph,2266.7900,14,1.17,
2026-04-14T09:08:13Z,v1,faph_dipco,ambient,0.97,faph,707.6370,6,3.32,
2026-04-14T09:08:13Z,v1,faph_dipco,ambient,0.99,faph,588.4433,6,3.32,
2026-04-14T09:08:13Z,v1,faph_dipco,ambient,0.995,faph,537.8763,6,3.32,
2026-04-14T09:08:13Z,v1,faph_dipco,ambient,0.996,faph,525.8366,6,3.32,
2026-04-14T09:08:13Z,v1,faph_dipco,ambient,0.999,faph,471.9586,6,3.32,
2026-04-14T09:08:13Z,v10,pos_isa_xtts,positive,0.97,recall,0.8750,48,,
2026-04-14T09:08:13Z,v10,pos_isa_xtts,positive,0.99,recall,0.6875,48,,
2026-04-14T09:08:13Z,v10,pos_isa_xtts,positive,0.995,recall,0.6458,48,,
2026-04-14T09:08:13Z,v10,pos_isa_xtts,positive,0.996,recall,0.6250,48,,
2026-04-14T09:08:13Z,v10,pos_isa_xtts,positive,0.999,recall,0.5625,48,,
2026-04-14T09:08:13Z,v10,pos_ode,positive,0.97,recall,0.7273,11,,
2026-04-14T09:08:13Z,v10,pos_ode,positive,0.99,recall,0.7273,11,,
2026-04-14T09:08:13Z,v10,pos_ode,positive,0.995,recall,0.6364,11,,
2026-04-14T09:08:13Z,v10,pos_ode,positive,0.996,recall,0.6364,11,,
2026-04-14T09:08:13Z,v10,pos_ode,positive,0.999,recall,0.6364,11,,
2026-04-14T09:08:13Z,v10,pos_mattias_short_n50,positive,0.97,recall,1.0000,50,,
2026-04-14T09:08:13Z,v10,pos_mattias_short_n50,positive,0.99,recall,0.9600,50,,
2026-04-14T09:08:13Z,v10,pos_mattias_short_n50,positive,0.995,recall,0.9600,50,,
2026-04-14T09:08:13Z,v10,pos_mattias_short_n50,positive,0.996,recall,0.9400,50,,
2026-04-14T09:08:13Z,v10,pos_mattias_short_n50,positive,0.999,recall,0.9400,50,,
2026-04-14T09:08:13Z,v10,hard_neg_mac_holdout,hard_negative,0.97,fpr,0.6000,15,,
2026-04-14T09:08:13Z,v10,hard_neg_mac_holdout,hard_negative,0.99,fpr,0.5333,15,,
2026-04-14T09:08:13Z,v10,hard_neg_mac_holdout,hard_negative,0.995,fpr,0.4667,15,,
2026-04-14T09:08:13Z,v10,hard_neg_mac_holdout,hard_negative,0.996,fpr,0.4667,15,,
2026-04-14T09:08:13Z,v10,hard_neg_mac_holdout,hard_negative,0.999,fpr,0.4667,15,,
2026-04-14T09:08:13Z,v10,hard_neg_isa_xtts,hard_negative,0.97,fpr,0.3000,60,,
2026-04-14T09:08:13Z,v10,hard_neg_isa_xtts,hard_negative,0.99,fpr,0.1667,60,,
2026-04-14T09:08:13Z,v10,hard_neg_isa_xtts,hard_negative,0.995,fpr,0.1000,60,,
2026-04-14T09:08:13Z,v10,hard_neg_isa_xtts,hard_negative,0.996,fpr,0.1000,60,,
2026-04-14T09:08:13Z,v10,hard_neg_isa_xtts,hard_negative,0.999,fpr,0.0833,60,,
2026-04-14T09:08:13Z,v10,hard_neg_canary,hard_negative,0.97,fpr,0.8000,5,,
2026-04-14T09:08:13Z,v10,hard_neg_canary,hard_negative,0.99,fpr,0.2000,5,,
2026-04-14T09:08:13Z,v10,hard_neg_canary,hard_negative,0.995,fpr,0.2000,5,,
2026-04-14T09:08:13Z,v10,hard_neg_canary,hard_negative,0.996,fpr,0.0000,5,,
2026-04-14T09:08:13Z,v10,hard_neg_canary,hard_negative,0.999,fpr,0.0000,5,,
2026-04-14T09:08:13Z,v10,faph_cv_et,ambient,0.97,faph,54.4406,2000,3.82,
2026-04-14T09:08:13Z,v10,faph_cv_et,ambient,0.99,faph,33.2402,2000,3.82,
2026-04-14T09:08:13Z,v10,faph_cv_et,ambient,0.995,faph,22.7708,2000,3.82,
2026-04-14T09:08:13Z,v10,faph_cv_et,ambient,0.996,faph,20.9387,2000,3.82,
2026-04-14T09:08:13Z,v10,faph_cv_et,ambient,0.999,faph,14.1336,2000,3.82,
2026-04-14T09:08:13Z,v10,faph_librispeech,ambient,0.97,faph,54.0762,2620,5.62,
2026-04-14T09:08:13Z,v10,faph_librispeech,ambient,0.99,faph,36.6437,2620,5.62,
2026-04-14T09:08:13Z,v10,faph_librispeech,ambient,0.995,faph,30.0621,2620,5.62,
2026-04-14T09:08:13Z,v10,faph_librispeech,ambient,0.996,faph,28.4611,2620,5.62,
2026-04-14T09:08:13Z,v10,faph_librispeech,ambient,0.999,faph,19.7449,2620,5.62,
2026-04-14T09:08:13Z,v10,faph_macbook_bg,ambient,0.97,faph,11.1327,14,1.17,
2026-04-14T09:08:13Z,v10,faph_macbook_bg,ambient,0.99,faph,5.1382,14,1.17,
2026-04-14T09:08:13Z,v10,faph_macbook_bg,ambient,0.995,faph,4.2818,14,1.17,
2026-04-14T09:08:13Z,v10,faph_macbook_bg,ambient,0.996,faph,4.2818,14,1.17,
2026-04-14T09:08:13Z,v10,faph_macbook_bg,ambient,0.999,faph,4.2818,14,1.17,
2026-04-14T09:08:13Z,v10,faph_dipco,ambient,0.97,faph,11.7388,6,3.32,
2026-04-14T09:08:13Z,v10,faph_dipco,ambient,0.99,faph,6.9229,6,3.32,
2026-04-14T09:08:13Z,v10,faph_dipco,ambient,0.995,faph,6.0199,6,3.32,
2026-04-14T09:08:13Z,v10,faph_dipco,ambient,0.996,faph,5.7189,6,3.32,
2026-04-14T09:08:13Z,v10,faph_dipco,ambient,0.999,faph,3.3109,6,3.32,
2026-04-14T09:08:13Z,v11,pos_isa_xtts,positive,0.97,recall,1.0000,48,,
2026-04-14T09:08:13Z,v11,pos_isa_xtts,positive,0.99,recall,1.0000,48,,
2026-04-14T09:08:13Z,v11,pos_isa_xtts,positive,0.995,recall,1.0000,48,,
2026-04-14T09:08:13Z,v11,pos_isa_xtts,positive,0.996,recall,1.0000,48,,
2026-04-14T09:08:13Z,v11,pos_isa_xtts,positive,0.999,recall,1.0000,48,,
2026-04-14T09:08:13Z,v11,pos_ode,positive,0.97,recall,0.7273,11,,
2026-04-14T09:08:13Z,v11,pos_ode,positive,0.99,recall,0.5455,11,,
2026-04-14T09:08:13Z,v11,pos_ode,positive,0.995,recall,0.5455,11,,
2026-04-14T09:08:13Z,v11,pos_ode,positive,0.996,recall,0.5455,11,,
2026-04-14T09:08:13Z,v11,pos_ode,positive,0.999,recall,0.5455,11,,
2026-04-14T09:08:13Z,v11,pos_mattias_short_n50,positive,0.97,recall,0.9800,50,,
2026-04-14T09:08:13Z,v11,pos_mattias_short_n50,positive,0.99,recall,0.9800,50,,
2026-04-14T09:08:13Z,v11,pos_mattias_short_n50,positive,0.995,recall,0.9800,50,,
2026-04-14T09:08:13Z,v11,pos_mattias_short_n50,positive,0.996,recall,0.9800,50,,
2026-04-14T09:08:13Z,v11,pos_mattias_short_n50,positive,0.999,recall,0.9400,50,,
2026-04-14T09:08:13Z,v11,hard_neg_mac_holdout,hard_negative,0.97,fpr,0.8667,15,,
2026-04-14T09:08:13Z,v11,hard_neg_mac_holdout,hard_negative,0.99,fpr,0.8667,15,,
2026-04-14T09:08:13Z,v11,hard_neg_mac_holdout,hard_negative,0.995,fpr,0.8667,15,,
2026-04-14T09:08:13Z,v11,hard_neg_mac_holdout,hard_negative,0.996,fpr,0.8667,15,,
2026-04-14T09:08:13Z,v11,hard_neg_mac_holdout,hard_negative,0.999,fpr,0.8667,15,,
2026-04-14T09:08:13Z,v11,hard_neg_isa_xtts,hard_negative,0.97,fpr,0.9833,60,,
2026-04-14T09:08:13Z,v11,hard_neg_isa_xtts,hard_negative,0.99,fpr,0.9833,60,,
2026-04-14T09:08:13Z,v11,hard_neg_isa_xtts,hard_negative,0.995,fpr,0.9833,60,,
2026-04-14T09:08:13Z,v11,hard_neg_isa_xtts,hard_negative,0.996,fpr,0.9833,60,,
2026-04-14T09:08:13Z,v11,hard_neg_isa_xtts,hard_negative,0.999,fpr,0.9667,60,,
2026-04-14T09:08:13Z,v11,hard_neg_canary,hard_negative,0.97,fpr,0.4000,5,,
2026-04-14T09:08:13Z,v11,hard_neg_canary,hard_negative,0.99,fpr,0.2000,5,,
2026-04-14T09:08:13Z,v11,hard_neg_canary,hard_negative,0.995,fpr,0.2000,5,,
2026-04-14T09:08:13Z,v11,hard_neg_canary,hard_negative,0.996,fpr,0.2000,5,,
2026-04-14T09:08:13Z,v11,hard_neg_canary,hard_negative,0.999,fpr,0.0000,5,,
2026-04-14T09:08:13Z,v11,faph_cv_et,ambient,0.97,faph,147.6177,2000,3.82,
2026-04-14T09:08:13Z,v11,faph_cv_et,ambient,0.99,faph,97.3649,2000,3.82,
2026-04-14T09:08:13Z,v11,faph_cv_et,ambient,0.995,faph,79.0435,2000,3.82,
2026-04-14T09:08:13Z,v11,faph_cv_et,ambient,0.996,faph,75.9027,2000,3.82,
2026-04-14T09:08:13Z,v11,faph_cv_et,ambient,0.999,faph,60.7222,2000,3.82,
2026-04-14T09:08:13Z,v11,faph_librispeech,ambient,0.97,faph,186.5984,2620,5.62,
2026-04-14T09:08:13Z,v11,faph_librispeech,ambient,0.99,faph,139.4596,2620,5.62,
2026-04-14T09:08:13Z,v11,faph_librispeech,ambient,0.995,faph,119.1810,2620,5.62,
2026-04-14T09:08:13Z,v11,faph_librispeech,ambient,0.996,faph,115.6234,2620,5.62,
2026-04-14T09:08:13Z,v11,faph_librispeech,ambient,0.999,faph,100.8592,2620,5.62,
2026-04-14T09:08:13Z,v11,faph_macbook_bg,ambient,0.97,faph,38.5363,14,1.17,
2026-04-14T09:08:13Z,v11,faph_macbook_bg,ambient,0.99,faph,29.1163,14,1.17,
2026-04-14T09:08:13Z,v11,faph_macbook_bg,ambient,0.995,faph,25.6909,14,1.17,
2026-04-14T09:08:13Z,v11,faph_macbook_bg,ambient,0.996,faph,25.6909,14,1.17,
2026-04-14T09:08:13Z,v11,faph_macbook_bg,ambient,0.999,faph,23.1218,14,1.17,
2026-04-14T09:08:13Z,v11,faph_dipco,ambient,0.97,faph,44.2461,6,3.32,
2026-04-14T09:08:13Z,v11,faph_dipco,ambient,0.99,faph,31.3034,6,3.32,
2026-04-14T09:08:13Z,v11,faph_dipco,ambient,0.995,faph,25.8855,6,3.32,
2026-04-14T09:08:13Z,v11,faph_dipco,ambient,0.996,faph,24.3805,6,3.32,
2026-04-14T09:08:13Z,v11,faph_dipco,ambient,0.999,faph,21.3706,6,3.32,
2026-04-14T09:08:13Z,v12,pos_isa_xtts,positive,0.97,recall,0.9583,48,,
2026-04-14T09:08:13Z,v12,pos_isa_xtts,positive,0.99,recall,0.9375,48,,
2026-04-14T09:08:13Z,v12,pos_isa_xtts,positive,0.995,recall,0.8958,48,,
2026-04-14T09:08:13Z,v12,pos_isa_xtts,positive,0.996,recall,0.8958,48,,
2026-04-14T09:08:13Z,v12,pos_isa_xtts,positive,0.999,recall,0.8958,48,,
2026-04-14T09:08:13Z,v12,pos_ode,positive,0.97,recall,0.8182,11,,
2026-04-14T09:08:13Z,v12,pos_ode,positive,0.99,recall,0.8182,11,,
2026-04-14T09:08:13Z,v12,pos_ode,positive,0.995,recall,0.8182,11,,
2026-04-14T09:08:13Z,v12,pos_ode,positive,0.996,recall,0.8182,11,,
2026-04-14T09:08:13Z,v12,pos_ode,positive,0.999,recall,0.8182,11,,
2026-04-14T09:08:13Z,v12,pos_mattias_short_n50,positive,0.97,recall,0.9600,50,,
2026-04-14T09:08:13Z,v12,pos_mattias_short_n50,positive,0.99,recall,0.9600,50,,
2026-04-14T09:08:13Z,v12,pos_mattias_short_n50,positive,0.995,recall,0.9600,50,,
2026-04-14T09:08:13Z,v12,pos_mattias_short_n50,positive,0.996,recall,0.9600,50,,
2026-04-14T09:08:13Z,v12,pos_mattias_short_n50,positive,0.999,recall,0.9400,50,,
2026-04-14T09:08:13Z,v12,hard_neg_mac_holdout,hard_negative,0.97,fpr,0.8000,15,,
2026-04-14T09:08:13Z,v12,hard_neg_mac_holdout,hard_negative,0.99,fpr,0.8000,15,,
2026-04-14T09:08:13Z,v12,hard_neg_mac_holdout,hard_negative,0.995,fpr,0.8000,15,,
2026-04-14T09:08:13Z,v12,hard_neg_mac_holdout,hard_negative,0.996,fpr,0.8000,15,,
2026-04-14T09:08:13Z,v12,hard_neg_mac_holdout,hard_negative,0.999,fpr,0.8000,15,,
2026-04-14T09:08:13Z,v12,hard_neg_isa_xtts,hard_negative,0.97,fpr,0.7667,60,,
2026-04-14T09:08:13Z,v12,hard_neg_isa_xtts,hard_negative,0.99,fpr,0.7000,60,,
2026-04-14T09:08:13Z,v12,hard_neg_isa_xtts,hard_negative,0.995,fpr,0.6500,60,,
2026-04-14T09:08:13Z,v12,hard_neg_isa_xtts,hard_negative,0.996,fpr,0.6333,60,,
2026-04-14T09:08:13Z,v12,hard_neg_isa_xtts,hard_negative,0.999,fpr,0.5833,60,,
2026-04-14T09:08:13Z,v12,hard_neg_canary,hard_negative,0.97,fpr,0.4000,5,,
2026-04-14T09:08:13Z,v12,hard_neg_canary,hard_negative,0.99,fpr,0.4000,5,,
2026-04-14T09:08:13Z,v12,hard_neg_canary,hard_negative,0.995,fpr,0.2000,5,,
2026-04-14T09:08:13Z,v12,hard_neg_canary,hard_negative,0.996,fpr,0.2000,5,,
2026-04-14T09:08:13Z,v12,hard_neg_canary,hard_negative,0.999,fpr,0.2000,5,,
2026-04-14T09:08:13Z,v12,faph_cv_et,ambient,0.97,faph,92.6537,2000,3.82,
2026-04-14T09:08:13Z,v12,faph_cv_et,ambient,0.99,faph,49.9911,2000,3.82,
2026-04-14T09:08:13Z,v12,faph_cv_et,ambient,0.995,faph,35.8575,2000,3.82,
2026-04-14T09:08:13Z,v12,faph_cv_et,ambient,0.996,faph,35.0723,2000,3.82,
2026-04-14T09:08:13Z,v12,faph_cv_et,ambient,0.999,faph,26.6968,2000,3.82,
2026-04-14T09:08:13Z,v12,faph_librispeech,ambient,0.97,faph,123.4502,2620,5.62,
2026-04-14T09:08:13Z,v12,faph_librispeech,ambient,0.99,faph,79.1576,2620,5.62,
2026-04-14T09:08:13Z,v12,faph_librispeech,ambient,0.995,faph,61.0136,2620,5.62,
2026-04-14T09:08:13Z,v12,faph_librispeech,ambient,0.996,faph,58.7011,2620,5.62,
2026-04-14T09:08:13Z,v12,faph_librispeech,ambient,0.999,faph,45.0042,2620,5.62,
2026-04-14T09:08:13Z,v12,faph_macbook_bg,ambient,0.97,faph,46.2435,14,1.17,
2026-04-14T09:08:13Z,v12,faph_macbook_bg,ambient,0.99,faph,25.6909,14,1.17,
2026-04-14T09:08:13Z,v12,faph_macbook_bg,ambient,0.995,faph,22.2654,14,1.17,
2026-04-14T09:08:13Z,v12,faph_macbook_bg,ambient,0.996,faph,21.4090,14,1.17,
2026-04-14T09:08:13Z,v12,faph_macbook_bg,ambient,0.999,faph,20.5527,14,1.17,
2026-04-14T09:08:13Z,v12,faph_dipco,ambient,0.97,faph,45.4501,6,3.32,
2026-04-14T09:08:13Z,v12,faph_dipco,ambient,0.99,faph,28.2934,6,3.32,
2026-04-14T09:08:13Z,v12,faph_dipco,ambient,0.995,faph,21.6716,6,3.32,
2026-04-14T09:08:13Z,v12,faph_dipco,ambient,0.996,faph,19.8656,6,3.32,
2026-04-14T09:08:13Z,v12,faph_dipco,ambient,0.999,faph,14.4477,6,3.32,
2026-04-14T09:08:13Z,v13a,pos_isa_xtts,positive,0.97,recall,0.9167,48,,
2026-04-14T09:08:13Z,v13a,pos_isa_xtts,positive,0.99,recall,0.8542,48,,
2026-04-14T09:08:13Z,v13a,pos_isa_xtts,positive,0.995,recall,0.8542,48,,
2026-04-14T09:08:13Z,v13a,pos_isa_xtts,positive,0.996,recall,0.8333,48,,
2026-04-14T09:08:13Z,v13a,pos_isa_xtts,positive,0.999,recall,0.7292,48,,
2026-04-14T09:08:13Z,v13a,pos_ode,positive,0.97,recall,0.4545,11,,
2026-04-14T09:08:13Z,v13a,pos_ode,positive,0.99,recall,0.4545,11,,
2026-04-14T09:08:13Z,v13a,pos_ode,positive,0.995,recall,0.4545,11,,
2026-04-14T09:08:13Z,v13a,pos_ode,positive,0.996,recall,0.4545,11,,
2026-04-14T09:08:13Z,v13a,pos_ode,positive,0.999,recall,0.4545,11,,
2026-04-14T09:08:13Z,v13a,pos_mattias_short_n50,positive,0.97,recall,1.0000,50,,
2026-04-14T09:08:13Z,v13a,pos_mattias_short_n50,positive,0.99,recall,0.9400,50,,
2026-04-14T09:08:13Z,v13a,pos_mattias_short_n50,positive,0.995,recall,0.9400,50,,
2026-04-14T09:08:13Z,v13a,pos_mattias_short_n50,positive,0.996,recall,0.9400,50,,
2026-04-14T09:08:13Z,v13a,pos_mattias_short_n50,positive,0.999,recall,0.9400,50,,
2026-04-14T09:08:13Z,v13a,hard_neg_mac_holdout,hard_negative,0.97,fpr,0.8667,15,,
2026-04-14T09:08:13Z,v13a,hard_neg_mac_holdout,hard_negative,0.99,fpr,0.8667,15,,
2026-04-14T09:08:13Z,v13a,hard_neg_mac_holdout,hard_negative,0.995,fpr,0.8000,15,,
2026-04-14T09:08:13Z,v13a,hard_neg_mac_holdout,hard_negative,0.996,fpr,0.8000,15,,
2026-04-14T09:08:13Z,v13a,hard_neg_mac_holdout,hard_negative,0.999,fpr,0.8000,15,,
2026-04-14T09:08:13Z,v13a,hard_neg_isa_xtts,hard_negative,0.97,fpr,0.8833,60,,
2026-04-14T09:08:13Z,v13a,hard_neg_isa_xtts,hard_negative,0.99,fpr,0.8167,60,,
2026-04-14T09:08:13Z,v13a,hard_neg_isa_xtts,hard_negative,0.995,fpr,0.8167,60,,
2026-04-14T09:08:13Z,v13a,hard_neg_isa_xtts,hard_negative,0.996,fpr,0.8000,60,,
2026-04-14T09:08:13Z,v13a,hard_neg_isa_xtts,hard_negative,0.999,fpr,0.7167,60,,
2026-04-14T09:08:13Z,v13a,hard_neg_canary,hard_negative,0.97,fpr,0.2000,5,,
2026-04-14T09:08:13Z,v13a,hard_neg_canary,hard_negative,0.99,fpr,0.2000,5,,
2026-04-14T09:08:13Z,v13a,hard_neg_canary,hard_negative,0.995,fpr,0.2000,5,,
2026-04-14T09:08:13Z,v13a,hard_neg_canary,hard_negative,0.996,fpr,0.2000,5,,
2026-04-14T09:08:13Z,v13a,hard_neg_canary,hard_negative,0.999,fpr,0.2000,5,,
2026-04-14T09:08:13Z,v13a,faph_cv_et,ambient,0.97,faph,214.3597,2000,3.82,
2026-04-14T09:08:13Z,v13a,faph_cv_et,ambient,0.99,faph,158.6105,2000,3.82,
2026-04-14T09:08:13Z,v13a,faph_cv_et,ambient,0.995,faph,133.7458,2000,3.82,
2026-04-14T09:08:13Z,v13a,faph_cv_et,ambient,0.996,faph,130.0815,2000,3.82,
2026-04-14T09:08:13Z,v13a,faph_cv_et,ambient,0.999,faph,101.0291,2000,3.82,
2026-04-14T09:08:13Z,v13a,faph_librispeech,ambient,0.97,faph,288.3469,2620,5.62,
2026-04-14T09:08:13Z,v13a,faph_librispeech,ambient,0.99,faph,229.6458,2620,5.62,
2026-04-14T09:08:13Z,v13a,faph_librispeech,ambient,0.995,faph,198.1607,2620,5.62,
2026-04-14T09:08:13Z,v13a,faph_librispeech,ambient,0.996,faph,193.5358,2620,5.62,
2026-04-14T09:08:13Z,v13a,faph_librispeech,ambient,0.999,faph,159.2045,2620,5.62,
2026-04-14T09:08:13Z,v13a,faph_macbook_bg,ambient,0.97,faph,52.2381,14,1.17,
2026-04-14T09:08:13Z,v13a,faph_macbook_bg,ambient,0.99,faph,36.8236,14,1.17,
2026-04-14T09:08:13Z,v13a,faph_macbook_bg,ambient,0.995,faph,33.3981,14,1.17,
2026-04-14T09:08:13Z,v13a,faph_macbook_bg,ambient,0.996,faph,29.9727,14,1.17,
2026-04-14T09:08:13Z,v13a,faph_macbook_bg,ambient,0.999,faph,25.6909,14,1.17,
2026-04-14T09:08:13Z,v13a,faph_dipco,ambient,0.97,faph,24.3805,6,3.32,
2026-04-14T09:08:13Z,v13a,faph_dipco,ambient,0.99,faph,18.9626,6,3.32,
2026-04-14T09:08:13Z,v13a,faph_dipco,ambient,0.995,faph,16.5547,6,3.32,
2026-04-14T09:08:13Z,v13a,faph_dipco,ambient,0.996,faph,15.9527,6,3.32,
2026-04-14T09:08:13Z,v13a,faph_dipco,ambient,0.999,faph,13.2437,6,3.32,
2026-04-14T09:08:13Z,v13b,pos_isa_xtts,positive,0.97,recall,0.8542,48,,
2026-04-14T09:08:13Z,v13b,pos_isa_xtts,positive,0.99,recall,0.6875,48,,
2026-04-14T09:08:13Z,v13b,pos_isa_xtts,positive,0.995,recall,0.6875,48,,
2026-04-14T09:08:13Z,v13b,pos_isa_xtts,positive,0.996,recall,0.6875,48,,
2026-04-14T09:08:13Z,v13b,pos_isa_xtts,positive,0.999,recall,0.6875,48,,
2026-04-14T09:08:13Z,v13b,pos_ode,positive,0.97,recall,0.7273,11,,
2026-04-14T09:08:13Z,v13b,pos_ode,positive,0.99,recall,0.7273,11,,
2026-04-14T09:08:13Z,v13b,pos_ode,positive,0.995,recall,0.7273,11,,
2026-04-14T09:08:13Z,v13b,pos_ode,positive,0.996,recall,0.7273,11,,
2026-04-14T09:08:13Z,v13b,pos_ode,positive,0.999,recall,0.7273,11,,
2026-04-14T09:08:13Z,v13b,pos_mattias_short_n50,positive,0.97,recall,1.0000,50,,
2026-04-14T09:08:13Z,v13b,pos_mattias_short_n50,positive,0.99,recall,1.0000,50,,
2026-04-14T09:08:13Z,v13b,pos_mattias_short_n50,positive,0.995,recall,1.0000,50,,
2026-04-14T09:08:13Z,v13b,pos_mattias_short_n50,positive,0.996,recall,1.0000,50,,
2026-04-14T09:08:13Z,v13b,pos_mattias_short_n50,positive,0.999,recall,1.0000,50,,
2026-04-14T09:08:13Z,v13b,hard_neg_mac_holdout,hard_negative,0.97,fpr,0.6000,15,,
2026-04-14T09:08:13Z,v13b,hard_neg_mac_holdout,hard_negative,0.99,fpr,0.6000,15,,
2026-04-14T09:08:13Z,v13b,hard_neg_mac_holdout,hard_negative,0.995,fpr,0.6000,15,,
2026-04-14T09:08:13Z,v13b,hard_neg_mac_holdout,hard_negative,0.996,fpr,0.6000,15,,
2026-04-14T09:08:13Z,v13b,hard_neg_mac_holdout,hard_negative,0.999,fpr,0.6000,15,,
2026-04-14T09:08:13Z,v13b,hard_neg_isa_xtts,hard_negative,0.97,fpr,0.3333,60,,
2026-04-14T09:08:13Z,v13b,hard_neg_isa_xtts,hard_negative,0.99,fpr,0.2333,60,,
2026-04-14T09:08:13Z,v13b,hard_neg_isa_xtts,hard_negative,0.995,fpr,0.2167,60,,
2026-04-14T09:08:13Z,v13b,hard_neg_isa_xtts,hard_negative,0.996,fpr,0.2167,60,,
2026-04-14T09:08:13Z,v13b,hard_neg_isa_xtts,hard_negative,0.999,fpr,0.2167,60,,
2026-04-14T09:08:13Z,v13b,hard_neg_canary,hard_negative,0.97,fpr,0.4000,5,,
2026-04-14T09:08:13Z,v13b,hard_neg_canary,hard_negative,0.99,fpr,0.2000,5,,
2026-04-14T09:08:13Z,v13b,hard_neg_canary,hard_negative,0.995,fpr,0.2000,5,,
2026-04-14T09:08:13Z,v13b,hard_neg_canary,hard_negative,0.996,fpr,0.2000,5,,
2026-04-14T09:08:13Z,v13b,hard_neg_canary,hard_negative,0.999,fpr,0.2000,5,,
2026-04-14T09:08:13Z,v13b,faph_cv_et,ambient,0.97,faph,168.8181,2000,3.82,
2026-04-14T09:08:13Z,v13b,faph_cv_et,ambient,0.99,faph,103.9082,2000,3.82,
2026-04-14T09:08:13Z,v13b,faph_cv_et,ambient,0.995,faph,87.6807,2000,3.82,
2026-04-14T09:08:13Z,v13b,faph_cv_et,ambient,0.996,faph,82.7078,2000,3.82,
2026-04-14T09:08:13Z,v13b,faph_cv_et,ambient,0.999,faph,61.7691,2000,3.82,
2026-04-14T09:08:13Z,v13b,faph_librispeech,ambient,0.97,faph,136.7914,2620,5.62,
2026-04-14T09:08:13Z,v13b,faph_librispeech,ambient,0.99,faph,95.3448,2620,5.62,
2026-04-14T09:08:13Z,v13b,faph_librispeech,ambient,0.995,faph,82.1815,2620,5.62,
2026-04-14T09:08:13Z,v13b,faph_librispeech,ambient,0.996,faph,78.8018,2620,5.62,
2026-04-14T09:08:13Z,v13b,faph_librispeech,ambient,0.999,faph,64.0376,2620,5.62,
2026-04-14T09:08:13Z,v13b,faph_macbook_bg,ambient,0.97,faph,24.8345,14,1.17,
2026-04-14T09:08:13Z,v13b,faph_macbook_bg,ambient,0.99,faph,12.8454,14,1.17,
2026-04-14T09:08:13Z,v13b,faph_macbook_bg,ambient,0.995,faph,11.9891,14,1.17,
2026-04-14T09:08:13Z,v13b,faph_macbook_bg,ambient,0.996,faph,11.9891,14,1.17,
2026-04-14T09:08:13Z,v13b,faph_macbook_bg,ambient,0.999,faph,10.2763,14,1.17,
2026-04-14T09:08:13Z,v13b,faph_dipco,ambient,0.97,faph,17.7586,6,3.32,
2026-04-14T09:08:13Z,v13b,faph_dipco,ambient,0.99,faph,10.2338,6,3.32,
2026-04-14T09:08:13Z,v13b,faph_dipco,ambient,0.995,faph,8.1268,6,3.32,
2026-04-14T09:08:13Z,v13b,faph_dipco,ambient,0.996,faph,7.2239,6,3.32,
2026-04-14T09:08:13Z,v13b,faph_dipco,ambient,0.999,faph,6.3209,6,3.32,
2026-04-14T09:08:13Z,v14,pos_isa_xtts,positive,0.97,recall,1.0000,48,,
2026-04-14T09:08:13Z,v14,pos_isa_xtts,positive,0.99,recall,1.0000,48,,
2026-04-14T09:08:13Z,v14,pos_isa_xtts,positive,0.995,recall,1.0000,48,,
2026-04-14T09:08:13Z,v14,pos_isa_xtts,positive,0.996,recall,1.0000,48,,
2026-04-14T09:08:13Z,v14,pos_isa_xtts,positive,0.999,recall,1.0000,48,,
2026-04-14T09:08:13Z,v14,pos_ode,positive,0.97,recall,0.9091,11,,
2026-04-14T09:08:13Z,v14,pos_ode,positive,0.99,recall,0.9091,11,,
2026-04-14T09:08:13Z,v14,pos_ode,positive,0.995,recall,0.9091,11,,
2026-04-14T09:08:13Z,v14,pos_ode,positive,0.996,recall,0.9091,11,,
2026-04-14T09:08:13Z,v14,pos_ode,positive,0.999,recall,0.9091,11,,
2026-04-14T09:08:13Z,v14,pos_mattias_short_n50,positive,0.97,recall,1.0000,50,,
2026-04-14T09:08:13Z,v14,pos_mattias_short_n50,positive,0.99,recall,1.0000,50,,
2026-04-14T09:08:13Z,v14,pos_mattias_short_n50,positive,0.995,recall,1.0000,50,,
2026-04-14T09:08:13Z,v14,pos_mattias_short_n50,positive,0.996,recall,1.0000,50,,
2026-04-14T09:08:13Z,v14,pos_mattias_short_n50,positive,0.999,recall,0.9800,50,,
2026-04-14T09:08:13Z,v14,hard_neg_mac_holdout,hard_negative,0.97,fpr,1.0000,15,,
2026-04-14T09:08:13Z,v14,hard_neg_mac_holdout,hard_negative,0.99,fpr,1.0000,15,,
2026-04-14T09:08:13Z,v14,hard_neg_mac_holdout,hard_negative,0.995,fpr,1.0000,15,,
2026-04-14T09:08:13Z,v14,hard_neg_mac_holdout,hard_negative,0.996,fpr,1.0000,15,,
2026-04-14T09:08:13Z,v14,hard_neg_mac_holdout,hard_negative,0.999,fpr,1.0000,15,,
2026-04-14T09:08:13Z,v14,hard_neg_isa_xtts,hard_negative,0.97,fpr,0.8000,60,,
2026-04-14T09:08:13Z,v14,hard_neg_isa_xtts,hard_negative,0.99,fpr,0.7667,60,,
2026-04-14T09:08:13Z,v14,hard_neg_isa_xtts,hard_negative,0.995,fpr,0.7500,60,,
2026-04-14T09:08:13Z,v14,hard_neg_isa_xtts,hard_negative,0.996,fpr,0.7500,60,,
2026-04-14T09:08:13Z,v14,hard_neg_isa_xtts,hard_negative,0.999,fpr,0.7167,60,,
2026-04-14T09:08:13Z,v14,hard_neg_canary,hard_negative,0.97,fpr,0.0000,5,,
2026-04-14T09:08:13Z,v14,hard_neg_canary,hard_negative,0.99,fpr,0.0000,5,,
2026-04-14T09:08:13Z,v14,hard_neg_canary,hard_negative,0.995,fpr,0.0000,5,,
2026-04-14T09:08:13Z,v14,hard_neg_canary,hard_negative,0.996,fpr,0.0000,5,,
2026-04-14T09:08:13Z,v14,hard_neg_canary,hard_negative,0.999,fpr,0.0000,5,,
2026-04-14T09:08:13Z,v14,faph_cv_et,ambient,0.97,faph,219.3327,2000,3.82,
2026-04-14T09:08:13Z,v14,faph_cv_et,ambient,0.99,faph,138.9805,2000,3.82,
2026-04-14T09:08:13Z,v14,faph_cv_et,ambient,0.995,faph,109.6663,2000,3.82,
2026-04-14T09:08:13Z,v14,faph_cv_et,ambient,0.996,faph,104.4317,2000,3.82,
2026-04-14T09:08:13Z,v14,faph_cv_et,ambient,0.999,faph,81.9226,2000,3.82,
2026-04-14T09:08:13Z,v14,faph_librispeech,ambient,0.97,faph,303.1112,2620,5.62,
2026-04-14T09:08:13Z,v14,faph_librispeech,ambient,0.99,faph,220.2181,2620,5.62,
2026-04-14T09:08:13Z,v14,faph_librispeech,ambient,0.995,faph,189.4445,2620,5.62,
2026-04-14T09:08:13Z,v14,faph_librispeech,ambient,0.996,faph,183.7522,2620,5.62,
2026-04-14T09:08:13Z,v14,faph_librispeech,ambient,0.999,faph,155.2911,2620,5.62,
2026-04-14T09:08:13Z,v14,faph_macbook_bg,ambient,0.97,faph,49.6690,14,1.17,
2026-04-14T09:08:13Z,v14,faph_macbook_bg,ambient,0.99,faph,37.6799,14,1.17,
2026-04-14T09:08:13Z,v14,faph_macbook_bg,ambient,0.995,faph,29.1163,14,1.17,
2026-04-14T09:08:13Z,v14,faph_macbook_bg,ambient,0.996,faph,28.2599,14,1.17,
2026-04-14T09:08:13Z,v14,faph_macbook_bg,ambient,0.999,faph,23.9781,14,1.17,
2026-04-14T09:08:13Z,v14,faph_dipco,ambient,0.97,faph,36.4203,6,3.32,
2026-04-14T09:08:13Z,v14,faph_dipco,ambient,0.99,faph,23.4775,6,3.32,
2026-04-14T09:08:13Z,v14,faph_dipco,ambient,0.995,faph,17.4577,6,3.32,
2026-04-14T09:08:13Z,v14,faph_dipco,ambient,0.996,faph,17.4577,6,3.32,
2026-04-14T09:08:13Z,v14,faph_dipco,ambient,0.999,faph,13.5447,6,3.32,
2026-04-14T09:08:13Z,v15,pos_isa_xtts,positive,0.97,recall,0.9792,48,,
2026-04-14T09:08:13Z,v15,pos_isa_xtts,positive,0.99,recall,0.9792,48,,
2026-04-14T09:08:13Z,v15,pos_isa_xtts,positive,0.995,recall,0.9792,48,,
2026-04-14T09:08:13Z,v15,pos_isa_xtts,positive,0.996,recall,0.9792,48,,
2026-04-14T09:08:13Z,v15,pos_isa_xtts,positive,0.999,recall,0.9583,48,,
2026-04-14T09:08:13Z,v15,pos_ode,positive,0.97,recall,0.6364,11,,
2026-04-14T09:08:13Z,v15,pos_ode,positive,0.99,recall,0.6364,11,,
2026-04-14T09:08:13Z,v15,pos_ode,positive,0.995,recall,0.6364,11,,
2026-04-14T09:08:13Z,v15,pos_ode,positive,0.996,recall,0.6364,11,,
2026-04-14T09:08:13Z,v15,pos_ode,positive,0.999,recall,0.6364,11,,
2026-04-14T09:08:13Z,v15,pos_mattias_short_n50,positive,0.97,recall,0.9400,50,,
2026-04-14T09:08:13Z,v15,pos_mattias_short_n50,positive,0.99,recall,0.9200,50,,
2026-04-14T09:08:13Z,v15,pos_mattias_short_n50,positive,0.995,recall,0.9200,50,,
2026-04-14T09:08:13Z,v15,pos_mattias_short_n50,positive,0.996,recall,0.9200,50,,
2026-04-14T09:08:13Z,v15,pos_mattias_short_n50,positive,0.999,recall,0.9200,50,,
2026-04-14T09:08:13Z,v15,hard_neg_mac_holdout,hard_negative,0.97,fpr,0.3333,15,,
2026-04-14T09:08:13Z,v15,hard_neg_mac_holdout,hard_negative,0.99,fpr,0.2667,15,,
2026-04-14T09:08:13Z,v15,hard_neg_mac_holdout,hard_negative,0.995,fpr,0.2667,15,,
2026-04-14T09:08:13Z,v15,hard_neg_mac_holdout,hard_negative,0.996,fpr,0.2667,15,,
2026-04-14T09:08:13Z,v15,hard_neg_mac_holdout,hard_negative,0.999,fpr,0.2667,15,,
2026-04-14T09:08:13Z,v15,hard_neg_isa_xtts,hard_negative,0.97,fpr,0.9167,60,,
2026-04-14T09:08:13Z,v15,hard_neg_isa_xtts,hard_negative,0.99,fpr,0.8833,60,,
2026-04-14T09:08:13Z,v15,hard_neg_isa_xtts,hard_negative,0.995,fpr,0.8833,60,,
2026-04-14T09:08:13Z,v15,hard_neg_isa_xtts,hard_negative,0.996,fpr,0.8833,60,,
2026-04-14T09:08:13Z,v15,hard_neg_isa_xtts,hard_negative,0.999,fpr,0.8667,60,,
2026-04-14T09:08:13Z,v15,hard_neg_canary,hard_negative,0.97,fpr,0.2000,5,,
2026-04-14T09:08:13Z,v15,hard_neg_canary,hard_negative,0.99,fpr,0.2000,5,,
2026-04-14T09:08:13Z,v15,hard_neg_canary,hard_negative,0.995,fpr,0.0000,5,,
2026-04-14T09:08:13Z,v15,hard_neg_canary,hard_negative,0.996,fpr,0.0000,5,,
2026-04-14T09:08:13Z,v15,hard_neg_canary,hard_negative,0.999,fpr,0.0000,5,,
2026-04-14T09:08:13Z,v15,faph_cv_et,ambient,0.97,faph,321.1470,2000,3.82,
2026-04-14T09:08:13Z,v15,faph_cv_et,ambient,0.99,faph,260.6865,2000,3.82,
2026-04-14T09:08:13Z,v15,faph_cv_et,ambient,0.995,faph,242.8887,2000,3.82,
2026-04-14T09:08:13Z,v15,faph_cv_et,ambient,0.996,faph,239.4861,2000,3.82,
2026-04-14T09:08:13Z,v15,faph_cv_et,ambient,0.999,faph,201.7965,2000,3.82,
2026-04-14T09:08:13Z,v15,faph_librispeech,ambient,0.97,faph,96.0564,2620,5.62,
2026-04-14T09:08:13Z,v15,faph_librispeech,ambient,0.99,faph,79.6912,2620,5.62,
2026-04-14T09:08:13Z,v15,faph_librispeech,ambient,0.995,faph,73.8211,2620,5.62,
2026-04-14T09:08:13Z,v15,faph_librispeech,ambient,0.996,faph,72.3980,2620,5.62,
2026-04-14T09:08:13Z,v15,faph_librispeech,ambient,0.999,faph,59.9463,2620,5.62,
2026-04-14T09:08:13Z,v15,faph_macbook_bg,ambient,0.97,faph,81.3544,14,1.17,
2026-04-14T09:08:13Z,v15,faph_macbook_bg,ambient,0.99,faph,61.6581,14,1.17,
2026-04-14T09:08:13Z,v15,faph_macbook_bg,ambient,0.995,faph,59.9453,14,1.17,
2026-04-14T09:08:13Z,v15,faph_macbook_bg,ambient,0.996,faph,58.2326,14,1.17,
2026-04-14T09:08:13Z,v15,faph_macbook_bg,ambient,0.999,faph,46.2435,14,1.17,
2026-04-14T09:08:13Z,v15,faph_dipco,ambient,0.97,faph,29.4974,6,3.32,
2026-04-14T09:08:13Z,v15,faph_dipco,ambient,0.99,faph,22.5746,6,3.32,
2026-04-14T09:08:13Z,v15,faph_dipco,ambient,0.995,faph,21.3706,6,3.32,
2026-04-14T09:08:13Z,v15,faph_dipco,ambient,0.996,faph,21.3706,6,3.32,
2026-04-14T09:08:13Z,v15,faph_dipco,ambient,0.999,faph,17.4577,6,3.32,
2026-04-14T09:08:13Z,v16a,pos_isa_xtts,positive,0.97,recall,1.0000,48,,
2026-04-14T09:08:13Z,v16a,pos_isa_xtts,positive,0.99,recall,1.0000,48,,
2026-04-14T09:08:13Z,v16a,pos_isa_xtts,positive,0.995,recall,1.0000,48,,
2026-04-14T09:08:13Z,v16a,pos_isa_xtts,positive,0.996,recall,1.0000,48,,
2026-04-14T09:08:13Z,v16a,pos_isa_xtts,positive,0.999,recall,1.0000,48,,
2026-04-14T09:08:13Z,v16a,pos_ode,positive,0.97,recall,0.9091,11,,
2026-04-14T09:08:13Z,v16a,pos_ode,positive,0.99,recall,0.9091,11,,
2026-04-14T09:08:13Z,v16a,pos_ode,positive,0.995,recall,0.9091,11,,
2026-04-14T09:08:13Z,v16a,pos_ode,positive,0.996,recall,0.9091,11,,
2026-04-14T09:08:13Z,v16a,pos_ode,positive,0.999,recall,0.8182,11,,
2026-04-14T09:08:13Z,v16a,pos_mattias_short_n50,positive,0.97,recall,0.9800,50,,
2026-04-14T09:08:13Z,v16a,pos_mattias_short_n50,positive,0.99,recall,0.9800,50,,
2026-04-14T09:08:13Z,v16a,pos_mattias_short_n50,positive,0.995,recall,0.9800,50,,
2026-04-14T09:08:13Z,v16a,pos_mattias_short_n50,positive,0.996,recall,0.9800,50,,
2026-04-14T09:08:13Z,v16a,pos_mattias_short_n50,positive,0.999,recall,0.9800,50,,
2026-04-14T09:08:13Z,v16a,hard_neg_mac_holdout,hard_negative,0.97,fpr,1.0000,15,,
2026-04-14T09:08:13Z,v16a,hard_neg_mac_holdout,hard_negative,0.99,fpr,1.0000,15,,
2026-04-14T09:08:13Z,v16a,hard_neg_mac_holdout,hard_negative,0.995,fpr,1.0000,15,,
2026-04-14T09:08:13Z,v16a,hard_neg_mac_holdout,hard_negative,0.996,fpr,1.0000,15,,
2026-04-14T09:08:13Z,v16a,hard_neg_mac_holdout,hard_negative,0.999,fpr,1.0000,15,,
2026-04-14T09:08:13Z,v16a,hard_neg_isa_xtts,hard_negative,0.97,fpr,0.8667,60,,
2026-04-14T09:08:13Z,v16a,hard_neg_isa_xtts,hard_negative,0.99,fpr,0.8500,60,,
2026-04-14T09:08:13Z,v16a,hard_neg_isa_xtts,hard_negative,0.995,fpr,0.8500,60,,
2026-04-14T09:08:13Z,v16a,hard_neg_isa_xtts,hard_negative,0.996,fpr,0.8500,60,,
2026-04-14T09:08:13Z,v16a,hard_neg_isa_xtts,hard_negative,0.999,fpr,0.8333,60,,
2026-04-14T09:08:13Z,v16a,hard_neg_canary,hard_negative,0.97,fpr,0.0000,5,,
2026-04-14T09:08:13Z,v16a,hard_neg_canary,hard_negative,0.99,fpr,0.0000,5,,
2026-04-14T09:08:13Z,v16a,hard_neg_canary,hard_negative,0.995,fpr,0.0000,5,,
2026-04-14T09:08:13Z,v16a,hard_neg_canary,hard_negative,0.996,fpr,0.0000,5,,
2026-04-14T09:08:13Z,v16a,hard_neg_canary,hard_negative,0.999,fpr,0.0000,5,,
2026-04-14T09:08:13Z,v16a,faph_cv_et,ambient,0.97,faph,20.1535,2000,3.82,
2026-04-14T09:08:13Z,v16a,faph_cv_et,ambient,0.99,faph,16.7509,2000,3.82,
2026-04-14T09:08:13Z,v16a,faph_cv_et,ambient,0.995,faph,15.9657,2000,3.82,
2026-04-14T09:08:13Z,v16a,faph_cv_et,ambient,0.996,faph,15.1805,2000,3.82,
2026-04-14T09:08:13Z,v16a,faph_cv_et,ambient,0.999,faph,14.1336,2000,3.82,
2026-04-14T09:08:13Z,v16a,faph_librispeech,ambient,0.97,faph,4.9807,2620,5.62,
2026-04-14T09:08:13Z,v16a,faph_librispeech,ambient,0.99,faph,3.9134,2620,5.62,
2026-04-14T09:08:13Z,v16a,faph_librispeech,ambient,0.995,faph,3.3798,2620,5.62,
2026-04-14T09:08:13Z,v16a,faph_librispeech,ambient,0.996,faph,3.3798,2620,5.62,
2026-04-14T09:08:13Z,v16a,faph_librispeech,ambient,0.999,faph,3.0240,2620,5.62,
2026-04-14T09:08:13Z,v16a,faph_macbook_bg,ambient,0.97,faph,11.1327,14,1.17,
2026-04-14T09:08:13Z,v16a,faph_macbook_bg,ambient,0.99,faph,10.2763,14,1.17,
2026-04-14T09:08:13Z,v16a,faph_macbook_bg,ambient,0.995,faph,8.5636,14,1.17,
2026-04-14T09:08:13Z,v16a,faph_macbook_bg,ambient,0.996,faph,8.5636,14,1.17,
2026-04-14T09:08:13Z,v16a,faph_macbook_bg,ambient,0.999,faph,6.8509,14,1.17,
2026-04-14T09:08:13Z,v16a,faph_dipco,ambient,0.97,faph,6.9229,6,3.32,
2026-04-14T09:08:13Z,v16a,faph_dipco,ambient,0.99,faph,6.0199,6,3.32,
2026-04-14T09:08:13Z,v16a,faph_dipco,ambient,0.995,faph,5.7189,6,3.32,
2026-04-14T09:08:13Z,v16a,faph_dipco,ambient,0.996,faph,5.4179,6,3.32,
2026-04-14T09:08:13Z,v16a,faph_dipco,ambient,0.999,faph,3.6119,6,3.32,
2026-04-14T09:08:13Z,v16b,pos_isa_xtts,positive,0.97,recall,1.0000,48,,
2026-04-14T09:08:13Z,v16b,pos_isa_xtts,positive,0.99,recall,1.0000,48,,
2026-04-14T09:08:13Z,v16b,pos_isa_xtts,positive,0.995,recall,1.0000,48,,
2026-04-14T09:08:13Z,v16b,pos_isa_xtts,positive,0.996,recall,1.0000,48,,
2026-04-14T09:08:13Z,v16b,pos_isa_xtts,positive,0.999,recall,1.0000,48,,
2026-04-14T09:08:13Z,v16b,pos_ode,positive,0.97,recall,0.9091,11,,
2026-04-14T09:08:13Z,v16b,pos_ode,positive,0.99,recall,0.9091,11,,
2026-04-14T09:08:13Z,v16b,pos_ode,positive,0.995,recall,0.9091,11,,
2026-04-14T09:08:13Z,v16b,pos_ode,positive,0.996,recall,0.9091,11,,
2026-04-14T09:08:13Z,v16b,pos_ode,positive,0.999,recall,0.9091,11,,
2026-04-14T09:08:13Z,v16b,pos_mattias_short_n50,positive,0.97,recall,0.7400,50,,
2026-04-14T09:08:13Z,v16b,pos_mattias_short_n50,positive,0.99,recall,0.6800,50,,
2026-04-14T09:08:13Z,v16b,pos_mattias_short_n50,positive,0.995,recall,0.6200,50,,
2026-04-14T09:08:13Z,v16b,pos_mattias_short_n50,positive,0.996,recall,0.6200,50,,
2026-04-14T09:08:13Z,v16b,pos_mattias_short_n50,positive,0.999,recall,0.6000,50,,
2026-04-14T09:08:13Z,v16b,hard_neg_mac_holdout,hard_negative,0.97,fpr,1.0000,15,,
2026-04-14T09:08:13Z,v16b,hard_neg_mac_holdout,hard_negative,0.99,fpr,0.9333,15,,
2026-04-14T09:08:13Z,v16b,hard_neg_mac_holdout,hard_negative,0.995,fpr,0.9333,15,,
2026-04-14T09:08:13Z,v16b,hard_neg_mac_holdout,hard_negative,0.996,fpr,0.9333,15,,
2026-04-14T09:08:13Z,v16b,hard_neg_mac_holdout,hard_negative,0.999,fpr,0.9333,15,,
2026-04-14T09:08:13Z,v16b,hard_neg_isa_xtts,hard_negative,0.97,fpr,0.9500,60,,
2026-04-14T09:08:13Z,v16b,hard_neg_isa_xtts,hard_negative,0.99,fpr,0.9167,60,,
2026-04-14T09:08:13Z,v16b,hard_neg_isa_xtts,hard_negative,0.995,fpr,0.9000,60,,
2026-04-14T09:08:13Z,v16b,hard_neg_isa_xtts,hard_negative,0.996,fpr,0.9000,60,,
2026-04-14T09:08:13Z,v16b,hard_neg_isa_xtts,hard_negative,0.999,fpr,0.8667,60,,
2026-04-14T09:08:13Z,v16b,hard_neg_canary,hard_negative,0.97,fpr,0.2000,5,,
2026-04-14T09:08:13Z,v16b,hard_neg_canary,hard_negative,0.99,fpr,0.2000,5,,
2026-04-14T09:08:13Z,v16b,hard_neg_canary,hard_negative,0.995,fpr,0.0000,5,,
2026-04-14T09:08:13Z,v16b,hard_neg_canary,hard_negative,0.996,fpr,0.0000,5,,
2026-04-14T09:08:13Z,v16b,hard_neg_canary,hard_negative,0.999,fpr,0.0000,5,,
2026-04-14T09:08:13Z,v16b,faph_cv_et,ambient,0.97,faph,32.9784,2000,3.82,
2026-04-14T09:08:13Z,v16b,faph_cv_et,ambient,0.99,faph,25.1264,2000,3.82,
2026-04-14T09:08:13Z,v16b,faph_cv_et,ambient,0.995,faph,21.7239,2000,3.82,
2026-04-14T09:08:13Z,v16b,faph_cv_et,ambient,0.996,faph,21.2004,2000,3.82,
2026-04-14T09:08:13Z,v16b,faph_cv_et,ambient,0.999,faph,17.0127,2000,3.82,
2026-04-14T09:08:13Z,v16b,faph_librispeech,ambient,0.97,faph,6.5816,2620,5.62,
2026-04-14T09:08:13Z,v16b,faph_librispeech,ambient,0.99,faph,4.2692,2620,5.62,
2026-04-14T09:08:13Z,v16b,faph_librispeech,ambient,0.995,faph,3.7355,2620,5.62,
2026-04-14T09:08:13Z,v16b,faph_librispeech,ambient,0.996,faph,3.2019,2620,5.62,
2026-04-14T09:08:13Z,v16b,faph_librispeech,ambient,0.999,faph,3.0240,2620,5.62,
2026-04-14T09:08:13Z,v16b,faph_macbook_bg,ambient,0.97,faph,0.8564,14,1.17,
2026-04-14T09:08:13Z,v16b,faph_macbook_bg,ambient,0.99,faph,0.8564,14,1.17,
2026-04-14T09:08:13Z,v16b,faph_macbook_bg,ambient,0.995,faph,0.8564,14,1.17,
2026-04-14T09:08:13Z,v16b,faph_macbook_bg,ambient,0.996,faph,0.8564,14,1.17,
2026-04-14T09:08:13Z,v16b,faph_macbook_bg,ambient,0.999,faph,0.0000,14,1.17,
2026-04-14T09:08:13Z,v16b,faph_dipco,ambient,0.97,faph,0.6020,6,3.32,
2026-04-14T09:08:13Z,v16b,faph_dipco,ambient,0.99,faph,0.6020,6,3.32,
2026-04-14T09:08:13Z,v16b,faph_dipco,ambient,0.995,faph,0.6020,6,3.32,
2026-04-14T09:08:13Z,v16b,faph_dipco,ambient,0.996,faph,0.6020,6,3.32,
2026-04-14T09:08:13Z,v16b,faph_dipco,ambient,0.999,faph,0.3010,6,3.32,
2026-04-14T09:08:13Z,v16c,pos_isa_xtts,positive,0.97,recall,1.0000,48,,
2026-04-14T09:08:13Z,v16c,pos_isa_xtts,positive,0.99,recall,1.0000,48,,
2026-04-14T09:08:13Z,v16c,pos_isa_xtts,positive,0.995,recall,1.0000,48,,
2026-04-14T09:08:13Z,v16c,pos_isa_xtts,positive,0.996,recall,1.0000,48,,
2026-04-14T09:08:13Z,v16c,pos_isa_xtts,positive,0.999,recall,1.0000,48,,
2026-04-14T09:08:13Z,v16c,pos_ode,positive,0.97,recall,0.9091,11,,
2026-04-14T09:08:13Z,v16c,pos_ode,positive,0.99,recall,0.8182,11,,
2026-04-14T09:08:13Z,v16c,pos_ode,positive,0.995,recall,0.8182,11,,
2026-04-14T09:08:13Z,v16c,pos_ode,positive,0.996,recall,0.8182,11,,
2026-04-14T09:08:13Z,v16c,pos_ode,positive,0.999,recall,0.8182,11,,
2026-04-14T09:08:13Z,v16c,pos_mattias_short_n50,positive,0.97,recall,1.0000,50,,
2026-04-14T09:08:13Z,v16c,pos_mattias_short_n50,positive,0.99,recall,1.0000,50,,
2026-04-14T09:08:13Z,v16c,pos_mattias_short_n50,positive,0.995,recall,1.0000,50,,
2026-04-14T09:08:13Z,v16c,pos_mattias_short_n50,positive,0.996,recall,1.0000,50,,
2026-04-14T09:08:13Z,v16c,pos_mattias_short_n50,positive,0.999,recall,1.0000,50,,
2026-04-14T09:08:13Z,v16c,hard_neg_mac_holdout,hard_negative,0.97,fpr,1.0000,15,,
2026-04-14T09:08:13Z,v16c,hard_neg_mac_holdout,hard_negative,0.99,fpr,1.0000,15,,
2026-04-14T09:08:13Z,v16c,hard_neg_mac_holdout,hard_negative,0.995,fpr,1.0000,15,,
2026-04-14T09:08:13Z,v16c,hard_neg_mac_holdout,hard_negative,0.996,fpr,1.0000,15,,
2026-04-14T09:08:13Z,v16c,hard_neg_mac_holdout,hard_negative,0.999,fpr,1.0000,15,,
2026-04-14T09:08:13Z,v16c,hard_neg_isa_xtts,hard_negative,0.97,fpr,0.8833,60,,
2026-04-14T09:08:13Z,v16c,hard_neg_isa_xtts,hard_negative,0.99,fpr,0.8833,60,,
2026-04-14T09:08:13Z,v16c,hard_neg_isa_xtts,hard_negative,0.995,fpr,0.8667,60,,
2026-04-14T09:08:13Z,v16c,hard_neg_isa_xtts,hard_negative,0.996,fpr,0.8667,60,,
2026-04-14T09:08:13Z,v16c,hard_neg_isa_xtts,hard_negative,0.999,fpr,0.8500,60,,
2026-04-14T09:08:13Z,v16c,hard_neg_canary,hard_negative,0.97,fpr,0.0000,5,,
2026-04-14T09:08:13Z,v16c,hard_neg_canary,hard_negative,0.99,fpr,0.0000,5,,
2026-04-14T09:08:13Z,v16c,hard_neg_canary,hard_negative,0.995,fpr,0.0000,5,,
2026-04-14T09:08:13Z,v16c,hard_neg_canary,hard_negative,0.996,fpr,0.0000,5,,
2026-04-14T09:08:13Z,v16c,hard_neg_canary,hard_negative,0.999,fpr,0.0000,5,,
2026-04-14T09:08:13Z,v16c,faph_cv_et,ambient,0.97,faph,93.9623,2000,3.82,
2026-04-14T09:08:13Z,v16c,faph_cv_et,ambient,0.99,faph,79.0435,2000,3.82,
2026-04-14T09:08:13Z,v16c,faph_cv_et,ambient,0.995,faph,75.1175,2000,3.82,
2026-04-14T09:08:13Z,v16c,faph_cv_et,ambient,0.996,faph,75.1175,2000,3.82,
2026-04-14T09:08:13Z,v16c,faph_cv_et,ambient,0.999,faph,63.6012,2000,3.82,
2026-04-14T09:08:13Z,v16c,faph_librispeech,ambient,0.97,faph,14.9421,2620,5.62,
2026-04-14T09:08:13Z,v16c,faph_librispeech,ambient,0.99,faph,12.4517,2620,5.62,
2026-04-14T09:08:13Z,v16c,faph_librispeech,ambient,0.995,faph,11.2066,2620,5.62,
2026-04-14T09:08:13Z,v16c,faph_librispeech,ambient,0.996,faph,11.2066,2620,5.62,
2026-04-14T09:08:13Z,v16c,faph_librispeech,ambient,0.999,faph,9.4278,2620,5.62,
2026-04-14T09:08:13Z,v16c,faph_macbook_bg,ambient,0.97,faph,21.4090,14,1.17,
2026-04-14T09:08:13Z,v16c,faph_macbook_bg,ambient,0.99,faph,17.1272,14,1.17,
2026-04-14T09:08:13Z,v16c,faph_macbook_bg,ambient,0.995,faph,16.2709,14,1.17,
2026-04-14T09:08:13Z,v16c,faph_macbook_bg,ambient,0.996,faph,16.2709,14,1.17,
2026-04-14T09:08:13Z,v16c,faph_macbook_bg,ambient,0.999,faph,12.8454,14,1.17,
2026-04-14T09:08:13Z,v16c,faph_dipco,ambient,0.97,faph,8.7288,6,3.32,
2026-04-14T09:08:13Z,v16c,faph_dipco,ambient,0.99,faph,8.1268,6,3.32,
2026-04-14T09:08:13Z,v16c,faph_dipco,ambient,0.995,faph,7.8258,6,3.32,
2026-04-14T09:08:13Z,v16c,faph_dipco,ambient,0.996,faph,7.8258,6,3.32,
2026-04-14T09:08:13Z,v16c,faph_dipco,ambient,0.999,faph,6.3209,6,3.32,
2026-04-14T09:08:13Z,v2,pos_isa_xtts,positive,0.97,recall,1.0000,48,,
2026-04-14T09:08:13Z,v2,pos_isa_xtts,positive,0.99,recall,1.0000,48,,
2026-04-14T09:08:13Z,v2,pos_isa_xtts,positive,0.995,recall,1.0000,48,,
2026-04-14T09:08:13Z,v2,pos_isa_xtts,positive,0.996,recall,1.0000,48,,
2026-04-14T09:08:13Z,v2,pos_isa_xtts,positive,0.999,recall,1.0000,48,,
2026-04-14T09:08:13Z,v2,pos_ode,positive,0.97,recall,1.0000,11,,
2026-04-14T09:08:13Z,v2,pos_ode,positive,0.99,recall,1.0000,11,,
2026-04-14T09:08:13Z,v2,pos_ode,positive,0.995,recall,1.0000,11,,
2026-04-14T09:08:13Z,v2,pos_ode,positive,0.996,recall,1.0000,11,,
2026-04-14T09:08:13Z,v2,pos_ode,positive,0.999,recall,0.9091,11,,
2026-04-14T09:08:13Z,v2,pos_mattias_short_n50,positive,0.97,recall,1.0000,50,,
2026-04-14T09:08:13Z,v2,pos_mattias_short_n50,positive,0.99,recall,1.0000,50,,
2026-04-14T09:08:13Z,v2,pos_mattias_short_n50,positive,0.995,recall,1.0000,50,,
2026-04-14T09:08:13Z,v2,pos_mattias_short_n50,positive,0.996,recall,1.0000,50,,
2026-04-14T09:08:13Z,v2,pos_mattias_short_n50,positive,0.999,recall,1.0000,50,,
2026-04-14T09:08:13Z,v2,hard_neg_mac_holdout,hard_negative,0.97,fpr,0.9333,15,,
2026-04-14T09:08:13Z,v2,hard_neg_mac_holdout,hard_negative,0.99,fpr,0.9333,15,,
2026-04-14T09:08:13Z,v2,hard_neg_mac_holdout,hard_negative,0.995,fpr,0.8667,15,,
2026-04-14T09:08:13Z,v2,hard_neg_mac_holdout,hard_negative,0.996,fpr,0.8667,15,,
2026-04-14T09:08:13Z,v2,hard_neg_mac_holdout,hard_negative,0.999,fpr,0.8667,15,,
2026-04-14T09:08:13Z,v2,hard_neg_isa_xtts,hard_negative,0.97,fpr,1.0000,60,,
2026-04-14T09:08:13Z,v2,hard_neg_isa_xtts,hard_negative,0.99,fpr,1.0000,60,,
2026-04-14T09:08:13Z,v2,hard_neg_isa_xtts,hard_negative,0.995,fpr,1.0000,60,,
2026-04-14T09:08:13Z,v2,hard_neg_isa_xtts,hard_negative,0.996,fpr,1.0000,60,,
2026-04-14T09:08:13Z,v2,hard_neg_isa_xtts,hard_negative,0.999,fpr,1.0000,60,,
2026-04-14T09:08:13Z,v2,hard_neg_canary,hard_negative,0.97,fpr,1.0000,5,,
2026-04-14T09:08:13Z,v2,hard_neg_canary,hard_negative,0.99,fpr,1.0000,5,,
2026-04-14T09:08:13Z,v2,hard_neg_canary,hard_negative,0.995,fpr,1.0000,5,,
2026-04-14T09:08:13Z,v2,hard_neg_canary,hard_negative,0.996,fpr,1.0000,5,,
2026-04-14T09:08:13Z,v2,hard_neg_canary,hard_negative,0.999,fpr,1.0000,5,,
2026-04-14T09:08:13Z,v2,faph_cv_et,ambient,0.97,faph,436.8332,2000,3.82,
2026-04-14T09:08:13Z,v2,faph_cv_et,ambient,0.99,faph,371.6615,2000,3.82,
2026-04-14T09:08:13Z,v2,faph_cv_et,ambient,0.995,faph,345.4882,2000,3.82,
2026-04-14T09:08:13Z,v2,faph_cv_et,ambient,0.996,faph,340.7770,2000,3.82,
2026-04-14T09:08:13Z,v2,faph_cv_et,ambient,0.999,faph,292.8798,2000,3.82,
2026-04-14T09:08:13Z,v2,faph_librispeech,ambient,0.97,faph,194.7809,2620,5.62,
2026-04-14T09:08:13Z,v2,faph_librispeech,ambient,0.99,faph,161.5170,2620,5.62,
2026-04-14T09:08:13Z,v2,faph_librispeech,ambient,0.995,faph,149.2431,2620,5.62,
2026-04-14T09:08:13Z,v2,faph_librispeech,ambient,0.996,faph,146.3970,2620,5.62,
2026-04-14T09:08:13Z,v2,faph_librispeech,ambient,0.999,faph,132.8780,2620,5.62,
2026-04-14T09:08:13Z,v2,faph_macbook_bg,ambient,0.97,faph,2791.7399,14,1.17,
2026-04-14T09:08:13Z,v2,faph_macbook_bg,ambient,0.99,faph,2471.4605,14,1.17,
2026-04-14T09:08:13Z,v2,faph_macbook_bg,ambient,0.995,faph,2343.8626,14,1.17,
2026-04-14T09:08:13Z,v2,faph_macbook_bg,ambient,0.996,faph,2310.4645,14,1.17,
2026-04-14T09:08:13Z,v2,faph_macbook_bg,ambient,0.999,faph,2094.6613,14,1.17,
2026-04-14T09:08:13Z,v2,faph_dipco,ambient,0.97,faph,1307.8191,6,3.32,
2026-04-14T09:08:13Z,v2,faph_dipco,ambient,0.99,faph,1111.5710,6,3.32,
2026-04-14T09:08:13Z,v2,faph_dipco,ambient,0.995,faph,1043.2453,6,3.32,
2026-04-14T09:08:13Z,v2,faph_dipco,ambient,0.996,faph,1027.2926,6,3.32,
2026-04-14T09:08:13Z,v2,faph_dipco,ambient,0.999,faph,902.3801,6,3.32,
2026-04-14T09:08:13Z,v3,pos_isa_xtts,positive,0.97,recall,0.9792,48,,
2026-04-14T09:08:13Z,v3,pos_isa_xtts,positive,0.99,recall,0.9792,48,,
2026-04-14T09:08:13Z,v3,pos_isa_xtts,positive,0.995,recall,0.9792,48,,
2026-04-14T09:08:13Z,v3,pos_isa_xtts,positive,0.996,recall,0.9792,48,,
2026-04-14T09:08:13Z,v3,pos_isa_xtts,positive,0.999,recall,0.9792,48,,
2026-04-14T09:08:13Z,v3,pos_ode,positive,0.97,recall,0.8182,11,,
2026-04-14T09:08:13Z,v3,pos_ode,positive,0.99,recall,0.8182,11,,
2026-04-14T09:08:13Z,v3,pos_ode,positive,0.995,recall,0.8182,11,,
2026-04-14T09:08:13Z,v3,pos_ode,positive,0.996,recall,0.8182,11,,
2026-04-14T09:08:13Z,v3,pos_ode,positive,0.999,recall,0.7273,11,,
2026-04-14T09:08:13Z,v3,pos_mattias_short_n50,positive,0.97,recall,1.0000,50,,
2026-04-14T09:08:13Z,v3,pos_mattias_short_n50,positive,0.99,recall,1.0000,50,,
2026-04-14T09:08:13Z,v3,pos_mattias_short_n50,positive,0.995,recall,1.0000,50,,
2026-04-14T09:08:13Z,v3,pos_mattias_short_n50,positive,0.996,recall,1.0000,50,,
2026-04-14T09:08:13Z,v3,pos_mattias_short_n50,positive,0.999,recall,1.0000,50,,
2026-04-14T09:08:13Z,v3,hard_neg_mac_holdout,hard_negative,0.97,fpr,0.8000,15,,
2026-04-14T09:08:13Z,v3,hard_neg_mac_holdout,hard_negative,0.99,fpr,0.7333,15,,
2026-04-14T09:08:13Z,v3,hard_neg_mac_holdout,hard_negative,0.995,fpr,0.7333,15,,
2026-04-14T09:08:13Z,v3,hard_neg_mac_holdout,hard_negative,0.996,fpr,0.7333,15,,
2026-04-14T09:08:13Z,v3,hard_neg_mac_holdout,hard_negative,0.999,fpr,0.6667,15,,
2026-04-14T09:08:13Z,v3,hard_neg_isa_xtts,hard_negative,0.97,fpr,1.0000,60,,
2026-04-14T09:08:13Z,v3,hard_neg_isa_xtts,hard_negative,0.99,fpr,1.0000,60,,
2026-04-14T09:08:13Z,v3,hard_neg_isa_xtts,hard_negative,0.995,fpr,1.0000,60,,
2026-04-14T09:08:13Z,v3,hard_neg_isa_xtts,hard_negative,0.996,fpr,1.0000,60,,
2026-04-14T09:08:13Z,v3,hard_neg_isa_xtts,hard_negative,0.999,fpr,1.0000,60,,
2026-04-14T09:08:13Z,v3,hard_neg_canary,hard_negative,0.97,fpr,1.0000,5,,
2026-04-14T09:08:13Z,v3,hard_neg_canary,hard_negative,0.99,fpr,1.0000,5,,
2026-04-14T09:08:13Z,v3,hard_neg_canary,hard_negative,0.995,fpr,0.8000,5,,
2026-04-14T09:08:13Z,v3,hard_neg_canary,hard_negative,0.996,fpr,0.8000,5,,
2026-04-14T09:08:13Z,v3,hard_neg_canary,hard_negative,0.999,fpr,0.8000,5,,
2026-04-14T09:08:13Z,v3,faph_cv_et,ambient,0.97,faph,985.6883,2000,3.82,
2026-04-14T09:08:13Z,v3,faph_cv_et,ambient,0.99,faph,869.4786,2000,3.82,
2026-04-14T09:08:13Z,v3,faph_cv_et,ambient,0.995,faph,816.3467,2000,3.82,
2026-04-14T09:08:13Z,v3,faph_cv_et,ambient,0.996,faph,810.3268,2000,3.82,
2026-04-14T09:08:13Z,v3,faph_cv_et,ambient,0.999,faph,749.0812,2000,3.82,
2026-04-14T09:08:13Z,v3,faph_librispeech,ambient,0.97,faph,620.0971,2620,5.62,
2026-04-14T09:08:13Z,v3,faph_librispeech,ambient,0.99,faph,543.0742,2620,5.62,
2026-04-14T09:08:13Z,v3,faph_librispeech,ambient,0.995,faph,508.5650,2620,5.62,
2026-04-14T09:08:13Z,v3,faph_librispeech,ambient,0.996,faph,502.1613,2620,5.62,
2026-04-14T09:08:13Z,v3,faph_librispeech,ambient,0.999,faph,463.0272,2620,5.62,
2026-04-14T09:08:13Z,v3,faph_macbook_bg,ambient,0.97,faph,1881.4272,14,1.17,
2026-04-14T09:08:13Z,v3,faph_macbook_bg,ambient,0.99,faph,1450.6771,14,1.17,
2026-04-14T09:08:13Z,v3,faph_macbook_bg,ambient,0.995,faph,1314.5156,14,1.17,
2026-04-14T09:08:13Z,v3,faph_macbook_bg,ambient,0.996,faph,1303.3829,14,1.17,
2026-04-14T09:08:13Z,v3,faph_macbook_bg,ambient,0.999,faph,1132.9668,14,1.17,
2026-04-14T09:08:13Z,v3,faph_dipco,ambient,0.97,faph,638.7093,6,3.32,
2026-04-14T09:08:13Z,v3,faph_dipco,ambient,0.99,faph,515.9038,6,3.32,
2026-04-14T09:08:13Z,v3,faph_dipco,ambient,0.995,faph,468.3467,6,3.32,
2026-04-14T09:08:13Z,v3,faph_dipco,ambient,0.996,faph,461.1229,6,3.32,
2026-04-14T09:08:13Z,v3,faph_dipco,ambient,0.999,faph,407.8469,6,3.32,
2026-04-14T09:08:13Z,v4,pos_isa_xtts,positive,0.97,recall,0.7500,48,,
2026-04-14T09:08:13Z,v4,pos_isa_xtts,positive,0.99,recall,0.7083,48,,
2026-04-14T09:08:13Z,v4,pos_isa_xtts,positive,0.995,recall,0.7083,48,,
2026-04-14T09:08:13Z,v4,pos_isa_xtts,positive,0.996,recall,0.6875,48,,
2026-04-14T09:08:13Z,v4,pos_isa_xtts,positive,0.999,recall,0.6458,48,,
2026-04-14T09:08:13Z,v4,pos_ode,positive,0.97,recall,0.2727,11,,
2026-04-14T09:08:13Z,v4,pos_ode,positive,0.99,recall,0.2727,11,,
2026-04-14T09:08:13Z,v4,pos_ode,positive,0.995,recall,0.2727,11,,
2026-04-14T09:08:13Z,v4,pos_ode,positive,0.996,recall,0.2727,11,,
2026-04-14T09:08:13Z,v4,pos_ode,positive,0.999,recall,0.2727,11,,
2026-04-14T09:08:13Z,v4,pos_mattias_short_n50,positive,0.97,recall,0.6800,50,,
2026-04-14T09:08:13Z,v4,pos_mattias_short_n50,positive,0.99,recall,0.6800,50,,
2026-04-14T09:08:13Z,v4,pos_mattias_short_n50,positive,0.995,recall,0.6600,50,,
2026-04-14T09:08:13Z,v4,pos_mattias_short_n50,positive,0.996,recall,0.6600,50,,
2026-04-14T09:08:13Z,v4,pos_mattias_short_n50,positive,0.999,recall,0.6400,50,,
2026-04-14T09:08:13Z,v4,hard_neg_mac_holdout,hard_negative,0.97,fpr,0.7333,15,,
2026-04-14T09:08:13Z,v4,hard_neg_mac_holdout,hard_negative,0.99,fpr,0.7333,15,,
2026-04-14T09:08:13Z,v4,hard_neg_mac_holdout,hard_negative,0.995,fpr,0.7333,15,,
2026-04-14T09:08:13Z,v4,hard_neg_mac_holdout,hard_negative,0.996,fpr,0.7333,15,,
2026-04-14T09:08:13Z,v4,hard_neg_mac_holdout,hard_negative,0.999,fpr,0.7333,15,,
2026-04-14T09:08:13Z,v4,hard_neg_isa_xtts,hard_negative,0.97,fpr,0.7167,60,,
2026-04-14T09:08:13Z,v4,hard_neg_isa_xtts,hard_negative,0.99,fpr,0.6667,60,,
2026-04-14T09:08:13Z,v4,hard_neg_isa_xtts,hard_negative,0.995,fpr,0.6667,60,,
2026-04-14T09:08:13Z,v4,hard_neg_isa_xtts,hard_negative,0.996,fpr,0.6667,60,,
2026-04-14T09:08:13Z,v4,hard_neg_isa_xtts,hard_negative,0.999,fpr,0.6333,60,,
2026-04-14T09:08:13Z,v4,hard_neg_canary,hard_negative,0.97,fpr,0.4000,5,,
2026-04-14T09:08:13Z,v4,hard_neg_canary,hard_negative,0.99,fpr,0.4000,5,,
2026-04-14T09:08:13Z,v4,hard_neg_canary,hard_negative,0.995,fpr,0.2000,5,,
2026-04-14T09:08:13Z,v4,hard_neg_canary,hard_negative,0.996,fpr,0.2000,5,,
2026-04-14T09:08:13Z,v4,hard_neg_canary,hard_negative,0.999,fpr,0.2000,5,,
2026-04-14T09:08:13Z,v4,faph_cv_et,ambient,0.97,faph,343.9178,2000,3.82,
2026-04-14T09:08:13Z,v4,faph_cv_et,ambient,0.99,faph,289.2155,2000,3.82,
2026-04-14T09:08:13Z,v4,faph_cv_et,ambient,0.995,faph,246.8147,2000,3.82,
2026-04-14T09:08:13Z,v4,faph_cv_et,ambient,0.996,faph,238.7009,2000,3.82,
2026-04-14T09:08:13Z,v4,faph_cv_et,ambient,0.999,faph,197.6088,2000,3.82,
2026-04-14T09:08:13Z,v4,faph_librispeech,ambient,0.97,faph,156.7142,2620,5.62,
2026-04-14T09:08:13Z,v4,faph_librispeech,ambient,0.99,faph,132.7001,2620,5.62,
2026-04-14T09:08:13Z,v4,faph_librispeech,ambient,0.995,faph,121.8493,2620,5.62,
2026-04-14T09:08:13Z,v4,faph_librispeech,ambient,0.996,faph,117.4022,2620,5.62,
2026-04-14T09:08:13Z,v4,faph_librispeech,ambient,0.999,faph,99.0803,2620,5.62,
2026-04-14T09:08:13Z,v4,faph_macbook_bg,ambient,0.97,faph,108.7580,14,1.17,
2026-04-14T09:08:13Z,v4,faph_macbook_bg,ambient,0.99,faph,84.7798,14,1.17,
2026-04-14T09:08:13Z,v4,faph_macbook_bg,ambient,0.995,faph,69.3653,14,1.17,
2026-04-14T09:08:13Z,v4,faph_macbook_bg,ambient,0.996,faph,66.7962,14,1.17,
2026-04-14T09:08:13Z,v4,faph_macbook_bg,ambient,0.999,faph,49.6690,14,1.17,
2026-04-14T09:08:13Z,v4,faph_dipco,ambient,0.97,faph,49.6640,6,3.32,
2026-04-14T09:08:13Z,v4,faph_dipco,ambient,0.99,faph,38.2262,6,3.32,
2026-04-14T09:08:13Z,v4,faph_dipco,ambient,0.995,faph,33.4103,6,3.32,
2026-04-14T09:08:13Z,v4,faph_dipco,ambient,0.996,faph,32.2064,6,3.32,
2026-04-14T09:08:13Z,v4,faph_dipco,ambient,0.999,faph,26.4875,6,3.32,
2026-04-14T09:08:13Z,v5,pos_isa_xtts,positive,0.97,recall,1.0000,48,,
2026-04-14T09:08:13Z,v5,pos_isa_xtts,positive,0.99,recall,1.0000,48,,
2026-04-14T09:08:13Z,v5,pos_isa_xtts,positive,0.995,recall,1.0000,48,,
2026-04-14T09:08:13Z,v5,pos_isa_xtts,positive,0.996,recall,1.0000,48,,
2026-04-14T09:08:13Z,v5,pos_isa_xtts,positive,0.999,recall,1.0000,48,,
2026-04-14T09:08:13Z,v5,pos_ode,positive,0.97,recall,0.9091,11,,
2026-04-14T09:08:13Z,v5,pos_ode,positive,0.99,recall,0.9091,11,,
2026-04-14T09:08:13Z,v5,pos_ode,positive,0.995,recall,0.9091,11,,
2026-04-14T09:08:13Z,v5,pos_ode,positive,0.996,recall,0.9091,11,,
2026-04-14T09:08:13Z,v5,pos_ode,positive,0.999,recall,0.9091,11,,
2026-04-14T09:08:13Z,v5,pos_mattias_short_n50,positive,0.97,recall,0.8400,50,,
2026-04-14T09:08:13Z,v5,pos_mattias_short_n50,positive,0.99,recall,0.8000,50,,
2026-04-14T09:08:13Z,v5,pos_mattias_short_n50,positive,0.995,recall,0.8000,50,,
2026-04-14T09:08:13Z,v5,pos_mattias_short_n50,positive,0.996,recall,0.8000,50,,
2026-04-14T09:08:13Z,v5,pos_mattias_short_n50,positive,0.999,recall,0.8000,50,,
2026-04-14T09:08:13Z,v5,hard_neg_mac_holdout,hard_negative,0.97,fpr,1.0000,15,,
2026-04-14T09:08:13Z,v5,hard_neg_mac_holdout,hard_negative,0.99,fpr,1.0000,15,,
2026-04-14T09:08:13Z,v5,hard_neg_mac_holdout,hard_negative,0.995,fpr,1.0000,15,,
2026-04-14T09:08:13Z,v5,hard_neg_mac_holdout,hard_negative,0.996,fpr,1.0000,15,,
2026-04-14T09:08:13Z,v5,hard_neg_mac_holdout,hard_negative,0.999,fpr,1.0000,15,,
2026-04-14T09:08:13Z,v5,hard_neg_isa_xtts,hard_negative,0.97,fpr,0.8667,60,,
2026-04-14T09:08:13Z,v5,hard_neg_isa_xtts,hard_negative,0.99,fpr,0.8167,60,,
2026-04-14T09:08:13Z,v5,hard_neg_isa_xtts,hard_negative,0.995,fpr,0.8167,60,,
2026-04-14T09:08:13Z,v5,hard_neg_isa_xtts,hard_negative,0.996,fpr,0.8167,60,,
2026-04-14T09:08:13Z,v5,hard_neg_isa_xtts,hard_negative,0.999,fpr,0.7833,60,,
2026-04-14T09:08:13Z,v5,hard_neg_canary,hard_negative,0.97,fpr,0.0000,5,,
2026-04-14T09:08:13Z,v5,hard_neg_canary,hard_negative,0.99,fpr,0.0000,5,,
2026-04-14T09:08:13Z,v5,hard_neg_canary,hard_negative,0.995,fpr,0.0000,5,,
2026-04-14T09:08:13Z,v5,hard_neg_canary,hard_negative,0.996,fpr,0.0000,5,,
2026-04-14T09:08:13Z,v5,hard_neg_canary,hard_negative,0.999,fpr,0.0000,5,,
2026-04-14T09:08:13Z,v5,faph_cv_et,ambient,0.97,faph,42.1391,2000,3.82,
2026-04-14T09:08:13Z,v5,faph_cv_et,ambient,0.99,faph,28.0055,2000,3.82,
2026-04-14T09:08:13Z,v5,faph_cv_et,ambient,0.995,faph,24.3412,2000,3.82,
2026-04-14T09:08:13Z,v5,faph_cv_et,ambient,0.996,faph,23.5560,2000,3.82,
2026-04-14T09:08:13Z,v5,faph_cv_et,ambient,0.999,faph,20.1535,2000,3.82,
2026-04-14T09:08:13Z,v5,faph_librispeech,ambient,0.97,faph,9.4278,2620,5.62,
2026-04-14T09:08:13Z,v5,faph_librispeech,ambient,0.99,faph,7.4710,2620,5.62,
2026-04-14T09:08:13Z,v5,faph_librispeech,ambient,0.995,faph,6.7595,2620,5.62,
2026-04-14T09:08:13Z,v5,faph_librispeech,ambient,0.996,faph,6.2259,2620,5.62,
2026-04-14T09:08:13Z,v5,faph_librispeech,ambient,0.999,faph,4.4471,2620,5.62,
2026-04-14T09:08:13Z,v5,faph_macbook_bg,ambient,0.97,faph,26.5472,14,1.17,
2026-04-14T09:08:13Z,v5,faph_macbook_bg,ambient,0.99,faph,22.2654,14,1.17,
2026-04-14T09:08:13Z,v5,faph_macbook_bg,ambient,0.995,faph,18.8400,14,1.17,
2026-04-14T09:08:13Z,v5,faph_macbook_bg,ambient,0.996,faph,18.8400,14,1.17,
2026-04-14T09:08:13Z,v5,faph_macbook_bg,ambient,0.999,faph,16.2709,14,1.17,
2026-04-14T09:08:13Z,v5,faph_dipco,ambient,0.97,faph,27.9924,6,3.32,
2026-04-14T09:08:13Z,v5,faph_dipco,ambient,0.99,faph,22.5746,6,3.32,
2026-04-14T09:08:13Z,v5,faph_dipco,ambient,0.995,faph,19.5646,6,3.32,
2026-04-14T09:08:13Z,v5,faph_dipco,ambient,0.996,faph,18.9626,6,3.32,
2026-04-14T09:08:13Z,v5,faph_dipco,ambient,0.999,faph,16.8557,6,3.32,
2026-04-14T09:08:13Z,v6,pos_isa_xtts,positive,0.97,recall,1.0000,48,,
2026-04-14T09:08:13Z,v6,pos_isa_xtts,positive,0.99,recall,1.0000,48,,
2026-04-14T09:08:13Z,v6,pos_isa_xtts,positive,0.995,recall,0.9792,48,,
2026-04-14T09:08:13Z,v6,pos_isa_xtts,positive,0.996,recall,0.9792,48,,
2026-04-14T09:08:13Z,v6,pos_isa_xtts,positive,0.999,recall,0.9792,48,,
2026-04-14T09:08:13Z,v6,pos_ode,positive,0.97,recall,0.8182,11,,
2026-04-14T09:08:13Z,v6,pos_ode,positive,0.99,recall,0.8182,11,,
2026-04-14T09:08:13Z,v6,pos_ode,positive,0.995,recall,0.8182,11,,
2026-04-14T09:08:13Z,v6,pos_ode,positive,0.996,recall,0.8182,11,,
2026-04-14T09:08:13Z,v6,pos_ode,positive,0.999,recall,0.8182,11,,
2026-04-14T09:08:13Z,v6,pos_mattias_short_n50,positive,0.97,recall,0.8600,50,,
2026-04-14T09:08:13Z,v6,pos_mattias_short_n50,positive,0.99,recall,0.8400,50,,
2026-04-14T09:08:13Z,v6,pos_mattias_short_n50,positive,0.995,recall,0.8400,50,,
2026-04-14T09:08:13Z,v6,pos_mattias_short_n50,positive,0.996,recall,0.8400,50,,
2026-04-14T09:08:13Z,v6,pos_mattias_short_n50,positive,0.999,recall,0.8200,50,,
2026-04-14T09:08:13Z,v6,hard_neg_mac_holdout,hard_negative,0.97,fpr,1.0000,15,,
2026-04-14T09:08:13Z,v6,hard_neg_mac_holdout,hard_negative,0.99,fpr,1.0000,15,,
2026-04-14T09:08:13Z,v6,hard_neg_mac_holdout,hard_negative,0.995,fpr,1.0000,15,,
2026-04-14T09:08:13Z,v6,hard_neg_mac_holdout,hard_negative,0.996,fpr,1.0000,15,,
2026-04-14T09:08:13Z,v6,hard_neg_mac_holdout,hard_negative,0.999,fpr,1.0000,15,,
2026-04-14T09:08:13Z,v6,hard_neg_isa_xtts,hard_negative,0.97,fpr,0.6333,60,,
2026-04-14T09:08:13Z,v6,hard_neg_isa_xtts,hard_negative,0.99,fpr,0.6167,60,,
2026-04-14T09:08:13Z,v6,hard_neg_isa_xtts,hard_negative,0.995,fpr,0.6000,60,,
2026-04-14T09:08:13Z,v6,hard_neg_isa_xtts,hard_negative,0.996,fpr,0.5833,60,,
2026-04-14T09:08:13Z,v6,hard_neg_isa_xtts,hard_negative,0.999,fpr,0.5667,60,,
2026-04-14T09:08:13Z,v6,hard_neg_canary,hard_negative,0.97,fpr,0.0000,5,,
2026-04-14T09:08:13Z,v6,hard_neg_canary,hard_negative,0.99,fpr,0.0000,5,,
2026-04-14T09:08:13Z,v6,hard_neg_canary,hard_negative,0.995,fpr,0.0000,5,,
2026-04-14T09:08:13Z,v6,hard_neg_canary,hard_negative,0.996,fpr,0.0000,5,,
2026-04-14T09:08:13Z,v6,hard_neg_canary,hard_negative,0.999,fpr,0.0000,5,,
2026-04-14T09:08:13Z,v6,faph_cv_et,ambient,0.97,faph,44.4947,2000,3.82,
2026-04-14T09:08:13Z,v6,faph_cv_et,ambient,0.99,faph,29.5759,2000,3.82,
2026-04-14T09:08:13Z,v6,faph_cv_et,ambient,0.995,faph,25.3881,2000,3.82,
2026-04-14T09:08:13Z,v6,faph_cv_et,ambient,0.996,faph,24.6029,2000,3.82,
2026-04-14T09:08:13Z,v6,faph_cv_et,ambient,0.999,faph,23.5560,2000,3.82,
2026-04-14T09:08:13Z,v6,faph_librispeech,ambient,0.97,faph,8.7162,2620,5.62,
2026-04-14T09:08:13Z,v6,faph_librispeech,ambient,0.99,faph,6.5816,2620,5.62,
2026-04-14T09:08:13Z,v6,faph_librispeech,ambient,0.995,faph,5.1586,2620,5.62,
2026-04-14T09:08:13Z,v6,faph_librispeech,ambient,0.996,faph,4.6249,2620,5.62,
2026-04-14T09:08:13Z,v6,faph_librispeech,ambient,0.999,faph,3.9134,2620,5.62,
2026-04-14T09:08:13Z,v6,faph_macbook_bg,ambient,0.97,faph,15.4145,14,1.17,
2026-04-14T09:08:13Z,v6,faph_macbook_bg,ambient,0.99,faph,10.2763,14,1.17,
2026-04-14T09:08:13Z,v6,faph_macbook_bg,ambient,0.995,faph,9.4200,14,1.17,
2026-04-14T09:08:13Z,v6,faph_macbook_bg,ambient,0.996,faph,9.4200,14,1.17,
2026-04-14T09:08:13Z,v6,faph_macbook_bg,ambient,0.999,faph,9.4200,14,1.17,
2026-04-14T09:08:13Z,v6,faph_dipco,ambient,0.97,faph,4.2139,6,3.32,
2026-04-14T09:08:13Z,v6,faph_dipco,ambient,0.99,faph,2.7089,6,3.32,
2026-04-14T09:08:13Z,v6,faph_dipco,ambient,0.995,faph,2.7089,6,3.32,
2026-04-14T09:08:13Z,v6,faph_dipco,ambient,0.996,faph,2.7089,6,3.32,
2026-04-14T09:08:13Z,v6,faph_dipco,ambient,0.999,faph,2.4080,6,3.32,
2026-04-14T09:08:13Z,v6-residual,pos_isa_xtts,positive,0.97,recall,1.0000,48,,
2026-04-14T09:08:13Z,v6-residual,pos_isa_xtts,positive,0.99,recall,1.0000,48,,
2026-04-14T09:08:13Z,v6-residual,pos_isa_xtts,positive,0.995,recall,1.0000,48,,
2026-04-14T09:08:13Z,v6-residual,pos_isa_xtts,positive,0.996,recall,1.0000,48,,
2026-04-14T09:08:13Z,v6-residual,pos_isa_xtts,positive,0.999,recall,1.0000,48,,
2026-04-14T09:08:13Z,v6-residual,pos_ode,positive,0.97,recall,0.9091,11,,
2026-04-14T09:08:13Z,v6-residual,pos_ode,positive,0.99,recall,0.9091,11,,
2026-04-14T09:08:13Z,v6-residual,pos_ode,positive,0.995,recall,0.9091,11,,
2026-04-14T09:08:13Z,v6-residual,pos_ode,positive,0.996,recall,0.9091,11,,
2026-04-14T09:08:13Z,v6-residual,pos_ode,positive,0.999,recall,0.9091,11,,
2026-04-14T09:08:13Z,v6-residual,pos_mattias_short_n50,positive,0.97,recall,0.8000,50,,
2026-04-14T09:08:13Z,v6-residual,pos_mattias_short_n50,positive,0.99,recall,0.8000,50,,
2026-04-14T09:08:13Z,v6-residual,pos_mattias_short_n50,positive,0.995,recall,0.7800,50,,
2026-04-14T09:08:13Z,v6-residual,pos_mattias_short_n50,positive,0.996,recall,0.7800,50,,
2026-04-14T09:08:13Z,v6-residual,pos_mattias_short_n50,positive,0.999,recall,0.7600,50,,
2026-04-14T09:08:13Z,v6-residual,hard_neg_mac_holdout,hard_negative,0.97,fpr,1.0000,15,,
2026-04-14T09:08:13Z,v6-residual,hard_neg_mac_holdout,hard_negative,0.99,fpr,1.0000,15,,
2026-04-14T09:08:13Z,v6-residual,hard_neg_mac_holdout,hard_negative,0.995,fpr,0.9333,15,,
2026-04-14T09:08:13Z,v6-residual,hard_neg_mac_holdout,hard_negative,0.996,fpr,0.9333,15,,
2026-04-14T09:08:13Z,v6-residual,hard_neg_mac_holdout,hard_negative,0.999,fpr,0.9333,15,,
2026-04-14T09:08:13Z,v6-residual,hard_neg_isa_xtts,hard_negative,0.97,fpr,0.7500,60,,
2026-04-14T09:08:13Z,v6-residual,hard_neg_isa_xtts,hard_negative,0.99,fpr,0.7333,60,,
2026-04-14T09:08:13Z,v6-residual,hard_neg_isa_xtts,hard_negative,0.995,fpr,0.7333,60,,
2026-04-14T09:08:13Z,v6-residual,hard_neg_isa_xtts,hard_negative,0.996,fpr,0.7333,60,,
2026-04-14T09:08:13Z,v6-residual,hard_neg_isa_xtts,hard_negative,0.999,fpr,0.7333,60,,
2026-04-14T09:08:13Z,v6-residual,hard_neg_canary,hard_negative,0.97,fpr,0.0000,5,,
2026-04-14T09:08:13Z,v6-residual,hard_neg_canary,hard_negative,0.99,fpr,0.0000,5,,
2026-04-14T09:08:13Z,v6-residual,hard_neg_canary,hard_negative,0.995,fpr,0.0000,5,,
2026-04-14T09:08:13Z,v6-residual,hard_neg_canary,hard_negative,0.996,fpr,0.0000,5,,
2026-04-14T09:08:13Z,v6-residual,hard_neg_canary,hard_negative,0.999,fpr,0.0000,5,,
2026-04-14T09:08:13Z,v6-residual,faph_cv_et,ambient,0.97,faph,23.5560,2000,3.82,
2026-04-14T09:08:13Z,v6-residual,faph_cv_et,ambient,0.99,faph,17.7979,2000,3.82,
2026-04-14T09:08:13Z,v6-residual,faph_cv_et,ambient,0.995,faph,14.3953,2000,3.82,
2026-04-14T09:08:13Z,v6-residual,faph_cv_et,ambient,0.996,faph,14.3953,2000,3.82,
2026-04-14T09:08:13Z,v6-residual,faph_cv_et,ambient,0.999,faph,12.3015,2000,3.82,
2026-04-14T09:08:13Z,v6-residual,faph_librispeech,ambient,0.97,faph,7.8268,2620,5.62,
2026-04-14T09:08:13Z,v6-residual,faph_librispeech,ambient,0.99,faph,4.9807,2620,5.62,
2026-04-14T09:08:13Z,v6-residual,faph_librispeech,ambient,0.995,faph,4.0913,2620,5.62,
2026-04-14T09:08:13Z,v6-residual,faph_librispeech,ambient,0.996,faph,3.9134,2620,5.62,
2026-04-14T09:08:13Z,v6-residual,faph_librispeech,ambient,0.999,faph,3.3798,2620,5.62,
2026-04-14T09:08:13Z,v6-residual,faph_macbook_bg,ambient,0.97,faph,5.1382,14,1.17,
2026-04-14T09:08:13Z,v6-residual,faph_macbook_bg,ambient,0.99,faph,4.2818,14,1.17,
2026-04-14T09:08:13Z,v6-residual,faph_macbook_bg,ambient,0.995,faph,3.4254,14,1.17,
2026-04-14T09:08:13Z,v6-residual,faph_macbook_bg,ambient,0.996,faph,3.4254,14,1.17,
2026-04-14T09:08:13Z,v6-residual,faph_macbook_bg,ambient,0.999,faph,3.4254,14,1.17,
2026-04-14T09:08:13Z,v6-residual,faph_dipco,ambient,0.97,faph,1.2040,6,3.32,
2026-04-14T09:08:13Z,v6-residual,faph_dipco,ambient,0.99,faph,0.3010,6,3.32,
2026-04-14T09:08:13Z,v6-residual,faph_dipco,ambient,0.995,faph,0.3010,6,3.32,
2026-04-14T09:08:13Z,v6-residual,faph_dipco,ambient,0.996,faph,0.3010,6,3.32,
2026-04-14T09:08:13Z,v6-residual,faph_dipco,ambient,0.999,faph,0.3010,6,3.32,
2026-04-14T09:08:13Z,v6-specaug,pos_isa_xtts,positive,0.97,recall,0.9167,48,,
2026-04-14T09:08:13Z,v6-specaug,pos_isa_xtts,positive,0.99,recall,0.8750,48,,
2026-04-14T09:08:13Z,v6-specaug,pos_isa_xtts,positive,0.995,recall,0.8542,48,,
2026-04-14T09:08:13Z,v6-specaug,pos_isa_xtts,positive,0.996,recall,0.8333,48,,
2026-04-14T09:08:13Z,v6-specaug,pos_isa_xtts,positive,0.999,recall,0.7917,48,,
2026-04-14T09:08:13Z,v6-specaug,pos_ode,positive,0.97,recall,0.6364,11,,
2026-04-14T09:08:13Z,v6-specaug,pos_ode,positive,0.99,recall,0.5455,11,,
2026-04-14T09:08:13Z,v6-specaug,pos_ode,positive,0.995,recall,0.5455,11,,
2026-04-14T09:08:13Z,v6-specaug,pos_ode,positive,0.996,recall,0.5455,11,,
2026-04-14T09:08:13Z,v6-specaug,pos_ode,positive,0.999,recall,0.4545,11,,
2026-04-14T09:08:13Z,v6-specaug,pos_mattias_short_n50,positive,0.97,recall,1.0000,50,,
2026-04-14T09:08:13Z,v6-specaug,pos_mattias_short_n50,positive,0.99,recall,1.0000,50,,
2026-04-14T09:08:13Z,v6-specaug,pos_mattias_short_n50,positive,0.995,recall,1.0000,50,,
2026-04-14T09:08:13Z,v6-specaug,pos_mattias_short_n50,positive,0.996,recall,1.0000,50,,
2026-04-14T09:08:13Z,v6-specaug,pos_mattias_short_n50,positive,0.999,recall,1.0000,50,,
2026-04-14T09:08:13Z,v6-specaug,hard_neg_mac_holdout,hard_negative,0.97,fpr,0.9333,15,,
2026-04-14T09:08:13Z,v6-specaug,hard_neg_mac_holdout,hard_negative,0.99,fpr,0.8667,15,,
2026-04-14T09:08:13Z,v6-specaug,hard_neg_mac_holdout,hard_negative,0.995,fpr,0.8667,15,,
2026-04-14T09:08:13Z,v6-specaug,hard_neg_mac_holdout,hard_negative,0.996,fpr,0.8667,15,,
2026-04-14T09:08:13Z,v6-specaug,hard_neg_mac_holdout,hard_negative,0.999,fpr,0.8667,15,,
2026-04-14T09:08:13Z,v6-specaug,hard_neg_isa_xtts,hard_negative,0.97,fpr,0.7333,60,,
2026-04-14T09:08:13Z,v6-specaug,hard_neg_isa_xtts,hard_negative,0.99,fpr,0.6667,60,,
2026-04-14T09:08:13Z,v6-specaug,hard_neg_isa_xtts,hard_negative,0.995,fpr,0.5667,60,,
2026-04-14T09:08:13Z,v6-specaug,hard_neg_isa_xtts,hard_negative,0.996,fpr,0.5500,60,,
2026-04-14T09:08:13Z,v6-specaug,hard_neg_isa_xtts,hard_negative,0.999,fpr,0.4500,60,,
2026-04-14T09:08:13Z,v6-specaug,hard_neg_canary,hard_negative,0.97,fpr,0.4000,5,,
2026-04-14T09:08:13Z,v6-specaug,hard_neg_canary,hard_negative,0.99,fpr,0.4000,5,,
2026-04-14T09:08:13Z,v6-specaug,hard_neg_canary,hard_negative,0.995,fpr,0.4000,5,,
2026-04-14T09:08:13Z,v6-specaug,hard_neg_canary,hard_negative,0.996,fpr,0.4000,5,,
2026-04-14T09:08:13Z,v6-specaug,hard_neg_canary,hard_negative,0.999,fpr,0.2000,5,,
2026-04-14T09:08:13Z,v6-specaug,faph_cv_et,ambient,0.97,faph,246.8147,2000,3.82,
2026-04-14T09:08:13Z,v6-specaug,faph_cv_et,ambient,0.99,faph,170.6502,2000,3.82,
2026-04-14T09:08:13Z,v6-specaug,faph_cv_et,ambient,0.995,faph,136.3631,2000,3.82,
2026-04-14T09:08:13Z,v6-specaug,faph_cv_et,ambient,0.996,faph,126.9407,2000,3.82,
2026-04-14T09:08:13Z,v6-specaug,faph_cv_et,ambient,0.999,faph,97.1031,2000,3.82,
2026-04-14T09:08:13Z,v6-specaug,faph_librispeech,ambient,0.97,faph,500.3824,2620,5.62,
2026-04-14T09:08:13Z,v6-specaug,faph_librispeech,ambient,0.99,faph,367.1487,2620,5.62,
2026-04-14T09:08:13Z,v6-specaug,faph_librispeech,ambient,0.995,faph,312.8947,2620,5.62,
2026-04-14T09:08:13Z,v6-specaug,faph_librispeech,ambient,0.996,faph,299.5535,2620,5.62,
2026-04-14T09:08:13Z,v6-specaug,faph_librispeech,ambient,0.999,faph,241.9197,2620,5.62,
2026-04-14T09:08:13Z,v6-specaug,faph_macbook_bg,ambient,0.97,faph,94.1998,14,1.17,
2026-04-14T09:08:13Z,v6-specaug,faph_macbook_bg,ambient,0.99,faph,63.3708,14,1.17,
2026-04-14T09:08:13Z,v6-specaug,faph_macbook_bg,ambient,0.995,faph,50.5254,14,1.17,
2026-04-14T09:08:13Z,v6-specaug,faph_macbook_bg,ambient,0.996,faph,48.8126,14,1.17,
2026-04-14T09:08:13Z,v6-specaug,faph_macbook_bg,ambient,0.999,faph,39.3926,14,1.17,
2026-04-14T09:08:13Z,v6-specaug,faph_dipco,ambient,0.97,faph,26.4875,6,3.32,
2026-04-14T09:08:13Z,v6-specaug,faph_dipco,ambient,0.99,faph,17.4577,6,3.32,
2026-04-14T09:08:13Z,v6-specaug,faph_dipco,ambient,0.995,faph,14.1467,6,3.32,
2026-04-14T09:08:13Z,v6-specaug,faph_dipco,ambient,0.996,faph,12.6417,6,3.32,
2026-04-14T09:08:13Z,v6-specaug,faph_dipco,ambient,0.999,faph,8.1268,6,3.32,
2026-04-14T09:08:13Z,v7,pos_isa_xtts,positive,0.97,recall,0.4375,48,,
2026-04-14T09:08:13Z,v7,pos_isa_xtts,positive,0.99,recall,0.2917,48,,
2026-04-14T09:08:13Z,v7,pos_isa_xtts,positive,0.995,recall,0.2500,48,,
2026-04-14T09:08:13Z,v7,pos_isa_xtts,positive,0.996,recall,0.2083,48,,
2026-04-14T09:08:13Z,v7,pos_isa_xtts,positive,0.999,recall,0.1667,48,,
2026-04-14T09:08:13Z,v7,pos_ode,positive,0.97,recall,0.4545,11,,
2026-04-14T09:08:13Z,v7,pos_ode,positive,0.99,recall,0.3636,11,,
2026-04-14T09:08:13Z,v7,pos_ode,positive,0.995,recall,0.3636,11,,
2026-04-14T09:08:13Z,v7,pos_ode,positive,0.996,recall,0.3636,11,,
2026-04-14T09:08:13Z,v7,pos_ode,positive,0.999,recall,0.2727,11,,
2026-04-14T09:08:13Z,v7,pos_mattias_short_n50,positive,0.97,recall,0.8000,50,,
2026-04-14T09:08:13Z,v7,pos_mattias_short_n50,positive,0.99,recall,0.7600,50,,
2026-04-14T09:08:13Z,v7,pos_mattias_short_n50,positive,0.995,recall,0.7200,50,,
2026-04-14T09:08:13Z,v7,pos_mattias_short_n50,positive,0.996,recall,0.7200,50,,
2026-04-14T09:08:13Z,v7,pos_mattias_short_n50,positive,0.999,recall,0.7000,50,,
2026-04-14T09:08:13Z,v7,hard_neg_mac_holdout,hard_negative,0.97,fpr,0.8000,15,,
2026-04-14T09:08:13Z,v7,hard_neg_mac_holdout,hard_negative,0.99,fpr,0.8000,15,,
2026-04-14T09:08:13Z,v7,hard_neg_mac_holdout,hard_negative,0.995,fpr,0.7333,15,,
2026-04-14T09:08:13Z,v7,hard_neg_mac_holdout,hard_negative,0.996,fpr,0.7333,15,,
2026-04-14T09:08:13Z,v7,hard_neg_mac_holdout,hard_negative,0.999,fpr,0.7333,15,,
2026-04-14T09:08:13Z,v7,hard_neg_isa_xtts,hard_negative,0.97,fpr,0.2500,60,,
2026-04-14T09:08:13Z,v7,hard_neg_isa_xtts,hard_negative,0.99,fpr,0.1333,60,,
2026-04-14T09:08:13Z,v7,hard_neg_isa_xtts,hard_negative,0.995,fpr,0.0667,60,,
2026-04-14T09:08:13Z,v7,hard_neg_isa_xtts,hard_negative,0.996,fpr,0.0500,60,,
2026-04-14T09:08:13Z,v7,hard_neg_isa_xtts,hard_negative,0.999,fpr,0.0333,60,,
2026-04-14T09:08:13Z,v7,hard_neg_canary,hard_negative,0.97,fpr,0.0000,5,,
2026-04-14T09:08:13Z,v7,hard_neg_canary,hard_negative,0.99,fpr,0.0000,5,,
2026-04-14T09:08:13Z,v7,hard_neg_canary,hard_negative,0.995,fpr,0.0000,5,,
2026-04-14T09:08:13Z,v7,hard_neg_canary,hard_negative,0.996,fpr,0.0000,5,,
2026-04-14T09:08:13Z,v7,hard_neg_canary,hard_negative,0.999,fpr,0.0000,5,,
2026-04-14T09:08:13Z,v7,faph_cv_et,ambient,0.97,faph,78.7818,2000,3.82,
2026-04-14T09:08:13Z,v7,faph_cv_et,ambient,0.99,faph,45.2799,2000,3.82,
2026-04-14T09:08:13Z,v7,faph_cv_et,ambient,0.995,faph,36.1192,2000,3.82,
2026-04-14T09:08:13Z,v7,faph_cv_et,ambient,0.996,faph,33.2402,2000,3.82,
2026-04-14T09:08:13Z,v7,faph_cv_et,ambient,0.999,faph,23.5560,2000,3.82,
2026-04-14T09:08:13Z,v7,faph_librispeech,ambient,0.97,faph,137.3250,2620,5.62,
2026-04-14T09:08:13Z,v7,faph_librispeech,ambient,0.99,faph,86.9844,2620,5.62,
2026-04-14T09:08:13Z,v7,faph_librispeech,ambient,0.995,faph,72.0423,2620,5.62,
2026-04-14T09:08:13Z,v7,faph_librispeech,ambient,0.996,faph,69.1962,2620,5.62,
2026-04-14T09:08:13Z,v7,faph_librispeech,ambient,0.999,faph,54.6098,2620,5.62,
2026-04-14T09:08:13Z,v7,faph_macbook_bg,ambient,0.97,faph,36.8236,14,1.17,
2026-04-14T09:08:13Z,v7,faph_macbook_bg,ambient,0.99,faph,24.8345,14,1.17,
2026-04-14T09:08:13Z,v7,faph_macbook_bg,ambient,0.995,faph,22.2654,14,1.17,
2026-04-14T09:08:13Z,v7,faph_macbook_bg,ambient,0.996,faph,20.5527,14,1.17,
2026-04-14T09:08:13Z,v7,faph_macbook_bg,ambient,0.999,faph,16.2709,14,1.17,
2026-04-14T09:08:13Z,v7,faph_dipco,ambient,0.97,faph,9.3308,6,3.32,
2026-04-14T09:08:13Z,v7,faph_dipco,ambient,0.99,faph,5.1169,6,3.32,
2026-04-14T09:08:13Z,v7,faph_dipco,ambient,0.995,faph,4.5149,6,3.32,
2026-04-14T09:08:13Z,v7,faph_dipco,ambient,0.996,faph,4.5149,6,3.32,
2026-04-14T09:08:13Z,v7,faph_dipco,ambient,0.999,faph,3.6119,6,3.32,
2026-04-14T09:08:13Z,v8,pos_isa_xtts,positive,0.97,recall,0.6875,48,,
2026-04-14T09:08:13Z,v8,pos_isa_xtts,positive,0.99,recall,0.6250,48,,
2026-04-14T09:08:13Z,v8,pos_isa_xtts,positive,0.995,recall,0.5833,48,,
2026-04-14T09:08:13Z,v8,pos_isa_xtts,positive,0.996,recall,0.5833,48,,
2026-04-14T09:08:13Z,v8,pos_isa_xtts,positive,0.999,recall,0.5417,48,,
2026-04-14T09:08:13Z,v8,pos_ode,positive,0.97,recall,0.1818,11,,
2026-04-14T09:08:13Z,v8,pos_ode,positive,0.99,recall,0.0909,11,,
2026-04-14T09:08:13Z,v8,pos_ode,positive,0.995,recall,0.0909,11,,
2026-04-14T09:08:13Z,v8,pos_ode,positive,0.996,recall,0.0909,11,,
2026-04-14T09:08:13Z,v8,pos_ode,positive,0.999,recall,0.0000,11,,
2026-04-14T09:08:13Z,v8,pos_mattias_short_n50,positive,0.97,recall,0.9200,50,,
2026-04-14T09:08:13Z,v8,pos_mattias_short_n50,positive,0.99,recall,0.9000,50,,
2026-04-14T09:08:13Z,v8,pos_mattias_short_n50,positive,0.995,recall,0.9000,50,,
2026-04-14T09:08:13Z,v8,pos_mattias_short_n50,positive,0.996,recall,0.9000,50,,
2026-04-14T09:08:13Z,v8,pos_mattias_short_n50,positive,0.999,recall,0.8800,50,,
2026-04-14T09:08:13Z,v8,hard_neg_mac_holdout,hard_negative,0.97,fpr,0.3333,15,,
2026-04-14T09:08:13Z,v8,hard_neg_mac_holdout,hard_negative,0.99,fpr,0.2667,15,,
2026-04-14T09:08:13Z,v8,hard_neg_mac_holdout,hard_negative,0.995,fpr,0.2000,15,,
2026-04-14T09:08:13Z,v8,hard_neg_mac_holdout,hard_negative,0.996,fpr,0.2000,15,,
2026-04-14T09:08:13Z,v8,hard_neg_mac_holdout,hard_negative,0.999,fpr,0.1333,15,,
2026-04-14T09:08:13Z,v8,hard_neg_isa_xtts,hard_negative,0.97,fpr,0.2167,60,,
2026-04-14T09:08:13Z,v8,hard_neg_isa_xtts,hard_negative,0.99,fpr,0.1833,60,,
2026-04-14T09:08:13Z,v8,hard_neg_isa_xtts,hard_negative,0.995,fpr,0.1833,60,,
2026-04-14T09:08:13Z,v8,hard_neg_isa_xtts,hard_negative,0.996,fpr,0.1833,60,,
2026-04-14T09:08:13Z,v8,hard_neg_isa_xtts,hard_negative,0.999,fpr,0.1833,60,,
2026-04-14T09:08:13Z,v8,hard_neg_canary,hard_negative,0.97,fpr,0.0000,5,,
2026-04-14T09:08:13Z,v8,hard_neg_canary,hard_negative,0.99,fpr,0.0000,5,,
2026-04-14T09:08:13Z,v8,hard_neg_canary,hard_negative,0.995,fpr,0.0000,5,,
2026-04-14T09:08:13Z,v8,hard_neg_canary,hard_negative,0.996,fpr,0.0000,5,,
2026-04-14T09:08:13Z,v8,hard_neg_canary,hard_negative,0.999,fpr,0.0000,5,,
2026-04-14T09:08:13Z,v8,faph_cv_et,ambient,0.97,faph,55.7492,2000,3.82,
2026-04-14T09:08:13Z,v8,faph_cv_et,ambient,0.99,faph,35.5958,2000,3.82,
2026-04-14T09:08:13Z,v8,faph_cv_et,ambient,0.995,faph,27.7437,2000,3.82,
2026-04-14T09:08:13Z,v8,faph_cv_et,ambient,0.996,faph,25.6499,2000,3.82,
2026-04-14T09:08:13Z,v8,faph_cv_et,ambient,0.999,faph,18.8448,2000,3.82,
2026-04-14T09:08:13Z,v8,faph_librispeech,ambient,0.97,faph,75.4220,2620,5.62,
2026-04-14T09:08:13Z,v8,faph_librispeech,ambient,0.99,faph,51.7637,2620,5.62,
2026-04-14T09:08:13Z,v8,faph_librispeech,ambient,0.995,faph,42.3359,2620,5.62,
2026-04-14T09:08:13Z,v8,faph_librispeech,ambient,0.996,faph,41.6244,2620,5.62,
2026-04-14T09:08:13Z,v8,faph_librispeech,ambient,0.999,faph,32.9082,2620,5.62,
2026-04-14T09:08:13Z,v8,faph_macbook_bg,ambient,0.97,faph,9.4200,14,1.17,
2026-04-14T09:08:13Z,v8,faph_macbook_bg,ambient,0.99,faph,6.8509,14,1.17,
2026-04-14T09:08:13Z,v8,faph_macbook_bg,ambient,0.995,faph,5.1382,14,1.17,
2026-04-14T09:08:13Z,v8,faph_macbook_bg,ambient,0.996,faph,5.1382,14,1.17,
2026-04-14T09:08:13Z,v8,faph_macbook_bg,ambient,0.999,faph,5.1382,14,1.17,
2026-04-14T09:08:13Z,v8,faph_dipco,ambient,0.97,faph,7.5249,6,3.32,
2026-04-14T09:08:13Z,v8,faph_dipco,ambient,0.99,faph,5.7189,6,3.32,
2026-04-14T09:08:13Z,v8,faph_dipco,ambient,0.995,faph,3.9129,6,3.32,
2026-04-14T09:08:13Z,v8,faph_dipco,ambient,0.996,faph,3.9129,6,3.32,
2026-04-14T09:08:13Z,v8,faph_dipco,ambient,0.999,faph,2.1070,6,3.32,
2026-04-14T09:08:13Z,v9,pos_isa_xtts,positive,0.97,recall,0.8333,48,,
2026-04-14T09:08:13Z,v9,pos_isa_xtts,positive,0.99,recall,0.7708,48,,
2026-04-14T09:08:13Z,v9,pos_isa_xtts,positive,0.995,recall,0.7500,48,,
2026-04-14T09:08:13Z,v9,pos_isa_xtts,positive,0.996,recall,0.7500,48,,
2026-04-14T09:08:13Z,v9,pos_isa_xtts,positive,0.999,recall,0.6667,48,,
2026-04-14T09:08:13Z,v9,pos_ode,positive,0.97,recall,0.7273,11,,
2026-04-14T09:08:13Z,v9,pos_ode,positive,0.99,recall,0.7273,11,,
2026-04-14T09:08:13Z,v9,pos_ode,positive,0.995,recall,0.7273,11,,
2026-04-14T09:08:13Z,v9,pos_ode,positive,0.996,recall,0.6364,11,,
2026-04-14T09:08:13Z,v9,pos_ode,positive,0.999,recall,0.6364,11,,
2026-04-14T09:08:13Z,v9,pos_mattias_short_n50,positive,0.97,recall,0.9400,50,,
2026-04-14T09:08:13Z,v9,pos_mattias_short_n50,positive,0.99,recall,0.9400,50,,
2026-04-14T09:08:13Z,v9,pos_mattias_short_n50,positive,0.995,recall,0.9200,50,,
2026-04-14T09:08:13Z,v9,pos_mattias_short_n50,positive,0.996,recall,0.9200,50,,
2026-04-14T09:08:13Z,v9,pos_mattias_short_n50,positive,0.999,recall,0.9200,50,,
2026-04-14T09:08:13Z,v9,hard_neg_mac_holdout,hard_negative,0.97,fpr,0.8000,15,,
2026-04-14T09:08:13Z,v9,hard_neg_mac_holdout,hard_negative,0.99,fpr,0.7333,15,,
2026-04-14T09:08:13Z,v9,hard_neg_mac_holdout,hard_negative,0.995,fpr,0.6667,15,,
2026-04-14T09:08:13Z,v9,hard_neg_mac_holdout,hard_negative,0.996,fpr,0.6667,15,,
2026-04-14T09:08:13Z,v9,hard_neg_mac_holdout,hard_negative,0.999,fpr,0.6667,15,,
2026-04-14T09:08:13Z,v9,hard_neg_isa_xtts,hard_negative,0.97,fpr,0.6167,60,,
2026-04-14T09:08:13Z,v9,hard_neg_isa_xtts,hard_negative,0.99,fpr,0.5333,60,,
2026-04-14T09:08:13Z,v9,hard_neg_isa_xtts,hard_negative,0.995,fpr,0.4667,60,,
2026-04-14T09:08:13Z,v9,hard_neg_isa_xtts,hard_negative,0.996,fpr,0.4667,60,,
2026-04-14T09:08:13Z,v9,hard_neg_isa_xtts,hard_negative,0.999,fpr,0.4167,60,,
2026-04-14T09:08:13Z,v9,hard_neg_canary,hard_negative,0.97,fpr,0.4000,5,,
2026-04-14T09:08:13Z,v9,hard_neg_canary,hard_negative,0.99,fpr,0.4000,5,,
2026-04-14T09:08:13Z,v9,hard_neg_canary,hard_negative,0.995,fpr,0.2000,5,,
2026-04-14T09:08:13Z,v9,hard_neg_canary,hard_negative,0.996,fpr,0.2000,5,,
2026-04-14T09:08:13Z,v9,hard_neg_canary,hard_negative,0.999,fpr,0.2000,5,,
2026-04-14T09:08:13Z,v9,faph_cv_et,ambient,0.97,faph,187.4012,2000,3.82,
2026-04-14T09:08:13Z,v9,faph_cv_et,ambient,0.99,faph,115.6862,2000,3.82,
2026-04-14T09:08:13Z,v9,faph_cv_et,ambient,0.995,faph,91.0832,2000,3.82,
2026-04-14T09:08:13Z,v9,faph_cv_et,ambient,0.996,faph,86.3720,2000,3.82,
2026-04-14T09:08:13Z,v9,faph_cv_et,ambient,0.999,faph,61.2456,2000,3.82,
2026-04-14T09:08:13Z,v9,faph_librispeech,ambient,0.97,faph,290.3036,2620,5.62,
2026-04-14T09:08:13Z,v9,faph_librispeech,ambient,0.99,faph,193.3579,2620,5.62,
2026-04-14T09:08:13Z,v9,faph_librispeech,ambient,0.995,faph,161.1612,2620,5.62,
2026-04-14T09:08:13Z,v9,faph_librispeech,ambient,0.996,faph,153.8680,2620,5.62,
2026-04-14T09:08:13Z,v9,faph_librispeech,ambient,0.999,faph,120.7820,2620,5.62,
2026-04-14T09:08:13Z,v9,faph_macbook_bg,ambient,0.97,faph,53.9508,14,1.17,
2026-04-14T09:08:13Z,v9,faph_macbook_bg,ambient,0.99,faph,33.3981,14,1.17,
2026-04-14T09:08:13Z,v9,faph_macbook_bg,ambient,0.995,faph,29.9727,14,1.17,
2026-04-14T09:08:13Z,v9,faph_macbook_bg,ambient,0.996,faph,29.1163,14,1.17,
2026-04-14T09:08:13Z,v9,faph_macbook_bg,ambient,0.999,faph,20.5527,14,1.17,
2026-04-14T09:08:13Z,v9,faph_dipco,ambient,0.97,faph,40.3332,6,3.32,
2026-04-14T09:08:13Z,v9,faph_dipco,ambient,0.99,faph,24.6815,6,3.32,
2026-04-14T09:08:13Z,v9,faph_dipco,ambient,0.995,faph,20.7686,6,3.32,
2026-04-14T09:08:13Z,v9,faph_dipco,ambient,0.996,faph,20.7686,6,3.32,
2026-04-14T09:08:13Z,v9,faph_dipco,ambient,0.999,faph,16.2537,6,3.32,
2026-04-14T09:08:13Z,ex3a + expert-a,pos_isa_xtts,positive,0.97,recall,1.0000,48,,ex3a + expert-a
2026-04-14T09:08:13Z,ex3a + expert-a,pos_isa_xtts,positive,0.99,recall,1.0000,48,,ex3a + expert-a
2026-04-14T09:08:13Z,ex3a + expert-a,pos_isa_xtts,positive,0.995,recall,1.0000,48,,ex3a + expert-a
2026-04-14T09:08:13Z,ex3a + expert-a,pos_isa_xtts,positive,0.996,recall,1.0000,48,,ex3a + expert-a
2026-04-14T09:08:13Z,ex3a + expert-a,pos_isa_xtts,positive,0.999,recall,1.0000,48,,ex3a + expert-a
2026-04-14T09:08:13Z,ex3a + expert-a,pos_ode,positive,0.97,recall,0.7273,11,,ex3a + expert-a
2026-04-14T09:08:13Z,ex3a + expert-a,pos_ode,positive,0.99,recall,0.7273,11,,ex3a + expert-a
2026-04-14T09:08:13Z,ex3a + expert-a,pos_ode,positive,0.995,recall,0.7273,11,,ex3a + expert-a
2026-04-14T09:08:13Z,ex3a + expert-a,pos_ode,positive,0.996,recall,0.7273,11,,ex3a + expert-a
2026-04-14T09:08:13Z,ex3a + expert-a,pos_ode,positive,0.999,recall,0.7273,11,,ex3a + expert-a
2026-04-14T09:08:13Z,ex3a + expert-a,pos_mattias_short_n50,positive,0.97,recall,0.9200,50,,ex3a + expert-a
2026-04-14T09:08:13Z,ex3a + expert-a,pos_mattias_short_n50,positive,0.99,recall,0.9200,50,,ex3a + expert-a
2026-04-14T09:08:13Z,ex3a + expert-a,pos_mattias_short_n50,positive,0.995,recall,0.9200,50,,ex3a + expert-a
2026-04-14T09:08:13Z,ex3a + expert-a,pos_mattias_short_n50,positive,0.996,recall,0.9200,50,,ex3a + expert-a
2026-04-14T09:08:13Z,ex3a + expert-a,pos_mattias_short_n50,positive,0.999,recall,0.8000,50,,ex3a + expert-a
2026-04-14T09:08:13Z,ex3a + expert-a,hard_neg_mac_holdout,hard_negative,0.97,fpr,0.7333,15,,ex3a + expert-a
2026-04-14T09:08:13Z,ex3a + expert-a,hard_neg_mac_holdout,hard_negative,0.99,fpr,0.7333,15,,ex3a + expert-a
2026-04-14T09:08:13Z,ex3a + expert-a,hard_neg_mac_holdout,hard_negative,0.995,fpr,0.7333,15,,ex3a + expert-a
2026-04-14T09:08:13Z,ex3a + expert-a,hard_neg_mac_holdout,hard_negative,0.996,fpr,0.6667,15,,ex3a + expert-a
2026-04-14T09:08:13Z,ex3a + expert-a,hard_neg_mac_holdout,hard_negative,0.999,fpr,0.6667,15,,ex3a + expert-a
2026-04-14T09:08:13Z,ex3a + expert-a,hard_neg_isa_xtts,hard_negative,0.97,fpr,0.7500,60,,ex3a + expert-a
2026-04-14T09:08:13Z,ex3a + expert-a,hard_neg_isa_xtts,hard_negative,0.99,fpr,0.7333,60,,ex3a + expert-a
2026-04-14T09:08:13Z,ex3a + expert-a,hard_neg_isa_xtts,hard_negative,0.995,fpr,0.7167,60,,ex3a + expert-a
2026-04-14T09:08:13Z,ex3a + expert-a,hard_neg_isa_xtts,hard_negative,0.996,fpr,0.7167,60,,ex3a + expert-a
2026-04-14T09:08:13Z,ex3a + expert-a,hard_neg_isa_xtts,hard_negative,0.999,fpr,0.7167,60,,ex3a + expert-a
2026-04-14T09:08:13Z,ex3a + expert-a,hard_neg_canary,hard_negative,0.97,fpr,0.0000,5,,ex3a + expert-a
2026-04-14T09:08:13Z,ex3a + expert-a,hard_neg_canary,hard_negative,0.99,fpr,0.0000,5,,ex3a + expert-a
2026-04-14T09:08:13Z,ex3a + expert-a,hard_neg_canary,hard_negative,0.995,fpr,0.0000,5,,ex3a + expert-a
2026-04-14T09:08:13Z,ex3a + expert-a,hard_neg_canary,hard_negative,0.996,fpr,0.0000,5,,ex3a + expert-a
2026-04-14T09:08:13Z,ex3a + expert-a,hard_neg_canary,hard_negative,0.999,fpr,0.0000,5,,ex3a + expert-a
2026-04-14T09:08:13Z,ex3a + expert-a,faph_cv_et,ambient,0.97,faph,6.0199,2000,3.82,ex3a + expert-a
2026-04-14T09:08:13Z,ex3a + expert-a,faph_cv_et,ambient,0.99,faph,4.1877,2000,3.82,ex3a + expert-a
2026-04-14T09:08:13Z,ex3a + expert-a,faph_cv_et,ambient,0.995,faph,3.4025,2000,3.82,ex3a + expert-a
2026-04-14T09:08:13Z,ex3a + expert-a,faph_cv_et,ambient,0.996,faph,3.4025,2000,3.82,ex3a + expert-a
2026-04-14T09:08:13Z,ex3a + expert-a,faph_cv_et,ambient,0.999,faph,2.6173,2000,3.82,ex3a + expert-a
2026-04-14T09:08:13Z,ex3a + expert-a,faph_librispeech,ambient,0.97,faph,0.8894,2620,5.62,ex3a + expert-a
2026-04-14T09:08:13Z,ex3a + expert-a,faph_librispeech,ambient,0.99,faph,0.7115,2620,5.62,ex3a + expert-a
2026-04-14T09:08:13Z,ex3a + expert-a,faph_librispeech,ambient,0.995,faph,0.5336,2620,5.62,ex3a + expert-a
2026-04-14T09:08:13Z,ex3a + expert-a,faph_librispeech,ambient,0.996,faph,0.5336,2620,5.62,ex3a + expert-a
2026-04-14T09:08:13Z,ex3a + expert-a,faph_librispeech,ambient,0.999,faph,0.5336,2620,5.62,ex3a + expert-a
2026-04-14T09:08:13Z,ex3a + expert-a,faph_macbook_bg,ambient,0.97,faph,0.0000,14,1.17,ex3a + expert-a
2026-04-14T09:08:13Z,ex3a + expert-a,faph_macbook_bg,ambient,0.99,faph,0.0000,14,1.17,ex3a + expert-a
2026-04-14T09:08:13Z,ex3a + expert-a,faph_macbook_bg,ambient,0.995,faph,0.0000,14,1.17,ex3a + expert-a
2026-04-14T09:08:13Z,ex3a + expert-a,faph_macbook_bg,ambient,0.996,faph,0.0000,14,1.17,ex3a + expert-a
2026-04-14T09:08:13Z,ex3a + expert-a,faph_macbook_bg,ambient,0.999,faph,0.0000,14,1.17,ex3a + expert-a
2026-04-14T09:08:13Z,ex3a + expert-a,faph_dipco,ambient,0.97,faph,0.0000,6,3.32,ex3a + expert-a
2026-04-14T09:08:13Z,ex3a + expert-a,faph_dipco,ambient,0.99,faph,0.0000,6,3.32,ex3a + expert-a
2026-04-14T09:08:13Z,ex3a + expert-a,faph_dipco,ambient,0.995,faph,0.0000,6,3.32,ex3a + expert-a
2026-04-14T09:08:13Z,ex3a + expert-a,faph_dipco,ambient,0.996,faph,0.0000,6,3.32,ex3a + expert-a
2026-04-14T09:08:13Z,ex3a + expert-a,faph_dipco,ambient,0.999,faph,0.0000,6,3.32,ex3a + expert-a
2026-04-14T09:08:13Z,ex3a + expert-b2,pos_isa_xtts,positive,0.97,recall,0.4792,48,,ex3a + expert-b2
2026-04-14T09:08:13Z,ex3a + expert-b2,pos_isa_xtts,positive,0.99,recall,0.3542,48,,ex3a + expert-b2
2026-04-14T09:08:13Z,ex3a + expert-b2,pos_isa_xtts,positive,0.995,recall,0.3333,48,,ex3a + expert-b2
2026-04-14T09:08:13Z,ex3a + expert-b2,pos_isa_xtts,positive,0.996,recall,0.3333,48,,ex3a + expert-b2
2026-04-14T09:08:13Z,ex3a + expert-b2,pos_isa_xtts,positive,0.999,recall,0.2917,48,,ex3a + expert-b2
2026-04-14T09:08:13Z,ex3a + expert-b2,pos_ode,positive,0.97,recall,0.7273,11,,ex3a + expert-b2
2026-04-14T09:08:13Z,ex3a + expert-b2,pos_ode,positive,0.99,recall,0.6364,11,,ex3a + expert-b2
2026-04-14T09:08:13Z,ex3a + expert-b2,pos_ode,positive,0.995,recall,0.5455,11,,ex3a + expert-b2
2026-04-14T09:08:13Z,ex3a + expert-b2,pos_ode,positive,0.996,recall,0.5455,11,,ex3a + expert-b2
2026-04-14T09:08:13Z,ex3a + expert-b2,pos_ode,positive,0.999,recall,0.4545,11,,ex3a + expert-b2
2026-04-14T09:08:13Z,ex3a + expert-b2,pos_mattias_short_n50,positive,0.97,recall,0.8800,50,,ex3a + expert-b2
2026-04-14T09:08:13Z,ex3a + expert-b2,pos_mattias_short_n50,positive,0.99,recall,0.8200,50,,ex3a + expert-b2
2026-04-14T09:08:13Z,ex3a + expert-b2,pos_mattias_short_n50,positive,0.995,recall,0.8200,50,,ex3a + expert-b2
2026-04-14T09:08:13Z,ex3a + expert-b2,pos_mattias_short_n50,positive,0.996,recall,0.8200,50,,ex3a + expert-b2
2026-04-14T09:08:13Z,ex3a + expert-b2,pos_mattias_short_n50,positive,0.999,recall,0.6800,50,,ex3a + expert-b2
2026-04-14T09:08:13Z,ex3a + expert-b2,hard_neg_mac_holdout,hard_negative,0.97,fpr,0.2667,15,,ex3a + expert-b2
2026-04-14T09:08:13Z,ex3a + expert-b2,hard_neg_mac_holdout,hard_negative,0.99,fpr,0.2000,15,,ex3a + expert-b2
2026-04-14T09:08:13Z,ex3a + expert-b2,hard_neg_mac_holdout,hard_negative,0.995,fpr,0.1333,15,,ex3a + expert-b2
2026-04-14T09:08:13Z,ex3a + expert-b2,hard_neg_mac_holdout,hard_negative,0.996,fpr,0.1333,15,,ex3a + expert-b2
2026-04-14T09:08:13Z,ex3a + expert-b2,hard_neg_mac_holdout,hard_negative,0.999,fpr,0.1333,15,,ex3a + expert-b2
2026-04-14T09:08:13Z,ex3a + expert-b2,hard_neg_isa_xtts,hard_negative,0.97,fpr,0.2000,60,,ex3a + expert-b2
2026-04-14T09:08:13Z,ex3a + expert-b2,hard_neg_isa_xtts,hard_negative,0.99,fpr,0.1333,60,,ex3a + expert-b2
2026-04-14T09:08:13Z,ex3a + expert-b2,hard_neg_isa_xtts,hard_negative,0.995,fpr,0.1167,60,,ex3a + expert-b2
2026-04-14T09:08:13Z,ex3a + expert-b2,hard_neg_isa_xtts,hard_negative,0.996,fpr,0.1000,60,,ex3a + expert-b2
2026-04-14T09:08:13Z,ex3a + expert-b2,hard_neg_isa_xtts,hard_negative,0.999,fpr,0.0667,60,,ex3a + expert-b2
2026-04-14T09:08:13Z,ex3a + expert-b2,hard_neg_canary,hard_negative,0.97,fpr,0.0000,5,,ex3a + expert-b2
2026-04-14T09:08:13Z,ex3a + expert-b2,hard_neg_canary,hard_negative,0.99,fpr,0.0000,5,,ex3a + expert-b2
2026-04-14T09:08:13Z,ex3a + expert-b2,hard_neg_canary,hard_negative,0.995,fpr,0.0000,5,,ex3a + expert-b2
2026-04-14T09:08:13Z,ex3a + expert-b2,hard_neg_canary,hard_negative,0.996,fpr,0.0000,5,,ex3a + expert-b2
2026-04-14T09:08:13Z,ex3a + expert-b2,hard_neg_canary,hard_negative,0.999,fpr,0.0000,5,,ex3a + expert-b2
2026-04-14T09:08:13Z,ex3a + expert-b2,faph_cv_et,ambient,0.97,faph,3.4025,2000,3.82,ex3a + expert-b2
2026-04-14T09:08:13Z,ex3a + expert-b2,faph_cv_et,ambient,0.99,faph,1.0469,2000,3.82,ex3a + expert-b2
2026-04-14T09:08:13Z,ex3a + expert-b2,faph_cv_et,ambient,0.995,faph,1.0469,2000,3.82,ex3a + expert-b2
2026-04-14T09:08:13Z,ex3a + expert-b2,faph_cv_et,ambient,0.996,faph,1.0469,2000,3.82,ex3a + expert-b2
2026-04-14T09:08:13Z,ex3a + expert-b2,faph_cv_et,ambient,0.999,faph,0.5235,2000,3.82,ex3a + expert-b2
2026-04-14T09:08:13Z,ex3a + expert-b2,faph_librispeech,ambient,0.97,faph,0.7115,2620,5.62,ex3a + expert-b2
2026-04-14T09:08:13Z,ex3a + expert-b2,faph_librispeech,ambient,0.99,faph,0.1779,2620,5.62,ex3a + expert-b2
2026-04-14T09:08:13Z,ex3a + expert-b2,faph_librispeech,ambient,0.995,faph,0.1779,2620,5.62,ex3a + expert-b2
2026-04-14T09:08:13Z,ex3a + expert-b2,faph_librispeech,ambient,0.996,faph,0.1779,2620,5.62,ex3a + expert-b2
2026-04-14T09:08:13Z,ex3a + expert-b2,faph_librispeech,ambient,0.999,faph,0.1779,2620,5.62,ex3a + expert-b2
2026-04-14T09:08:13Z,ex3a + expert-b2,faph_macbook_bg,ambient,0.97,faph,0.0000,14,1.17,ex3a + expert-b2
2026-04-14T09:08:13Z,ex3a + expert-b2,faph_macbook_bg,ambient,0.99,faph,0.0000,14,1.17,ex3a + expert-b2
2026-04-14T09:08:13Z,ex3a + expert-b2,faph_macbook_bg,ambient,0.995,faph,0.0000,14,1.17,ex3a + expert-b2
2026-04-14T09:08:13Z,ex3a + expert-b2,faph_macbook_bg,ambient,0.996,faph,0.0000,14,1.17,ex3a + expert-b2
2026-04-14T09:08:13Z,ex3a + expert-b2,faph_macbook_bg,ambient,0.999,faph,0.0000,14,1.17,ex3a + expert-b2
2026-04-14T09:08:13Z,ex3a + expert-b2,faph_dipco,ambient,0.97,faph,0.6020,6,3.32,ex3a + expert-b2
2026-04-14T09:08:13Z,ex3a + expert-b2,faph_dipco,ambient,0.99,faph,0.6020,6,3.32,ex3a + expert-b2
2026-04-14T09:08:13Z,ex3a + expert-b2,faph_dipco,ambient,0.995,faph,0.3010,6,3.32,ex3a + expert-b2
2026-04-14T09:08:13Z,ex3a + expert-b2,faph_dipco,ambient,0.996,faph,0.3010,6,3.32,ex3a + expert-b2
2026-04-14T09:08:13Z,ex3a + expert-b2,faph_dipco,ambient,0.999,faph,0.3010,6,3.32,ex3a + expert-b2
2026-04-14T09:08:13Z,ex3a + expert-a + expert-b2,pos_isa_xtts,positive,0.97,recall,0.4792,48,,ex3a + expert-a + expert-b2
2026-04-14T09:08:13Z,ex3a + expert-a + expert-b2,pos_isa_xtts,positive,0.99,recall,0.3542,48,,ex3a + expert-a + expert-b2
2026-04-14T09:08:13Z,ex3a + expert-a + expert-b2,pos_isa_xtts,positive,0.995,recall,0.3333,48,,ex3a + expert-a + expert-b2
2026-04-14T09:08:13Z,ex3a + expert-a + expert-b2,pos_isa_xtts,positive,0.996,recall,0.3333,48,,ex3a + expert-a + expert-b2
2026-04-14T09:08:13Z,ex3a + expert-a + expert-b2,pos_isa_xtts,positive,0.999,recall,0.2917,48,,ex3a + expert-a + expert-b2
2026-04-14T09:08:13Z,ex3a + expert-a + expert-b2,pos_ode,positive,0.97,recall,0.7273,11,,ex3a + expert-a + expert-b2
2026-04-14T09:08:13Z,ex3a + expert-a + expert-b2,pos_ode,positive,0.99,recall,0.6364,11,,ex3a + expert-a + expert-b2
2026-04-14T09:08:13Z,ex3a + expert-a + expert-b2,pos_ode,positive,0.995,recall,0.5455,11,,ex3a + expert-a + expert-b2
2026-04-14T09:08:13Z,ex3a + expert-a + expert-b2,pos_ode,positive,0.996,recall,0.5455,11,,ex3a + expert-a + expert-b2
2026-04-14T09:08:13Z,ex3a + expert-a + expert-b2,pos_ode,positive,0.999,recall,0.4545,11,,ex3a + expert-a + expert-b2
2026-04-14T09:08:13Z,ex3a + expert-a + expert-b2,pos_mattias_short_n50,positive,0.97,recall,0.8800,50,,ex3a + expert-a + expert-b2
2026-04-14T09:08:13Z,ex3a + expert-a + expert-b2,pos_mattias_short_n50,positive,0.99,recall,0.8200,50,,ex3a + expert-a + expert-b2
2026-04-14T09:08:13Z,ex3a + expert-a + expert-b2,pos_mattias_short_n50,positive,0.995,recall,0.8200,50,,ex3a + expert-a + expert-b2
2026-04-14T09:08:13Z,ex3a + expert-a + expert-b2,pos_mattias_short_n50,positive,0.996,recall,0.8200,50,,ex3a + expert-a + expert-b2
2026-04-14T09:08:13Z,ex3a + expert-a + expert-b2,pos_mattias_short_n50,positive,0.999,recall,0.6800,50,,ex3a + expert-a + expert-b2
2026-04-14T09:08:13Z,ex3a + expert-a + expert-b2,hard_neg_mac_holdout,hard_negative,0.97,fpr,0.2667,15,,ex3a + expert-a + expert-b2
2026-04-14T09:08:13Z,ex3a + expert-a + expert-b2,hard_neg_mac_holdout,hard_negative,0.99,fpr,0.2000,15,,ex3a + expert-a + expert-b2
2026-04-14T09:08:13Z,ex3a + expert-a + expert-b2,hard_neg_mac_holdout,hard_negative,0.995,fpr,0.1333,15,,ex3a + expert-a + expert-b2
2026-04-14T09:08:13Z,ex3a + expert-a + expert-b2,hard_neg_mac_holdout,hard_negative,0.996,fpr,0.1333,15,,ex3a + expert-a + expert-b2
2026-04-14T09:08:13Z,ex3a + expert-a + expert-b2,hard_neg_mac_holdout,hard_negative,0.999,fpr,0.1333,15,,ex3a + expert-a + expert-b2
2026-04-14T09:08:13Z,ex3a + expert-a + expert-b2,hard_neg_isa_xtts,hard_negative,0.97,fpr,0.1667,60,,ex3a + expert-a + expert-b2
2026-04-14T09:08:13Z,ex3a + expert-a + expert-b2,hard_neg_isa_xtts,hard_negative,0.99,fpr,0.1000,60,,ex3a + expert-a + expert-b2
2026-04-14T09:08:13Z,ex3a + expert-a + expert-b2,hard_neg_isa_xtts,hard_negative,0.995,fpr,0.0833,60,,ex3a + expert-a + expert-b2
2026-04-14T09:08:13Z,ex3a + expert-a + expert-b2,hard_neg_isa_xtts,hard_negative,0.996,fpr,0.0667,60,,ex3a + expert-a + expert-b2
2026-04-14T09:08:13Z,ex3a + expert-a + expert-b2,hard_neg_isa_xtts,hard_negative,0.999,fpr,0.0500,60,,ex3a + expert-a + expert-b2
2026-04-14T09:08:13Z,ex3a + expert-a + expert-b2,hard_neg_canary,hard_negative,0.97,fpr,0.0000,5,,ex3a + expert-a + expert-b2
2026-04-14T09:08:13Z,ex3a + expert-a + expert-b2,hard_neg_canary,hard_negative,0.99,fpr,0.0000,5,,ex3a + expert-a + expert-b2
2026-04-14T09:08:13Z,ex3a + expert-a + expert-b2,hard_neg_canary,hard_negative,0.995,fpr,0.0000,5,,ex3a + expert-a + expert-b2
2026-04-14T09:08:13Z,ex3a + expert-a + expert-b2,hard_neg_canary,hard_negative,0.996,fpr,0.0000,5,,ex3a + expert-a + expert-b2
2026-04-14T09:08:13Z,ex3a + expert-a + expert-b2,hard_neg_canary,hard_negative,0.999,fpr,0.0000,5,,ex3a + expert-a + expert-b2
2026-04-14T09:08:13Z,ex3a + expert-a + expert-b2,faph_cv_et,ambient,0.97,faph,0.5235,2000,3.82,ex3a + expert-a + expert-b2
2026-04-14T09:08:13Z,ex3a + expert-a + expert-b2,faph_cv_et,ambient,0.99,faph,0.2617,2000,3.82,ex3a + expert-a + expert-b2
2026-04-14T09:08:13Z,ex3a + expert-a + expert-b2,faph_cv_et,ambient,0.995,faph,0.2617,2000,3.82,ex3a + expert-a + expert-b2
2026-04-14T09:08:13Z,ex3a + expert-a + expert-b2,faph_cv_et,ambient,0.996,faph,0.2617,2000,3.82,ex3a + expert-a + expert-b2
2026-04-14T09:08:13Z,ex3a + expert-a + expert-b2,faph_cv_et,ambient,0.999,faph,0.2617,2000,3.82,ex3a + expert-a + expert-b2
2026-04-14T09:08:13Z,ex3a + expert-a + expert-b2,faph_librispeech,ambient,0.97,faph,0.0000,2620,5.62,ex3a + expert-a + expert-b2
2026-04-14T09:08:13Z,ex3a + expert-a + expert-b2,faph_librispeech,ambient,0.99,faph,0.0000,2620,5.62,ex3a + expert-a + expert-b2
2026-04-14T09:08:13Z,ex3a + expert-a + expert-b2,faph_librispeech,ambient,0.995,faph,0.0000,2620,5.62,ex3a + expert-a + expert-b2
2026-04-14T09:08:13Z,ex3a + expert-a + expert-b2,faph_librispeech,ambient,0.996,faph,0.0000,2620,5.62,ex3a + expert-a + expert-b2
2026-04-14T09:08:13Z,ex3a + expert-a + expert-b2,faph_librispeech,ambient,0.999,faph,0.0000,2620,5.62,ex3a + expert-a + expert-b2
2026-04-14T09:08:13Z,ex3a + expert-a + expert-b2,faph_macbook_bg,ambient,0.97,faph,0.0000,14,1.17,ex3a + expert-a + expert-b2
2026-04-14T09:08:13Z,ex3a + expert-a + expert-b2,faph_macbook_bg,ambient,0.99,faph,0.0000,14,1.17,ex3a + expert-a + expert-b2
2026-04-14T09:08:13Z,ex3a + expert-a + expert-b2,faph_macbook_bg,ambient,0.995,faph,0.0000,14,1.17,ex3a + expert-a + expert-b2
2026-04-14T09:08:13Z,ex3a + expert-a + expert-b2,faph_macbook_bg,ambient,0.996,faph,0.0000,14,1.17,ex3a + expert-a + expert-b2
2026-04-14T09:08:13Z,ex3a + expert-a + expert-b2,faph_macbook_bg,ambient,0.999,faph,0.0000,14,1.17,ex3a + expert-a + expert-b2
2026-04-14T09:08:13Z,ex3a + expert-a + expert-b2,faph_dipco,ambient,0.97,faph,0.0000,6,3.32,ex3a + expert-a + expert-b2
2026-04-14T09:08:13Z,ex3a + expert-a + expert-b2,faph_dipco,ambient,0.99,faph,0.0000,6,3.32,ex3a + expert-a + expert-b2
2026-04-14T09:08:13Z,ex3a + expert-a + expert-b2,faph_dipco,ambient,0.995,faph,0.0000,6,3.32,ex3a + expert-a + expert-b2
2026-04-14T09:08:13Z,ex3a + expert-a + expert-b2,faph_dipco,ambient,0.996,faph,0.0000,6,3.32,ex3a + expert-a + expert-b2
2026-04-14T09:08:13Z,ex3a + expert-a + expert-b2,faph_dipco,ambient,0.999,faph,0.0000,6,3.32,ex3a + expert-a + expert-b2
2026-04-14T09:08:13Z,ex3a + expert-a + expert-b,pos_isa_xtts,positive,0.97,recall,1.0000,48,,ex3a + expert-a + expert-b
2026-04-14T09:08:13Z,ex3a + expert-a + expert-b,pos_isa_xtts,positive,0.99,recall,1.0000,48,,ex3a + expert-a + expert-b
2026-04-14T09:08:13Z,ex3a + expert-a + expert-b,pos_isa_xtts,positive,0.995,recall,1.0000,48,,ex3a + expert-a + expert-b
2026-04-14T09:08:13Z,ex3a + expert-a + expert-b,pos_isa_xtts,positive,0.996,recall,1.0000,48,,ex3a + expert-a + expert-b
2026-04-14T09:08:13Z,ex3a + expert-a + expert-b,pos_isa_xtts,positive,0.999,recall,1.0000,48,,ex3a + expert-a + expert-b
2026-04-14T09:08:13Z,ex3a + expert-a + expert-b,pos_ode,positive,0.97,recall,0.7273,11,,ex3a + expert-a + expert-b
2026-04-14T09:08:13Z,ex3a + expert-a + expert-b,pos_ode,positive,0.99,recall,0.7273,11,,ex3a + expert-a + expert-b
2026-04-14T09:08:13Z,ex3a + expert-a + expert-b,pos_ode,positive,0.995,recall,0.7273,11,,ex3a + expert-a + expert-b
2026-04-14T09:08:13Z,ex3a + expert-a + expert-b,pos_ode,positive,0.996,recall,0.7273,11,,ex3a + expert-a + expert-b
2026-04-14T09:08:13Z,ex3a + expert-a + expert-b,pos_ode,positive,0.999,recall,0.7273,11,,ex3a + expert-a + expert-b
2026-04-14T09:08:13Z,ex3a + expert-a + expert-b,pos_mattias_short_n50,positive,0.97,recall,0.9000,50,,ex3a + expert-a + expert-b
2026-04-14T09:08:13Z,ex3a + expert-a + expert-b,pos_mattias_short_n50,positive,0.99,recall,0.9000,50,,ex3a + expert-a + expert-b
2026-04-14T09:08:13Z,ex3a + expert-a + expert-b,pos_mattias_short_n50,positive,0.995,recall,0.9000,50,,ex3a + expert-a + expert-b
2026-04-14T09:08:13Z,ex3a + expert-a + expert-b,pos_mattias_short_n50,positive,0.996,recall,0.9000,50,,ex3a + expert-a + expert-b
2026-04-14T09:08:13Z,ex3a + expert-a + expert-b,pos_mattias_short_n50,positive,0.999,recall,0.7400,50,,ex3a + expert-a + expert-b
2026-04-14T09:08:13Z,ex3a + expert-a + expert-b,hard_neg_mac_holdout,hard_negative,0.97,fpr,0.7333,15,,ex3a + expert-a + expert-b
2026-04-14T09:08:13Z,ex3a + expert-a + expert-b,hard_neg_mac_holdout,hard_negative,0.99,fpr,0.7333,15,,ex3a + expert-a + expert-b
2026-04-14T09:08:13Z,ex3a + expert-a + expert-b,hard_neg_mac_holdout,hard_negative,0.995,fpr,0.7333,15,,ex3a + expert-a + expert-b
2026-04-14T09:08:13Z,ex3a + expert-a + expert-b,hard_neg_mac_holdout,hard_negative,0.996,fpr,0.6667,15,,ex3a + expert-a + expert-b
2026-04-14T09:08:13Z,ex3a + expert-a + expert-b,hard_neg_mac_holdout,hard_negative,0.999,fpr,0.6667,15,,ex3a + expert-a + expert-b
2026-04-14T09:08:13Z,ex3a + expert-a + expert-b,hard_neg_isa_xtts,hard_negative,0.97,fpr,0.7167,60,,ex3a + expert-a + expert-b
2026-04-14T09:08:13Z,ex3a + expert-a + expert-b,hard_neg_isa_xtts,hard_negative,0.99,fpr,0.6833,60,,ex3a + expert-a + expert-b
2026-04-14T09:08:13Z,ex3a + expert-a + expert-b,hard_neg_isa_xtts,hard_negative,0.995,fpr,0.5500,60,,ex3a + expert-a + expert-b
2026-04-14T09:08:13Z,ex3a + expert-a + expert-b,hard_neg_isa_xtts,hard_negative,0.996,fpr,0.5500,60,,ex3a + expert-a + expert-b
2026-04-14T09:08:13Z,ex3a + expert-a + expert-b,hard_neg_isa_xtts,hard_negative,0.999,fpr,0.5500,60,,ex3a + expert-a + expert-b
2026-04-14T09:08:13Z,ex3a + expert-a + expert-b,hard_neg_canary,hard_negative,0.97,fpr,0.0000,5,,ex3a + expert-a + expert-b
2026-04-14T09:08:13Z,ex3a + expert-a + expert-b,hard_neg_canary,hard_negative,0.99,fpr,0.0000,5,,ex3a + expert-a + expert-b
2026-04-14T09:08:13Z,ex3a + expert-a + expert-b,hard_neg_canary,hard_negative,0.995,fpr,0.0000,5,,ex3a + expert-a + expert-b
2026-04-14T09:08:13Z,ex3a + expert-a + expert-b,hard_neg_canary,hard_negative,0.996,fpr,0.0000,5,,ex3a + expert-a + expert-b
2026-04-14T09:08:13Z,ex3a + expert-a + expert-b,hard_neg_canary,hard_negative,0.999,fpr,0.0000,5,,ex3a + expert-a + expert-b
2026-04-14T09:08:13Z,ex3a + expert-a + expert-b,faph_cv_et,ambient,0.97,faph,2.0939,2000,3.82,ex3a + expert-a + expert-b
2026-04-14T09:08:13Z,ex3a + expert-a + expert-b,faph_cv_et,ambient,0.99,faph,1.8321,2000,3.82,ex3a + expert-a + expert-b
2026-04-14T09:08:13Z,ex3a + expert-a + expert-b,faph_cv_et,ambient,0.995,faph,1.8321,2000,3.82,ex3a + expert-a + expert-b
2026-04-14T09:08:13Z,ex3a + expert-a + expert-b,faph_cv_et,ambient,0.996,faph,1.8321,2000,3.82,ex3a + expert-a + expert-b
2026-04-14T09:08:13Z,ex3a + expert-a + expert-b,faph_cv_et,ambient,0.999,faph,1.8321,2000,3.82,ex3a + expert-a + expert-b
2026-04-14T09:08:13Z,ex3a + expert-a + expert-b,faph_librispeech,ambient,0.97,faph,0.7115,2620,5.62,ex3a + expert-a + expert-b
2026-04-14T09:08:13Z,ex3a + expert-a + expert-b,faph_librispeech,ambient,0.99,faph,0.5336,2620,5.62,ex3a + expert-a + expert-b
2026-04-14T09:08:13Z,ex3a + expert-a + expert-b,faph_librispeech,ambient,0.995,faph,0.3558,2620,5.62,ex3a + expert-a + expert-b
2026-04-14T09:08:13Z,ex3a + expert-a + expert-b,faph_librispeech,ambient,0.996,faph,0.3558,2620,5.62,ex3a + expert-a + expert-b
2026-04-14T09:08:13Z,ex3a + expert-a + expert-b,faph_librispeech,ambient,0.999,faph,0.3558,2620,5.62,ex3a + expert-a + expert-b
2026-04-14T09:08:13Z,ex3a + expert-a + expert-b,faph_macbook_bg,ambient,0.97,faph,0.0000,14,1.17,ex3a + expert-a + expert-b
2026-04-14T09:08:13Z,ex3a + expert-a + expert-b,faph_macbook_bg,ambient,0.99,faph,0.0000,14,1.17,ex3a + expert-a + expert-b
2026-04-14T09:08:13Z,ex3a + expert-a + expert-b,faph_macbook_bg,ambient,0.995,faph,0.0000,14,1.17,ex3a + expert-a + expert-b
2026-04-14T09:08:13Z,ex3a + expert-a + expert-b,faph_macbook_bg,ambient,0.996,faph,0.0000,14,1.17,ex3a + expert-a + expert-b
2026-04-14T09:08:13Z,ex3a + expert-a + expert-b,faph_macbook_bg,ambient,0.999,faph,0.0000,14,1.17,ex3a + expert-a + expert-b
2026-04-14T09:08:13Z,ex3a + expert-a + expert-b,faph_dipco,ambient,0.97,faph,0.0000,6,3.32,ex3a + expert-a + expert-b
2026-04-14T09:08:13Z,ex3a + expert-a + expert-b,faph_dipco,ambient,0.99,faph,0.0000,6,3.32,ex3a + expert-a + expert-b
2026-04-14T09:08:13Z,ex3a + expert-a + expert-b,faph_dipco,ambient,0.995,faph,0.0000,6,3.32,ex3a + expert-a + expert-b
2026-04-14T09:08:13Z,ex3a + expert-a + expert-b,faph_dipco,ambient,0.996,faph,0.0000,6,3.32,ex3a + expert-a + expert-b
2026-04-14T09:08:13Z,ex3a + expert-a + expert-b,faph_dipco,ambient,0.999,faph,0.0000,6,3.32,ex3a + expert-a + expert-b
2026-04-14T09:08:13Z,ex3a + expert-b + expert-b2,pos_isa_xtts,positive,0.97,recall,0.4792,48,,ex3a + expert-b + expert-b2
2026-04-14T09:08:13Z,ex3a + expert-b + expert-b2,pos_isa_xtts,positive,0.99,recall,0.3542,48,,ex3a + expert-b + expert-b2
2026-04-14T09:08:13Z,ex3a + expert-b + expert-b2,pos_isa_xtts,positive,0.995,recall,0.3333,48,,ex3a + expert-b + expert-b2
2026-04-14T09:08:13Z,ex3a + expert-b + expert-b2,pos_isa_xtts,positive,0.996,recall,0.3333,48,,ex3a + expert-b + expert-b2
2026-04-14T09:08:13Z,ex3a + expert-b + expert-b2,pos_isa_xtts,positive,0.999,recall,0.2917,48,,ex3a + expert-b + expert-b2
2026-04-14T09:08:13Z,ex3a + expert-b + expert-b2,pos_ode,positive,0.97,recall,0.7273,11,,ex3a + expert-b + expert-b2
2026-04-14T09:08:13Z,ex3a + expert-b + expert-b2,pos_ode,positive,0.99,recall,0.6364,11,,ex3a + expert-b + expert-b2
2026-04-14T09:08:13Z,ex3a + expert-b + expert-b2,pos_ode,positive,0.995,recall,0.5455,11,,ex3a + expert-b + expert-b2
2026-04-14T09:08:13Z,ex3a + expert-b + expert-b2,pos_ode,positive,0.996,recall,0.5455,11,,ex3a + expert-b + expert-b2
2026-04-14T09:08:13Z,ex3a + expert-b + expert-b2,pos_ode,positive,0.999,recall,0.4545,11,,ex3a + expert-b + expert-b2
2026-04-14T09:08:13Z,ex3a + expert-b + expert-b2,pos_mattias_short_n50,positive,0.97,recall,0.8800,50,,ex3a + expert-b + expert-b2
2026-04-14T09:08:13Z,ex3a + expert-b + expert-b2,pos_mattias_short_n50,positive,0.99,recall,0.8200,50,,ex3a + expert-b + expert-b2
2026-04-14T09:08:13Z,ex3a + expert-b + expert-b2,pos_mattias_short_n50,positive,0.995,recall,0.8200,50,,ex3a + expert-b + expert-b2
2026-04-14T09:08:13Z,ex3a + expert-b + expert-b2,pos_mattias_short_n50,positive,0.996,recall,0.8200,50,,ex3a + expert-b + expert-b2
2026-04-14T09:08:13Z,ex3a + expert-b + expert-b2,pos_mattias_short_n50,positive,0.999,recall,0.6800,50,,ex3a + expert-b + expert-b2
2026-04-14T09:08:13Z,ex3a + expert-b + expert-b2,hard_neg_mac_holdout,hard_negative,0.97,fpr,0.2667,15,,ex3a + expert-b + expert-b2
2026-04-14T09:08:13Z,ex3a + expert-b + expert-b2,hard_neg_mac_holdout,hard_negative,0.99,fpr,0.2000,15,,ex3a + expert-b + expert-b2
2026-04-14T09:08:13Z,ex3a + expert-b + expert-b2,hard_neg_mac_holdout,hard_negative,0.995,fpr,0.1333,15,,ex3a + expert-b + expert-b2
2026-04-14T09:08:13Z,ex3a + expert-b + expert-b2,hard_neg_mac_holdout,hard_negative,0.996,fpr,0.1333,15,,ex3a + expert-b + expert-b2
2026-04-14T09:08:13Z,ex3a + expert-b + expert-b2,hard_neg_mac_holdout,hard_negative,0.999,fpr,0.1333,15,,ex3a + expert-b + expert-b2
2026-04-14T09:08:13Z,ex3a + expert-b + expert-b2,hard_neg_isa_xtts,hard_negative,0.97,fpr,0.2000,60,,ex3a + expert-b + expert-b2
2026-04-14T09:08:13Z,ex3a + expert-b + expert-b2,hard_neg_isa_xtts,hard_negative,0.99,fpr,0.1333,60,,ex3a + expert-b + expert-b2
2026-04-14T09:08:13Z,ex3a + expert-b + expert-b2,hard_neg_isa_xtts,hard_negative,0.995,fpr,0.1167,60,,ex3a + expert-b + expert-b2
2026-04-14T09:08:13Z,ex3a + expert-b + expert-b2,hard_neg_isa_xtts,hard_negative,0.996,fpr,0.1000,60,,ex3a + expert-b + expert-b2
2026-04-14T09:08:13Z,ex3a + expert-b + expert-b2,hard_neg_isa_xtts,hard_negative,0.999,fpr,0.0667,60,,ex3a + expert-b + expert-b2
2026-04-14T09:08:13Z,ex3a + expert-b + expert-b2,hard_neg_canary,hard_negative,0.97,fpr,0.0000,5,,ex3a + expert-b + expert-b2
2026-04-14T09:08:13Z,ex3a + expert-b + expert-b2,hard_neg_canary,hard_negative,0.99,fpr,0.0000,5,,ex3a + expert-b + expert-b2
2026-04-14T09:08:13Z,ex3a + expert-b + expert-b2,hard_neg_canary,hard_negative,0.995,fpr,0.0000,5,,ex3a + expert-b + expert-b2
2026-04-14T09:08:13Z,ex3a + expert-b + expert-b2,hard_neg_canary,hard_negative,0.996,fpr,0.0000,5,,ex3a + expert-b + expert-b2
2026-04-14T09:08:13Z,ex3a + expert-b + expert-b2,hard_neg_canary,hard_negative,0.999,fpr,0.0000,5,,ex3a + expert-b + expert-b2
2026-04-14T09:08:13Z,ex3a + expert-b + expert-b2,faph_cv_et,ambient,0.97,faph,1.8321,2000,3.82,ex3a + expert-b + expert-b2
2026-04-14T09:08:13Z,ex3a + expert-b + expert-b2,faph_cv_et,ambient,0.99,faph,0.0000,2000,3.82,ex3a + expert-b + expert-b2
2026-04-14T09:08:13Z,ex3a + expert-b + expert-b2,faph_cv_et,ambient,0.995,faph,0.0000,2000,3.82,ex3a + expert-b + expert-b2
2026-04-14T09:08:13Z,ex3a + expert-b + expert-b2,faph_cv_et,ambient,0.996,faph,0.0000,2000,3.82,ex3a + expert-b + expert-b2
2026-04-14T09:08:13Z,ex3a + expert-b + expert-b2,faph_cv_et,ambient,0.999,faph,0.0000,2000,3.82,ex3a + expert-b + expert-b2
2026-04-14T09:08:13Z,ex3a + expert-b + expert-b2,faph_librispeech,ambient,0.97,faph,0.7115,2620,5.62,ex3a + expert-b + expert-b2
2026-04-14T09:08:13Z,ex3a + expert-b + expert-b2,faph_librispeech,ambient,0.99,faph,0.1779,2620,5.62,ex3a + expert-b + expert-b2
2026-04-14T09:08:13Z,ex3a + expert-b + expert-b2,faph_librispeech,ambient,0.995,faph,0.1779,2620,5.62,ex3a + expert-b + expert-b2
2026-04-14T09:08:13Z,ex3a + expert-b + expert-b2,faph_librispeech,ambient,0.996,faph,0.1779,2620,5.62,ex3a + expert-b + expert-b2
2026-04-14T09:08:13Z,ex3a + expert-b + expert-b2,faph_librispeech,ambient,0.999,faph,0.1779,2620,5.62,ex3a + expert-b + expert-b2
2026-04-14T09:08:13Z,ex3a + expert-b + expert-b2,faph_macbook_bg,ambient,0.97,faph,0.0000,14,1.17,ex3a + expert-b + expert-b2
2026-04-14T09:08:13Z,ex3a + expert-b + expert-b2,faph_macbook_bg,ambient,0.99,faph,0.0000,14,1.17,ex3a + expert-b + expert-b2
2026-04-14T09:08:13Z,ex3a + expert-b + expert-b2,faph_macbook_bg,ambient,0.995,faph,0.0000,14,1.17,ex3a + expert-b + expert-b2
2026-04-14T09:08:13Z,ex3a + expert-b + expert-b2,faph_macbook_bg,ambient,0.996,faph,0.0000,14,1.17,ex3a + expert-b + expert-b2
2026-04-14T09:08:13Z,ex3a + expert-b + expert-b2,faph_macbook_bg,ambient,0.999,faph,0.0000,14,1.17,ex3a + expert-b + expert-b2
2026-04-14T09:08:13Z,ex3a + expert-b + expert-b2,faph_dipco,ambient,0.97,faph,0.3010,6,3.32,ex3a + expert-b + expert-b2
2026-04-14T09:08:13Z,ex3a + expert-b + expert-b2,faph_dipco,ambient,0.99,faph,0.3010,6,3.32,ex3a + expert-b + expert-b2
2026-04-14T09:08:13Z,ex3a + expert-b + expert-b2,faph_dipco,ambient,0.995,faph,0.3010,6,3.32,ex3a + expert-b + expert-b2
2026-04-14T09:08:13Z,ex3a + expert-b + expert-b2,faph_dipco,ambient,0.996,faph,0.3010,6,3.32,ex3a + expert-b + expert-b2
2026-04-14T09:08:13Z,ex3a + expert-b + expert-b2,faph_dipco,ambient,0.999,faph,0.3010,6,3.32,ex3a + expert-b + expert-b2
2026-04-14T09:08:13Z,v6-residual + expert-a,pos_isa_xtts,positive,0.97,recall,1.0000,48,,v6-residual + expert-a
2026-04-14T09:08:13Z,v6-residual + expert-a,pos_isa_xtts,positive,0.99,recall,1.0000,48,,v6-residual + expert-a
2026-04-14T09:08:13Z,v6-residual + expert-a,pos_isa_xtts,positive,0.995,recall,1.0000,48,,v6-residual + expert-a
2026-04-14T09:08:13Z,v6-residual + expert-a,pos_isa_xtts,positive,0.996,recall,1.0000,48,,v6-residual + expert-a
2026-04-14T09:08:13Z,v6-residual + expert-a,pos_isa_xtts,positive,0.999,recall,1.0000,48,,v6-residual + expert-a
2026-04-14T09:08:13Z,v6-residual + expert-a,pos_ode,positive,0.97,recall,0.9091,11,,v6-residual + expert-a
2026-04-14T09:08:13Z,v6-residual + expert-a,pos_ode,positive,0.99,recall,0.9091,11,,v6-residual + expert-a
2026-04-14T09:08:13Z,v6-residual + expert-a,pos_ode,positive,0.995,recall,0.8182,11,,v6-residual + expert-a
2026-04-14T09:08:13Z,v6-residual + expert-a,pos_ode,positive,0.996,recall,0.8182,11,,v6-residual + expert-a
2026-04-14T09:08:13Z,v6-residual + expert-a,pos_ode,positive,0.999,recall,0.8182,11,,v6-residual + expert-a
2026-04-14T09:08:13Z,v6-residual + expert-a,pos_mattias_short_n50,positive,0.97,recall,0.8000,50,,v6-residual + expert-a
2026-04-14T09:08:13Z,v6-residual + expert-a,pos_mattias_short_n50,positive,0.99,recall,0.8000,50,,v6-residual + expert-a
2026-04-14T09:08:13Z,v6-residual + expert-a,pos_mattias_short_n50,positive,0.995,recall,0.7800,50,,v6-residual + expert-a
2026-04-14T09:08:13Z,v6-residual + expert-a,pos_mattias_short_n50,positive,0.996,recall,0.7800,50,,v6-residual + expert-a
2026-04-14T09:08:13Z,v6-residual + expert-a,pos_mattias_short_n50,positive,0.999,recall,0.7600,50,,v6-residual + expert-a
2026-04-14T09:08:13Z,v6-residual + expert-a,hard_neg_mac_holdout,hard_negative,0.97,fpr,0.9333,15,,v6-residual + expert-a
2026-04-14T09:08:13Z,v6-residual + expert-a,hard_neg_mac_holdout,hard_negative,0.99,fpr,0.9333,15,,v6-residual + expert-a
2026-04-14T09:08:13Z,v6-residual + expert-a,hard_neg_mac_holdout,hard_negative,0.995,fpr,0.8000,15,,v6-residual + expert-a
2026-04-14T09:08:13Z,v6-residual + expert-a,hard_neg_mac_holdout,hard_negative,0.996,fpr,0.8000,15,,v6-residual + expert-a
2026-04-14T09:08:13Z,v6-residual + expert-a,hard_neg_mac_holdout,hard_negative,0.999,fpr,0.7333,15,,v6-residual + expert-a
2026-04-14T09:08:13Z,v6-residual + expert-a,hard_neg_isa_xtts,hard_negative,0.97,fpr,0.7000,60,,v6-residual + expert-a
2026-04-14T09:08:13Z,v6-residual + expert-a,hard_neg_isa_xtts,hard_negative,0.99,fpr,0.6833,60,,v6-residual + expert-a
2026-04-14T09:08:13Z,v6-residual + expert-a,hard_neg_isa_xtts,hard_negative,0.995,fpr,0.6667,60,,v6-residual + expert-a
2026-04-14T09:08:13Z,v6-residual + expert-a,hard_neg_isa_xtts,hard_negative,0.996,fpr,0.6667,60,,v6-residual + expert-a
2026-04-14T09:08:13Z,v6-residual + expert-a,hard_neg_isa_xtts,hard_negative,0.999,fpr,0.6667,60,,v6-residual + expert-a
2026-04-14T09:08:13Z,v6-residual + expert-a,hard_neg_canary,hard_negative,0.97,fpr,0.0000,5,,v6-residual + expert-a
2026-04-14T09:08:13Z,v6-residual + expert-a,hard_neg_canary,hard_negative,0.99,fpr,0.0000,5,,v6-residual + expert-a
2026-04-14T09:08:13Z,v6-residual + expert-a,hard_neg_canary,hard_negative,0.995,fpr,0.0000,5,,v6-residual + expert-a
2026-04-14T09:08:13Z,v6-residual + expert-a,hard_neg_canary,hard_negative,0.996,fpr,0.0000,5,,v6-residual + expert-a
2026-04-14T09:08:13Z,v6-residual + expert-a,hard_neg_canary,hard_negative,0.999,fpr,0.0000,5,,v6-residual + expert-a
2026-04-14T09:08:13Z,v6-residual + expert-a,faph_cv_et,ambient,0.97,faph,4.9729,2000,3.82,v6-residual + expert-a
2026-04-14T09:08:13Z,v6-residual + expert-a,faph_cv_et,ambient,0.99,faph,3.1408,2000,3.82,v6-residual + expert-a
2026-04-14T09:08:13Z,v6-residual + expert-a,faph_cv_et,ambient,0.995,faph,2.6173,2000,3.82,v6-residual + expert-a
2026-04-14T09:08:13Z,v6-residual + expert-a,faph_cv_et,ambient,0.996,faph,2.6173,2000,3.82,v6-residual + expert-a
2026-04-14T09:08:13Z,v6-residual + expert-a,faph_cv_et,ambient,0.999,faph,2.3556,2000,3.82,v6-residual + expert-a
2026-04-14T09:08:13Z,v6-residual + expert-a,faph_librispeech,ambient,0.97,faph,0.8894,2620,5.62,v6-residual + expert-a
2026-04-14T09:08:13Z,v6-residual + expert-a,faph_librispeech,ambient,0.99,faph,0.3558,2620,5.62,v6-residual + expert-a
2026-04-14T09:08:13Z,v6-residual + expert-a,faph_librispeech,ambient,0.995,faph,0.3558,2620,5.62,v6-residual + expert-a
2026-04-14T09:08:13Z,v6-residual + expert-a,faph_librispeech,ambient,0.996,faph,0.3558,2620,5.62,v6-residual + expert-a
2026-04-14T09:08:13Z,v6-residual + expert-a,faph_librispeech,ambient,0.999,faph,0.3558,2620,5.62,v6-residual + expert-a
2026-04-14T09:08:13Z,v6-residual + expert-a,faph_macbook_bg,ambient,0.97,faph,1.7127,14,1.17,v6-residual + expert-a
2026-04-14T09:08:13Z,v6-residual + expert-a,faph_macbook_bg,ambient,0.99,faph,0.8564,14,1.17,v6-residual + expert-a
2026-04-14T09:08:13Z,v6-residual + expert-a,faph_macbook_bg,ambient,0.995,faph,0.8564,14,1.17,v6-residual + expert-a
2026-04-14T09:08:13Z,v6-residual + expert-a,faph_macbook_bg,ambient,0.996,faph,0.8564,14,1.17,v6-residual + expert-a
2026-04-14T09:08:13Z,v6-residual + expert-a,faph_macbook_bg,ambient,0.999,faph,0.8564,14,1.17,v6-residual + expert-a
2026-04-14T09:08:13Z,v6-residual + expert-a,faph_dipco,ambient,0.97,faph,0.0000,6,3.32,v6-residual + expert-a
2026-04-14T09:08:13Z,v6-residual + expert-a,faph_dipco,ambient,0.99,faph,0.0000,6,3.32,v6-residual + expert-a
2026-04-14T09:08:13Z,v6-residual + expert-a,faph_dipco,ambient,0.995,faph,0.0000,6,3.32,v6-residual + expert-a
2026-04-14T09:08:13Z,v6-residual + expert-a,faph_dipco,ambient,0.996,faph,0.0000,6,3.32,v6-residual + expert-a
2026-04-14T09:08:13Z,v6-residual + expert-a,faph_dipco,ambient,0.999,faph,0.0000,6,3.32,v6-residual + expert-a
2026-04-14T09:08:13Z,ex3b + expert-b2,pos_isa_xtts,positive,0.97,recall,0.4792,48,,ex3b + expert-b2
2026-04-14T09:08:13Z,ex3b + expert-b2,pos_isa_xtts,positive,0.99,recall,0.3542,48,,ex3b + expert-b2
2026-04-14T09:08:13Z,ex3b + expert-b2,pos_isa_xtts,positive,0.995,recall,0.3333,48,,ex3b + expert-b2
2026-04-14T09:08:13Z,ex3b + expert-b2,pos_isa_xtts,positive,0.996,recall,0.3333,48,,ex3b + expert-b2
2026-04-14T09:08:13Z,ex3b + expert-b2,pos_isa_xtts,positive,0.999,recall,0.2917,48,,ex3b + expert-b2
2026-04-14T09:08:13Z,ex3b + expert-b2,pos_ode,positive,0.97,recall,0.6364,11,,ex3b + expert-b2
2026-04-14T09:08:13Z,ex3b + expert-b2,pos_ode,positive,0.99,recall,0.5455,11,,ex3b + expert-b2
2026-04-14T09:08:13Z,ex3b + expert-b2,pos_ode,positive,0.995,recall,0.4545,11,,ex3b + expert-b2
2026-04-14T09:08:13Z,ex3b + expert-b2,pos_ode,positive,0.996,recall,0.4545,11,,ex3b + expert-b2
2026-04-14T09:08:13Z,ex3b + expert-b2,pos_ode,positive,0.999,recall,0.3636,11,,ex3b + expert-b2
2026-04-14T09:08:13Z,ex3b + expert-b2,pos_mattias_short_n50,positive,0.97,recall,0.9600,50,,ex3b + expert-b2
2026-04-14T09:08:13Z,ex3b + expert-b2,pos_mattias_short_n50,positive,0.99,recall,0.9000,50,,ex3b + expert-b2
2026-04-14T09:08:13Z,ex3b + expert-b2,pos_mattias_short_n50,positive,0.995,recall,0.9000,50,,ex3b + expert-b2
2026-04-14T09:08:13Z,ex3b + expert-b2,pos_mattias_short_n50,positive,0.996,recall,0.9000,50,,ex3b + expert-b2
2026-04-14T09:08:13Z,ex3b + expert-b2,pos_mattias_short_n50,positive,0.999,recall,0.8800,50,,ex3b + expert-b2
2026-04-14T09:08:13Z,ex3b + expert-b2,hard_neg_mac_holdout,hard_negative,0.97,fpr,0.2667,15,,ex3b + expert-b2
2026-04-14T09:08:13Z,ex3b + expert-b2,hard_neg_mac_holdout,hard_negative,0.99,fpr,0.2000,15,,ex3b + expert-b2
2026-04-14T09:08:13Z,ex3b + expert-b2,hard_neg_mac_holdout,hard_negative,0.995,fpr,0.1333,15,,ex3b + expert-b2
2026-04-14T09:08:13Z,ex3b + expert-b2,hard_neg_mac_holdout,hard_negative,0.996,fpr,0.1333,15,,ex3b + expert-b2
2026-04-14T09:08:13Z,ex3b + expert-b2,hard_neg_mac_holdout,hard_negative,0.999,fpr,0.1333,15,,ex3b + expert-b2
2026-04-14T09:08:13Z,ex3b + expert-b2,hard_neg_isa_xtts,hard_negative,0.97,fpr,0.2333,60,,ex3b + expert-b2
2026-04-14T09:08:13Z,ex3b + expert-b2,hard_neg_isa_xtts,hard_negative,0.99,fpr,0.1667,60,,ex3b + expert-b2
2026-04-14T09:08:13Z,ex3b + expert-b2,hard_neg_isa_xtts,hard_negative,0.995,fpr,0.1500,60,,ex3b + expert-b2
2026-04-14T09:08:13Z,ex3b + expert-b2,hard_neg_isa_xtts,hard_negative,0.996,fpr,0.1333,60,,ex3b + expert-b2
2026-04-14T09:08:13Z,ex3b + expert-b2,hard_neg_isa_xtts,hard_negative,0.999,fpr,0.1000,60,,ex3b + expert-b2
2026-04-14T09:08:13Z,ex3b + expert-b2,hard_neg_canary,hard_negative,0.97,fpr,0.0000,5,,ex3b + expert-b2
2026-04-14T09:08:13Z,ex3b + expert-b2,hard_neg_canary,hard_negative,0.99,fpr,0.0000,5,,ex3b + expert-b2
2026-04-14T09:08:13Z,ex3b + expert-b2,hard_neg_canary,hard_negative,0.995,fpr,0.0000,5,,ex3b + expert-b2
2026-04-14T09:08:13Z,ex3b + expert-b2,hard_neg_canary,hard_negative,0.996,fpr,0.0000,5,,ex3b + expert-b2
2026-04-14T09:08:13Z,ex3b + expert-b2,hard_neg_canary,hard_negative,0.999,fpr,0.0000,5,,ex3b + expert-b2
2026-04-14T09:08:13Z,ex3b + expert-b2,faph_cv_et,ambient,0.97,faph,9.1607,2000,3.82,ex3b + expert-b2
2026-04-14T09:08:13Z,ex3b + expert-b2,faph_cv_et,ambient,0.99,faph,3.9260,2000,3.82,ex3b + expert-b2
2026-04-14T09:08:13Z,ex3b + expert-b2,faph_cv_et,ambient,0.995,faph,3.6643,2000,3.82,ex3b + expert-b2
2026-04-14T09:08:13Z,ex3b + expert-b2,faph_cv_et,ambient,0.996,faph,3.4025,2000,3.82,ex3b + expert-b2
2026-04-14T09:08:13Z,ex3b + expert-b2,faph_cv_et,ambient,0.999,faph,2.3556,2000,3.82,ex3b + expert-b2
2026-04-14T09:08:13Z,ex3b + expert-b2,faph_librispeech,ambient,0.97,faph,11.3845,2620,5.62,ex3b + expert-b2
2026-04-14T09:08:13Z,ex3b + expert-b2,faph_librispeech,ambient,0.99,faph,6.4038,2620,5.62,ex3b + expert-b2
2026-04-14T09:08:13Z,ex3b + expert-b2,faph_librispeech,ambient,0.995,faph,5.6922,2620,5.62,ex3b + expert-b2
2026-04-14T09:08:13Z,ex3b + expert-b2,faph_librispeech,ambient,0.996,faph,5.1586,2620,5.62,ex3b + expert-b2
2026-04-14T09:08:13Z,ex3b + expert-b2,faph_librispeech,ambient,0.999,faph,3.3798,2620,5.62,ex3b + expert-b2
2026-04-14T09:08:13Z,ex3b + expert-b2,faph_macbook_bg,ambient,0.97,faph,3.4254,14,1.17,ex3b + expert-b2
2026-04-14T09:08:13Z,ex3b + expert-b2,faph_macbook_bg,ambient,0.99,faph,1.7127,14,1.17,ex3b + expert-b2
2026-04-14T09:08:13Z,ex3b + expert-b2,faph_macbook_bg,ambient,0.995,faph,0.8564,14,1.17,ex3b + expert-b2
2026-04-14T09:08:13Z,ex3b + expert-b2,faph_macbook_bg,ambient,0.996,faph,0.8564,14,1.17,ex3b + expert-b2
2026-04-14T09:08:13Z,ex3b + expert-b2,faph_macbook_bg,ambient,0.999,faph,0.8564,14,1.17,ex3b + expert-b2
2026-04-14T09:08:13Z,ex3b + expert-b2,faph_dipco,ambient,0.97,faph,1.2040,6,3.32,ex3b + expert-b2
2026-04-14T09:08:13Z,ex3b + expert-b2,faph_dipco,ambient,0.99,faph,0.6020,6,3.32,ex3b + expert-b2
2026-04-14T09:08:13Z,ex3b + expert-b2,faph_dipco,ambient,0.995,faph,0.3010,6,3.32,ex3b + expert-b2
2026-04-14T09:08:13Z,ex3b + expert-b2,faph_dipco,ambient,0.996,faph,0.3010,6,3.32,ex3b + expert-b2
2026-04-14T09:08:13Z,ex3b + expert-b2,faph_dipco,ambient,0.999,faph,0.3010,6,3.32,ex3b + expert-b2
2026-04-14T16:41:49Z,ex2a,pos_friend1_n37,positive,0.97,recall,0.5405,37,,
2026-04-14T16:41:49Z,ex2a,pos_friend1_n37,positive,0.99,recall,0.4054,37,,
2026-04-14T16:41:49Z,ex2a,pos_friend1_n37,positive,0.995,recall,0.3784,37,,
2026-04-14T16:41:49Z,ex2a,pos_friend1_n37,positive,0.996,recall,0.3784,37,,
2026-04-14T16:41:49Z,ex2a,pos_friend1_n37,positive,0.999,recall,0.3514,37,,
2026-04-14T16:41:49Z,ex3a,pos_friend1_n37,positive,0.97,recall,0.7027,37,,
2026-04-14T16:41:49Z,ex3a,pos_friend1_n37,positive,0.99,recall,0.7027,37,,
2026-04-14T16:41:49Z,ex3a,pos_friend1_n37,positive,0.995,recall,0.6757,37,,
2026-04-14T16:41:49Z,ex3a,pos_friend1_n37,positive,0.996,recall,0.6486,37,,
2026-04-14T16:41:49Z,ex3a,pos_friend1_n37,positive,0.999,recall,0.5946,37,,
2026-04-14T16:41:49Z,ex3b,pos_friend1_n37,positive,0.97,recall,0.7838,37,,
2026-04-14T16:41:49Z,ex3b,pos_friend1_n37,positive,0.99,recall,0.7838,37,,
2026-04-14T16:41:49Z,ex3b,pos_friend1_n37,positive,0.995,recall,0.7838,37,,
2026-04-14T16:41:49Z,ex3b,pos_friend1_n37,positive,0.996,recall,0.7838,37,,
2026-04-14T16:41:49Z,ex3b,pos_friend1_n37,positive,0.999,recall,0.7297,37,,
2026-04-14T16:41:49Z,expert-a,pos_friend1_n37,positive,0.97,recall,0.9189,37,,
2026-04-14T16:41:49Z,expert-a,pos_friend1_n37,positive,0.99,recall,0.9189,37,,
2026-04-14T16:41:49Z,expert-a,pos_friend1_n37,positive,0.995,recall,0.8919,37,,
2026-04-14T16:41:49Z,expert-a,pos_friend1_n37,positive,0.996,recall,0.8919,37,,
2026-04-14T16:41:49Z,expert-a,pos_friend1_n37,positive,0.999,recall,0.8919,37,,
2026-04-14T16:41:49Z,expert-b,pos_friend1_n37,positive,0.97,recall,0.9459,37,,
2026-04-14T16:41:49Z,expert-b,pos_friend1_n37,positive,0.99,recall,0.9189,37,,
2026-04-14T16:41:49Z,expert-b,pos_friend1_n37,positive,0.995,recall,0.9189,37,,
2026-04-14T16:41:49Z,expert-b,pos_friend1_n37,positive,0.996,recall,0.9189,37,,
2026-04-14T16:41:49Z,expert-b,pos_friend1_n37,positive,0.999,recall,0.9189,37,,
2026-04-14T16:41:49Z,expert-b2,pos_friend1_n37,positive,0.97,recall,0.1622,37,,
2026-04-14T16:41:49Z,expert-b2,pos_friend1_n37,positive,0.99,recall,0.0541,37,,
2026-04-14T16:41:49Z,expert-b2,pos_friend1_n37,positive,0.995,recall,0.0541,37,,
2026-04-14T16:41:49Z,expert-b2,pos_friend1_n37,positive,0.996,recall,0.0270,37,,
2026-04-14T16:41:49Z,expert-b2,pos_friend1_n37,positive,0.999,recall,0.0270,37,,
2026-04-14T16:41:49Z,v1,pos_friend1_n37,positive,0.97,recall,0.7838,37,,
2026-04-14T16:41:49Z,v1,pos_friend1_n37,positive,0.99,recall,0.7027,37,,
2026-04-14T16:41:49Z,v1,pos_friend1_n37,positive,0.995,recall,0.7027,37,,
2026-04-14T16:41:49Z,v1,pos_friend1_n37,positive,0.996,recall,0.7027,37,,
2026-04-14T16:41:49Z,v1,pos_friend1_n37,positive,0.999,recall,0.7027,37,,
2026-04-14T16:41:49Z,v10,pos_friend1_n37,positive,0.97,recall,0.3784,37,,
2026-04-14T16:41:49Z,v10,pos_friend1_n37,positive,0.99,recall,0.2162,37,,
2026-04-14T16:41:49Z,v10,pos_friend1_n37,positive,0.995,recall,0.1892,37,,
2026-04-14T16:41:49Z,v10,pos_friend1_n37,positive,0.996,recall,0.1892,37,,
2026-04-14T16:41:49Z,v10,pos_friend1_n37,positive,0.999,recall,0.1622,37,,
2026-04-14T16:41:49Z,v11,pos_friend1_n37,positive,0.97,recall,0.6757,37,,
2026-04-14T16:41:49Z,v11,pos_friend1_n37,positive,0.99,recall,0.6216,37,,
2026-04-14T16:41:49Z,v11,pos_friend1_n37,positive,0.995,recall,0.6216,37,,
2026-04-14T16:41:49Z,v11,pos_friend1_n37,positive,0.996,recall,0.6216,37,,
2026-04-14T16:41:49Z,v11,pos_friend1_n37,positive,0.999,recall,0.5676,37,,
2026-04-14T16:41:49Z,v12,pos_friend1_n37,positive,0.97,recall,1.0000,37,,
2026-04-14T16:41:49Z,v12,pos_friend1_n37,positive,0.99,recall,0.9730,37,,
2026-04-14T16:41:49Z,v12,pos_friend1_n37,positive,0.995,recall,0.9459,37,,
2026-04-14T16:41:49Z,v12,pos_friend1_n37,positive,0.996,recall,0.9189,37,,
2026-04-14T16:41:49Z,v12,pos_friend1_n37,positive,0.999,recall,0.8108,37,,
2026-04-14T16:41:49Z,v13a,pos_friend1_n37,positive,0.97,recall,0.3243,37,,
2026-04-14T16:41:49Z,v13a,pos_friend1_n37,positive,0.99,recall,0.2973,37,,
2026-04-14T16:41:49Z,v13a,pos_friend1_n37,positive,0.995,recall,0.2703,37,,
2026-04-14T16:41:49Z,v13a,pos_friend1_n37,positive,0.996,recall,0.2432,37,,
2026-04-14T16:41:49Z,v13a,pos_friend1_n37,positive,0.999,recall,0.2162,37,,
2026-04-14T16:41:49Z,v13b,pos_friend1_n37,positive,0.97,recall,0.5405,37,,
2026-04-14T16:41:49Z,v13b,pos_friend1_n37,positive,0.99,recall,0.4054,37,,
2026-04-14T16:41:49Z,v13b,pos_friend1_n37,positive,0.995,recall,0.4054,37,,
2026-04-14T16:41:49Z,v13b,pos_friend1_n37,positive,0.996,recall,0.3784,37,,
2026-04-14T16:41:49Z,v13b,pos_friend1_n37,positive,0.999,recall,0.3514,37,,
2026-04-14T16:41:49Z,v14,pos_friend1_n37,positive,0.97,recall,0.6757,37,,
2026-04-14T16:41:49Z,v14,pos_friend1_n37,positive,0.99,recall,0.6486,37,,
2026-04-14T16:41:49Z,v14,pos_friend1_n37,positive,0.995,recall,0.6486,37,,
2026-04-14T16:41:49Z,v14,pos_friend1_n37,positive,0.996,recall,0.6216,37,,
2026-04-14T16:41:49Z,v14,pos_friend1_n37,positive,0.999,recall,0.5676,37,,
2026-04-14T16:41:49Z,v15,pos_friend1_n37,positive,0.97,recall,0.5135,37,,
2026-04-14T16:41:49Z,v15,pos_friend1_n37,positive,0.99,recall,0.3243,37,,
2026-04-14T16:41:49Z,v15,pos_friend1_n37,positive,0.995,recall,0.3243,37,,
2026-04-14T16:41:49Z,v15,pos_friend1_n37,positive,0.996,recall,0.3243,37,,
2026-04-14T16:41:49Z,v15,pos_friend1_n37,positive,0.999,recall,0.2703,37,,
2026-04-14T16:41:49Z,v16a,pos_friend1_n37,positive,0.97,recall,1.0000,37,,
2026-04-14T16:41:49Z,v16a,pos_friend1_n37,positive,0.99,recall,0.9730,37,,
2026-04-14T16:41:49Z,v16a,pos_friend1_n37,positive,0.995,recall,0.9730,37,,
2026-04-14T16:41:49Z,v16a,pos_friend1_n37,positive,0.996,recall,0.9730,37,,
2026-04-14T16:41:49Z,v16a,pos_friend1_n37,positive,0.999,recall,0.9730,37,,
2026-04-14T16:41:49Z,v16b,pos_friend1_n37,positive,0.97,recall,1.0000,37,,
2026-04-14T16:41:49Z,v16b,pos_friend1_n37,positive,0.99,recall,1.0000,37,,
2026-04-14T16:41:49Z,v16b,pos_friend1_n37,positive,0.995,recall,0.9730,37,,
2026-04-14T16:41:49Z,v16b,pos_friend1_n37,positive,0.996,recall,0.9730,37,,
2026-04-14T16:41:49Z,v16b,pos_friend1_n37,positive,0.999,recall,0.9730,37,,
2026-04-14T16:41:49Z,v16c,pos_friend1_n37,positive,0.97,recall,0.8649,37,,
2026-04-14T16:41:49Z,v16c,pos_friend1_n37,positive,0.99,recall,0.8108,37,,
2026-04-14T16:41:49Z,v16c,pos_friend1_n37,positive,0.995,recall,0.8108,37,,
2026-04-14T16:41:49Z,v16c,pos_friend1_n37,positive,0.996,recall,0.8108,37,,
2026-04-14T16:41:49Z,v16c,pos_friend1_n37,positive,0.999,recall,0.8108,37,,
2026-04-14T16:41:49Z,v2,pos_friend1_n37,positive,0.97,recall,0.9730,37,,
2026-04-14T16:41:49Z,v2,pos_friend1_n37,positive,0.99,recall,0.9459,37,,
2026-04-14T16:41:49Z,v2,pos_friend1_n37,positive,0.995,recall,0.9459,37,,
2026-04-14T16:41:49Z,v2,pos_friend1_n37,positive,0.996,recall,0.9459,37,,
2026-04-14T16:41:49Z,v2,pos_friend1_n37,positive,0.999,recall,0.9459,37,,
2026-04-14T16:41:49Z,v3,pos_friend1_n37,positive,0.97,recall,0.9189,37,,
2026-04-14T16:41:49Z,v3,pos_friend1_n37,positive,0.99,recall,0.8919,37,,
2026-04-14T16:41:49Z,v3,pos_friend1_n37,positive,0.995,recall,0.8649,37,,
2026-04-14T16:41:49Z,v3,pos_friend1_n37,positive,0.996,recall,0.8649,37,,
2026-04-14T16:41:49Z,v3,pos_friend1_n37,positive,0.999,recall,0.8649,37,,
2026-04-14T16:41:49Z,v4,pos_friend1_n37,positive,0.97,recall,0.5405,37,,
2026-04-14T16:41:49Z,v4,pos_friend1_n37,positive,0.99,recall,0.4865,37,,
2026-04-14T16:41:49Z,v4,pos_friend1_n37,positive,0.995,recall,0.4595,37,,
2026-04-14T16:41:49Z,v4,pos_friend1_n37,positive,0.996,recall,0.4595,37,,
2026-04-14T16:41:49Z,v4,pos_friend1_n37,positive,0.999,recall,0.4595,37,,
2026-04-14T16:41:49Z,v5,pos_friend1_n37,positive,0.97,recall,0.9189,37,,
2026-04-14T16:41:49Z,v5,pos_friend1_n37,positive,0.99,recall,0.8919,37,,
2026-04-14T16:41:49Z,v5,pos_friend1_n37,positive,0.995,recall,0.8919,37,,
2026-04-14T16:41:49Z,v5,pos_friend1_n37,positive,0.996,recall,0.8919,37,,
2026-04-14T16:41:49Z,v5,pos_friend1_n37,positive,0.999,recall,0.8919,37,,
2026-04-14T16:41:49Z,v6,pos_friend1_n37,positive,0.97,recall,0.8378,37,,
2026-04-14T16:41:49Z,v6,pos_friend1_n37,positive,0.99,recall,0.7838,37,,
2026-04-14T16:41:49Z,v6,pos_friend1_n37,positive,0.995,recall,0.7568,37,,
2026-04-14T16:41:49Z,v6,pos_friend1_n37,positive,0.996,recall,0.7568,37,,
2026-04-14T16:41:49Z,v6,pos_friend1_n37,positive,0.999,recall,0.7027,37,,
2026-04-14T16:41:49Z,v6-r2,pos_friend1_n37,positive,0.97,recall,1.0000,37,,
2026-04-14T16:41:49Z,v6-r2,pos_friend1_n37,positive,0.99,recall,0.9730,37,,
2026-04-14T16:41:49Z,v6-r2,pos_friend1_n37,positive,0.995,recall,0.9459,37,,
2026-04-14T16:41:49Z,v6-r2,pos_friend1_n37,positive,0.996,recall,0.9459,37,,
2026-04-14T16:41:49Z,v6-r2,pos_friend1_n37,positive,0.999,recall,0.9459,37,,
2026-04-14T16:41:49Z,v6-r2-novtlp,pos_friend1_n37,positive,0.97,recall,0.8649,37,,
2026-04-14T16:41:49Z,v6-r2-novtlp,pos_friend1_n37,positive,0.99,recall,0.8108,37,,
2026-04-14T16:41:49Z,v6-r2-novtlp,pos_friend1_n37,positive,0.995,recall,0.8108,37,,
2026-04-14T16:41:49Z,v6-r2-novtlp,pos_friend1_n37,positive,0.996,recall,0.8108,37,,
2026-04-14T16:41:49Z,v6-r2-novtlp,pos_friend1_n37,positive,0.999,recall,0.7838,37,,
2026-04-14T16:41:49Z,v6-r2-plus,pos_friend1_n37,positive,0.97,recall,1.0000,37,,
2026-04-14T16:41:49Z,v6-r2-plus,pos_friend1_n37,positive,0.99,recall,0.9730,37,,
2026-04-14T16:41:49Z,v6-r2-plus,pos_friend1_n37,positive,0.995,recall,0.9459,37,,
2026-04-14T16:41:49Z,v6-r2-plus,pos_friend1_n37,positive,0.996,recall,0.9459,37,,
2026-04-14T16:41:49Z,v6-r2-plus,pos_friend1_n37,positive,0.999,recall,0.9459,37,,
2026-04-14T16:41:49Z,v6-residual,pos_friend1_n37,positive,0.97,recall,1.0000,37,,
2026-04-14T16:41:49Z,v6-residual,pos_friend1_n37,positive,0.99,recall,1.0000,37,,
2026-04-14T16:41:49Z,v6-residual,pos_friend1_n37,positive,0.995,recall,1.0000,37,,
2026-04-14T16:41:49Z,v6-residual,pos_friend1_n37,positive,0.996,recall,1.0000,37,,
2026-04-14T16:41:49Z,v6-residual,pos_friend1_n37,positive,0.999,recall,0.9730,37,,
2026-04-14T16:41:49Z,v6-residual-novtlp,pos_friend1_n37,positive,0.97,recall,0.8919,37,,
2026-04-14T16:41:49Z,v6-residual-novtlp,pos_friend1_n37,positive,0.99,recall,0.8649,37,,
2026-04-14T16:41:49Z,v6-residual-novtlp,pos_friend1_n37,positive,0.995,recall,0.8649,37,,
2026-04-14T16:41:49Z,v6-residual-novtlp,pos_friend1_n37,positive,0.996,recall,0.8649,37,,
2026-04-14T16:41:49Z,v6-residual-novtlp,pos_friend1_n37,positive,0.999,recall,0.8378,37,,
2026-04-14T16:41:49Z,v6-residual-plus,pos_friend1_n37,positive,0.97,recall,0.7297,37,,
2026-04-14T16:41:49Z,v6-residual-plus,pos_friend1_n37,positive,0.99,recall,0.7027,37,,
2026-04-14T16:41:49Z,v6-residual-plus,pos_friend1_n37,positive,0.995,recall,0.7027,37,,
2026-04-14T16:41:49Z,v6-residual-plus,pos_friend1_n37,positive,0.996,recall,0.7027,37,,
2026-04-14T16:41:49Z,v6-residual-plus,pos_friend1_n37,positive,0.999,recall,0.6757,37,,
2026-04-14T16:41:49Z,v6-specaug,pos_friend1_n37,positive,0.97,recall,0.5676,37,,
2026-04-14T16:41:49Z,v6-specaug,pos_friend1_n37,positive,0.99,recall,0.4865,37,,
2026-04-14T16:41:49Z,v6-specaug,pos_friend1_n37,positive,0.995,recall,0.4054,37,,
2026-04-14T16:41:49Z,v6-specaug,pos_friend1_n37,positive,0.996,recall,0.3784,37,,
2026-04-14T16:41:49Z,v6-specaug,pos_friend1_n37,positive,0.999,recall,0.3243,37,,
2026-04-14T16:41:49Z,v7,pos_friend1_n37,positive,0.97,recall,0.4324,37,,
2026-04-14T16:41:49Z,v7,pos_friend1_n37,positive,0.99,recall,0.2703,37,,
2026-04-14T16:41:49Z,v7,pos_friend1_n37,positive,0.995,recall,0.1892,37,,
2026-04-14T16:41:49Z,v7,pos_friend1_n37,positive,0.996,recall,0.1622,37,,
2026-04-14T16:41:49Z,v7,pos_friend1_n37,positive,0.999,recall,0.1351,37,,
2026-04-14T16:41:49Z,v8,pos_friend1_n37,positive,0.97,recall,0.1892,37,,
2026-04-14T16:41:49Z,v8,pos_friend1_n37,positive,0.99,recall,0.1081,37,,
2026-04-14T16:41:49Z,v8,pos_friend1_n37,positive,0.995,recall,0.0811,37,,
2026-04-14T16:41:49Z,v8,pos_friend1_n37,positive,0.996,recall,0.0811,37,,
2026-04-14T16:41:49Z,v8,pos_friend1_n37,positive,0.999,recall,0.0811,37,,
2026-04-14T16:41:49Z,v9,pos_friend1_n37,positive,0.97,recall,0.7027,37,,
2026-04-14T16:41:49Z,v9,pos_friend1_n37,positive,0.99,recall,0.6486,37,,
2026-04-14T16:41:49Z,v9,pos_friend1_n37,positive,0.995,recall,0.6216,37,,
2026-04-14T16:41:49Z,v9,pos_friend1_n37,positive,0.996,recall,0.5946,37,,
2026-04-14T16:41:49Z,v9,pos_friend1_n37,positive,0.999,recall,0.5946,37,,
2026-04-14T16:41:49Z,ex3a + expert-a,pos_friend1_n37,positive,0.97,recall,0.6757,37,,ex3a + expert-a
2026-04-14T16:41:49Z,ex3a + expert-a,pos_friend1_n37,positive,0.99,recall,0.6757,37,,ex3a + expert-a
2026-04-14T16:41:49Z,ex3a + expert-a,pos_friend1_n37,positive,0.995,recall,0.6216,37,,ex3a + expert-a
2026-04-14T16:41:49Z,ex3a + expert-a,pos_friend1_n37,positive,0.996,recall,0.5946,37,,ex3a + expert-a
2026-04-14T16:41:49Z,ex3a + expert-a,pos_friend1_n37,positive,0.999,recall,0.5405,37,,ex3a + expert-a
2026-04-14T16:41:49Z,ex3a + expert-b2,pos_friend1_n37,positive,0.97,recall,0.1081,37,,ex3a + expert-b2
2026-04-14T16:41:49Z,ex3a + expert-b2,pos_friend1_n37,positive,0.99,recall,0.0541,37,,ex3a + expert-b2
2026-04-14T16:41:49Z,ex3a + expert-b2,pos_friend1_n37,positive,0.995,recall,0.0541,37,,ex3a + expert-b2
2026-04-14T16:41:49Z,ex3a + expert-b2,pos_friend1_n37,positive,0.996,recall,0.0270,37,,ex3a + expert-b2
2026-04-14T16:41:49Z,ex3a + expert-b2,pos_friend1_n37,positive,0.999,recall,0.0270,37,,ex3a + expert-b2
2026-04-14T16:41:49Z,ex3a + expert-a + expert-b2,pos_friend1_n37,positive,0.97,recall,0.1081,37,,ex3a + expert-a + expert-b2
2026-04-14T16:41:49Z,ex3a + expert-a + expert-b2,pos_friend1_n37,positive,0.99,recall,0.0541,37,,ex3a + expert-a + expert-b2
2026-04-14T16:41:49Z,ex3a + expert-a + expert-b2,pos_friend1_n37,positive,0.995,recall,0.0541,37,,ex3a + expert-a + expert-b2
2026-04-14T16:41:49Z,ex3a + expert-a + expert-b2,pos_friend1_n37,positive,0.996,recall,0.0270,37,,ex3a + expert-a + expert-b2
2026-04-14T16:41:49Z,ex3a + expert-a + expert-b2,pos_friend1_n37,positive,0.999,recall,0.0270,37,,ex3a + expert-a + expert-b2
2026-04-14T16:41:49Z,ex3a + expert-a + expert-b,pos_friend1_n37,positive,0.97,recall,0.6216,37,,ex3a + expert-a + expert-b
2026-04-14T16:41:49Z,ex3a + expert-a + expert-b,pos_friend1_n37,positive,0.99,recall,0.5946,37,,ex3a + expert-a + expert-b
2026-04-14T16:41:49Z,ex3a + expert-a + expert-b,pos_friend1_n37,positive,0.995,recall,0.5676,37,,ex3a + expert-a + expert-b
2026-04-14T16:41:49Z,ex3a + expert-a + expert-b,pos_friend1_n37,positive,0.996,recall,0.5405,37,,ex3a + expert-a + expert-b
2026-04-14T16:41:49Z,ex3a + expert-a + expert-b,pos_friend1_n37,positive,0.999,recall,0.4865,37,,ex3a + expert-a + expert-b
2026-04-14T16:41:49Z,ex3a + expert-b + expert-b2,pos_friend1_n37,positive,0.97,recall,0.1081,37,,ex3a + expert-b + expert-b2
2026-04-14T16:41:49Z,ex3a + expert-b + expert-b2,pos_friend1_n37,positive,0.99,recall,0.0541,37,,ex3a + expert-b + expert-b2
2026-04-14T16:41:49Z,ex3a + expert-b + expert-b2,pos_friend1_n37,positive,0.995,recall,0.0541,37,,ex3a + expert-b + expert-b2
2026-04-14T16:41:49Z,ex3a + expert-b + expert-b2,pos_friend1_n37,positive,0.996,recall,0.0270,37,,ex3a + expert-b + expert-b2
2026-04-14T16:41:49Z,ex3a + expert-b + expert-b2,pos_friend1_n37,positive,0.999,recall,0.0270,37,,ex3a + expert-b + expert-b2
2026-04-14T16:41:49Z,v6-residual + expert-a,pos_friend1_n37,positive,0.97,recall,0.9189,37,,v6-residual + expert-a
2026-04-14T16:41:49Z,v6-residual + expert-a,pos_friend1_n37,positive,0.99,recall,0.9189,37,,v6-residual + expert-a
2026-04-14T16:41:49Z,v6-residual + expert-a,pos_friend1_n37,positive,0.995,recall,0.8919,37,,v6-residual + expert-a
2026-04-14T16:41:49Z,v6-residual + expert-a,pos_friend1_n37,positive,0.996,recall,0.8919,37,,v6-residual + expert-a
2026-04-14T16:41:49Z,v6-residual + expert-a,pos_friend1_n37,positive,0.999,recall,0.8919,37,,v6-residual + expert-a
2026-04-14T16:41:49Z,ex3b + expert-b2,pos_friend1_n37,positive,0.97,recall,0.0270,37,,ex3b + expert-b2
2026-04-14T16:41:49Z,ex3b + expert-b2,pos_friend1_n37,positive,0.99,recall,0.0270,37,,ex3b + expert-b2
2026-04-14T16:41:49Z,ex3b + expert-b2,pos_friend1_n37,positive,0.995,recall,0.0270,37,,ex3b + expert-b2
2026-04-14T16:41:49Z,ex3b + expert-b2,pos_friend1_n37,positive,0.996,recall,0.0270,37,,ex3b + expert-b2
2026-04-14T16:41:49Z,ex3b + expert-b2,pos_friend1_n37,positive,0.999,recall,0.0270,37,,ex3b + expert-b2
2026-04-14T16:52:59Z,ex2a,pos_friend1,positive,0.97,recall,0.6759,145,,
2026-04-14T16:52:59Z,ex2a,pos_friend1,positive,0.99,recall,0.5724,145,,
2026-04-14T16:52:59Z,ex2a,pos_friend1,positive,0.995,recall,0.5517,145,,
2026-04-14T16:52:59Z,ex2a,pos_friend1,positive,0.996,recall,0.5448,145,,
2026-04-14T16:52:59Z,ex2a,pos_friend1,positive,0.999,recall,0.5103,145,,
2026-04-14T16:52:59Z,ex3a,pos_friend1,positive,0.97,recall,0.8345,145,,
2026-04-14T16:52:59Z,ex3a,pos_friend1,positive,0.99,recall,0.8069,145,,
2026-04-14T16:52:59Z,ex3a,pos_friend1,positive,0.995,recall,0.7931,145,,
2026-04-14T16:52:59Z,ex3a,pos_friend1,positive,0.996,recall,0.7793,145,,
2026-04-14T16:52:59Z,ex3a,pos_friend1,positive,0.999,recall,0.7586,145,,
2026-04-14T16:52:59Z,ex3b,pos_friend1,positive,0.97,recall,0.8414,145,,
2026-04-14T16:52:59Z,ex3b,pos_friend1,positive,0.99,recall,0.8276,145,,
2026-04-14T16:52:59Z,ex3b,pos_friend1,positive,0.995,recall,0.8069,145,,
2026-04-14T16:52:59Z,ex3b,pos_friend1,positive,0.996,recall,0.7931,145,,
2026-04-14T16:52:59Z,ex3b,pos_friend1,positive,0.999,recall,0.7517,145,,
2026-04-14T16:52:59Z,expert-a,pos_friend1,positive,0.97,recall,0.9655,145,,
2026-04-14T16:52:59Z,expert-a,pos_friend1,positive,0.99,recall,0.9586,145,,
2026-04-14T16:52:59Z,expert-a,pos_friend1,positive,0.995,recall,0.9517,145,,
2026-04-14T16:52:59Z,expert-a,pos_friend1,positive,0.996,recall,0.9517,145,,
2026-04-14T16:52:59Z,expert-a,pos_friend1,positive,0.999,recall,0.9448,145,,
2026-04-14T16:52:59Z,expert-b,pos_friend1,positive,0.97,recall,0.9724,145,,
2026-04-14T16:52:59Z,expert-b,pos_friend1,positive,0.99,recall,0.9517,145,,
2026-04-14T16:52:59Z,expert-b,pos_friend1,positive,0.995,recall,0.9517,145,,
2026-04-14T16:52:59Z,expert-b,pos_friend1,positive,0.996,recall,0.9448,145,,
2026-04-14T16:52:59Z,expert-b,pos_friend1,positive,0.999,recall,0.9310,145,,
2026-04-14T16:52:59Z,expert-b2,pos_friend1,positive,0.97,recall,0.2414,145,,
2026-04-14T16:52:59Z,expert-b2,pos_friend1,positive,0.99,recall,0.1586,145,,
2026-04-14T16:52:59Z,expert-b2,pos_friend1,positive,0.995,recall,0.1517,145,,
2026-04-14T16:52:59Z,expert-b2,pos_friend1,positive,0.996,recall,0.1448,145,,
2026-04-14T16:52:59Z,expert-b2,pos_friend1,positive,0.999,recall,0.1310,145,,
2026-04-14T16:52:59Z,v1,pos_friend1,positive,0.97,recall,0.6552,145,,
2026-04-14T16:52:59Z,v1,pos_friend1,positive,0.99,recall,0.6138,145,,
2026-04-14T16:52:59Z,v1,pos_friend1,positive,0.995,recall,0.5586,145,,
2026-04-14T16:52:59Z,v1,pos_friend1,positive,0.996,recall,0.5586,145,,
2026-04-14T16:52:59Z,v1,pos_friend1,positive,0.999,recall,0.5241,145,,
2026-04-14T16:52:59Z,v10,pos_friend1,positive,0.97,recall,0.6138,145,,
2026-04-14T16:52:59Z,v10,pos_friend1,positive,0.99,recall,0.5103,145,,
2026-04-14T16:52:59Z,v10,pos_friend1,positive,0.995,recall,0.4414,145,,
2026-04-14T16:52:59Z,v10,pos_friend1,positive,0.996,recall,0.4345,145,,
2026-04-14T16:52:59Z,v10,pos_friend1,positive,0.999,recall,0.3655,145,,
2026-04-14T16:52:59Z,v11,pos_friend1,positive,0.97,recall,0.7586,145,,
2026-04-14T16:52:59Z,v11,pos_friend1,positive,0.99,recall,0.7034,145,,
2026-04-14T16:52:59Z,v11,pos_friend1,positive,0.995,recall,0.6966,145,,
2026-04-14T16:52:59Z,v11,pos_friend1,positive,0.996,recall,0.6966,145,,
2026-04-14T16:52:59Z,v11,pos_friend1,positive,0.999,recall,0.6552,145,,
2026-04-14T16:52:59Z,v12,pos_friend1,positive,0.97,recall,0.9655,145,,
2026-04-14T16:52:59Z,v12,pos_friend1,positive,0.99,recall,0.9310,145,,
2026-04-14T16:52:59Z,v12,pos_friend1,positive,0.995,recall,0.9172,145,,
2026-04-14T16:52:59Z,v12,pos_friend1,positive,0.996,recall,0.9103,145,,
2026-04-14T16:52:59Z,v12,pos_friend1,positive,0.999,recall,0.8690,145,,
2026-04-14T16:52:59Z,v13a,pos_friend1,positive,0.97,recall,0.4000,145,,
2026-04-14T16:52:59Z,v13a,pos_friend1,positive,0.99,recall,0.3448,145,,
2026-04-14T16:52:59Z,v13a,pos_friend1,positive,0.995,recall,0.3379,145,,
2026-04-14T16:52:59Z,v13a,pos_friend1,positive,0.996,recall,0.3172,145,,
2026-04-14T16:52:59Z,v13a,pos_friend1,positive,0.999,recall,0.2690,145,,
2026-04-14T16:52:59Z,v13b,pos_friend1,positive,0.97,recall,0.7655,145,,
2026-04-14T16:52:59Z,v13b,pos_friend1,positive,0.99,recall,0.7034,145,,
2026-04-14T16:52:59Z,v13b,pos_friend1,positive,0.995,recall,0.6759,145,,
2026-04-14T16:52:59Z,v13b,pos_friend1,positive,0.996,recall,0.6621,145,,
2026-04-14T16:52:59Z,v13b,pos_friend1,positive,0.999,recall,0.6414,145,,
2026-04-14T16:52:59Z,v14,pos_friend1,positive,0.97,recall,0.7931,145,,
2026-04-14T16:52:59Z,v14,pos_friend1,positive,0.99,recall,0.7517,145,,
2026-04-14T16:52:59Z,v14,pos_friend1,positive,0.995,recall,0.7379,145,,
2026-04-14T16:52:59Z,v14,pos_friend1,positive,0.996,recall,0.7310,145,,
2026-04-14T16:52:59Z,v14,pos_friend1,positive,0.999,recall,0.6897,145,,
2026-04-14T16:52:59Z,v15,pos_friend1,positive,0.97,recall,0.5310,145,,
2026-04-14T16:52:59Z,v15,pos_friend1,positive,0.99,recall,0.4138,145,,
2026-04-14T16:52:59Z,v15,pos_friend1,positive,0.995,recall,0.3793,145,,
2026-04-14T16:52:59Z,v15,pos_friend1,positive,0.996,recall,0.3793,145,,
2026-04-14T16:52:59Z,v15,pos_friend1,positive,0.999,recall,0.3310,145,,
2026-04-14T16:52:59Z,v16a,pos_friend1,positive,0.97,recall,0.9862,145,,
2026-04-14T16:52:59Z,v16a,pos_friend1,positive,0.99,recall,0.9655,145,,
2026-04-14T16:52:59Z,v16a,pos_friend1,positive,0.995,recall,0.9655,145,,
2026-04-14T16:52:59Z,v16a,pos_friend1,positive,0.996,recall,0.9655,145,,
2026-04-14T16:52:59Z,v16a,pos_friend1,positive,0.999,recall,0.9586,145,,
2026-04-14T16:52:59Z,v16b,pos_friend1,positive,0.97,recall,0.9586,145,,
2026-04-14T16:52:59Z,v16b,pos_friend1,positive,0.99,recall,0.9379,145,,
2026-04-14T16:52:59Z,v16b,pos_friend1,positive,0.995,recall,0.9103,145,,
2026-04-14T16:52:59Z,v16b,pos_friend1,positive,0.996,recall,0.9103,145,,
2026-04-14T16:52:59Z,v16b,pos_friend1,positive,0.999,recall,0.8966,145,,
2026-04-14T16:52:59Z,v16c,pos_friend1,positive,0.97,recall,0.8828,145,,
2026-04-14T16:52:59Z,v16c,pos_friend1,positive,0.99,recall,0.8690,145,,
2026-04-14T16:52:59Z,v16c,pos_friend1,positive,0.995,recall,0.8690,145,,
2026-04-14T16:52:59Z,v16c,pos_friend1,positive,0.996,recall,0.8690,145,,
2026-04-14T16:52:59Z,v16c,pos_friend1,positive,0.999,recall,0.8552,145,,
2026-04-14T16:52:59Z,v2,pos_friend1,positive,0.97,recall,0.9241,145,,
2026-04-14T16:52:59Z,v2,pos_friend1,positive,0.99,recall,0.8966,145,,
2026-04-14T16:52:59Z,v2,pos_friend1,positive,0.995,recall,0.8966,145,,
2026-04-14T16:52:59Z,v2,pos_friend1,positive,0.996,recall,0.8828,145,,
2026-04-14T16:52:59Z,v2,pos_friend1,positive,0.999,recall,0.8759,145,,
2026-04-14T16:52:59Z,v3,pos_friend1,positive,0.97,recall,0.8276,145,,
2026-04-14T16:52:59Z,v3,pos_friend1,positive,0.99,recall,0.8069,145,,
2026-04-14T16:52:59Z,v3,pos_friend1,positive,0.995,recall,0.7931,145,,
2026-04-14T16:52:59Z,v3,pos_friend1,positive,0.996,recall,0.7931,145,,
2026-04-14T16:52:59Z,v3,pos_friend1,positive,0.999,recall,0.7724,145,,
2026-04-14T16:52:59Z,v4,pos_friend1,positive,0.97,recall,0.4483,145,,
2026-04-14T16:52:59Z,v4,pos_friend1,positive,0.99,recall,0.4069,145,,
2026-04-14T16:52:59Z,v4,pos_friend1,positive,0.995,recall,0.3793,145,,
2026-04-14T16:52:59Z,v4,pos_friend1,positive,0.996,recall,0.3655,145,,
2026-04-14T16:52:59Z,v4,pos_friend1,positive,0.999,recall,0.3517,145,,
2026-04-14T16:52:59Z,v5,pos_friend1,positive,0.97,recall,0.8621,145,,
2026-04-14T16:52:59Z,v5,pos_friend1,positive,0.99,recall,0.8483,145,,
2026-04-14T16:52:59Z,v5,pos_friend1,positive,0.995,recall,0.8414,145,,
2026-04-14T16:52:59Z,v5,pos_friend1,positive,0.996,recall,0.8414,145,,
2026-04-14T16:52:59Z,v5,pos_friend1,positive,0.999,recall,0.8069,145,,
2026-04-14T16:52:59Z,v6,pos_friend1,positive,0.97,recall,0.9310,145,,
2026-04-14T16:52:59Z,v6,pos_friend1,positive,0.99,recall,0.8966,145,,
2026-04-14T16:52:59Z,v6,pos_friend1,positive,0.995,recall,0.8759,145,,
2026-04-14T16:52:59Z,v6,pos_friend1,positive,0.996,recall,0.8759,145,,
2026-04-14T16:52:59Z,v6,pos_friend1,positive,0.999,recall,0.8483,145,,
2026-04-14T16:52:59Z,v6-r2,pos_friend1,positive,0.97,recall,0.9931,145,,
2026-04-14T16:52:59Z,v6-r2,pos_friend1,positive,0.99,recall,0.9862,145,,
2026-04-14T16:52:59Z,v6-r2,pos_friend1,positive,0.995,recall,0.9724,145,,
2026-04-14T16:52:59Z,v6-r2,pos_friend1,positive,0.996,recall,0.9655,145,,
2026-04-14T16:52:59Z,v6-r2,pos_friend1,positive,0.999,recall,0.9655,145,,
2026-04-14T16:52:59Z,v6-r2-novtlp,pos_friend1,positive,0.97,recall,0.8759,145,,
2026-04-14T16:52:59Z,v6-r2-novtlp,pos_friend1,positive,0.99,recall,0.8552,145,,
2026-04-14T16:52:59Z,v6-r2-novtlp,pos_friend1,positive,0.995,recall,0.8345,145,,
2026-04-14T16:52:59Z,v6-r2-novtlp,pos_friend1,positive,0.996,recall,0.8345,145,,
2026-04-14T16:52:59Z,v6-r2-novtlp,pos_friend1,positive,0.999,recall,0.8069,145,,
2026-04-14T16:52:59Z,v6-r2-plus,pos_friend1,positive,0.97,recall,0.9931,145,,
2026-04-14T16:52:59Z,v6-r2-plus,pos_friend1,positive,0.99,recall,0.9862,145,,
2026-04-14T16:52:59Z,v6-r2-plus,pos_friend1,positive,0.995,recall,0.9724,145,,
2026-04-14T16:52:59Z,v6-r2-plus,pos_friend1,positive,0.996,recall,0.9655,145,,
2026-04-14T16:52:59Z,v6-r2-plus,pos_friend1,positive,0.999,recall,0.9655,145,,
2026-04-14T16:52:59Z,v6-residual,pos_friend1,positive,0.97,recall,0.9724,145,,
2026-04-14T16:52:59Z,v6-residual,pos_friend1,positive,0.99,recall,0.9586,145,,
2026-04-14T16:52:59Z,v6-residual,pos_friend1,positive,0.995,recall,0.9517,145,,
2026-04-14T16:52:59Z,v6-residual,pos_friend1,positive,0.996,recall,0.9517,145,,
2026-04-14T16:52:59Z,v6-residual,pos_friend1,positive,0.999,recall,0.9379,145,,
2026-04-14T16:52:59Z,v6-residual-novtlp,pos_friend1,positive,0.97,recall,0.9310,145,,
2026-04-14T16:52:59Z,v6-residual-novtlp,pos_friend1,positive,0.99,recall,0.9103,145,,
2026-04-14T16:52:59Z,v6-residual-novtlp,pos_friend1,positive,0.995,recall,0.8966,145,,
2026-04-14T16:52:59Z,v6-residual-novtlp,pos_friend1,positive,0.996,recall,0.8966,145,,
2026-04-14T16:52:59Z,v6-residual-novtlp,pos_friend1,positive,0.999,recall,0.8690,145,,
2026-04-14T16:52:59Z,v6-residual-plus,pos_friend1,positive,0.97,recall,0.8552,145,,
2026-04-14T16:52:59Z,v6-residual-plus,pos_friend1,positive,0.99,recall,0.8000,145,,
2026-04-14T16:52:59Z,v6-residual-plus,pos_friend1,positive,0.995,recall,0.7931,145,,
2026-04-14T16:52:59Z,v6-residual-plus,pos_friend1,positive,0.996,recall,0.7862,145,,
2026-04-14T16:52:59Z,v6-residual-plus,pos_friend1,positive,0.999,recall,0.7517,145,,
2026-04-14T16:52:59Z,v6-specaug,pos_friend1,positive,0.97,recall,0.6483,145,,
2026-04-14T16:52:59Z,v6-specaug,pos_friend1,positive,0.99,recall,0.5862,145,,
2026-04-14T16:52:59Z,v6-specaug,pos_friend1,positive,0.995,recall,0.5448,145,,
2026-04-14T16:52:59Z,v6-specaug,pos_friend1,positive,0.996,recall,0.5379,145,,
2026-04-14T16:52:59Z,v6-specaug,pos_friend1,positive,0.999,recall,0.4897,145,,
2026-04-14T16:52:59Z,v7,pos_friend1,positive,0.97,recall,0.4414,145,,
2026-04-14T16:52:59Z,v7,pos_friend1,positive,0.99,recall,0.3586,145,,
2026-04-14T16:52:59Z,v7,pos_friend1,positive,0.995,recall,0.3103,145,,
2026-04-14T16:52:59Z,v7,pos_friend1,positive,0.996,recall,0.2966,145,,
2026-04-14T16:52:59Z,v7,pos_friend1,positive,0.999,recall,0.2483,145,,
2026-04-14T16:52:59Z,v8,pos_friend1,positive,0.97,recall,0.2483,145,,
2026-04-14T16:52:59Z,v8,pos_friend1,positive,0.99,recall,0.1586,145,,
2026-04-14T16:52:59Z,v8,pos_friend1,positive,0.995,recall,0.1517,145,,
2026-04-14T16:52:59Z,v8,pos_friend1,positive,0.996,recall,0.1517,145,,
2026-04-14T16:52:59Z,v8,pos_friend1,positive,0.999,recall,0.1448,145,,
2026-04-14T16:52:59Z,v9,pos_friend1,positive,0.97,recall,0.8345,145,,
2026-04-14T16:52:59Z,v9,pos_friend1,positive,0.99,recall,0.8069,145,,
2026-04-14T16:52:59Z,v9,pos_friend1,positive,0.995,recall,0.7724,145,,
2026-04-14T16:52:59Z,v9,pos_friend1,positive,0.996,recall,0.7586,145,,
2026-04-14T16:52:59Z,v9,pos_friend1,positive,0.999,recall,0.7310,145,,
2026-04-14T16:52:59Z,ex3a + expert-a,pos_friend1,positive,0.97,recall,0.8138,145,,ex3a + expert-a
2026-04-14T16:52:59Z,ex3a + expert-a,pos_friend1,positive,0.99,recall,0.7862,145,,ex3a + expert-a
2026-04-14T16:52:59Z,ex3a + expert-a,pos_friend1,positive,0.995,recall,0.7655,145,,ex3a + expert-a
2026-04-14T16:52:59Z,ex3a + expert-a,pos_friend1,positive,0.996,recall,0.7517,145,,ex3a + expert-a
2026-04-14T16:52:59Z,ex3a + expert-a,pos_friend1,positive,0.999,recall,0.7310,145,,ex3a + expert-a
2026-04-14T16:52:59Z,ex3a + expert-b2,pos_friend1,positive,0.97,recall,0.2207,145,,ex3a + expert-b2
2026-04-14T16:52:59Z,ex3a + expert-b2,pos_friend1,positive,0.99,recall,0.1517,145,,ex3a + expert-b2
2026-04-14T16:52:59Z,ex3a + expert-b2,pos_friend1,positive,0.995,recall,0.1448,145,,ex3a + expert-b2
2026-04-14T16:52:59Z,ex3a + expert-b2,pos_friend1,positive,0.996,recall,0.1379,145,,ex3a + expert-b2
2026-04-14T16:52:59Z,ex3a + expert-b2,pos_friend1,positive,0.999,recall,0.1241,145,,ex3a + expert-b2
2026-04-14T16:52:59Z,ex3a + expert-a + expert-b2,pos_friend1,positive,0.97,recall,0.2207,145,,ex3a + expert-a + expert-b2
2026-04-14T16:52:59Z,ex3a + expert-a + expert-b2,pos_friend1,positive,0.99,recall,0.1517,145,,ex3a + expert-a + expert-b2
2026-04-14T16:52:59Z,ex3a + expert-a + expert-b2,pos_friend1,positive,0.995,recall,0.1448,145,,ex3a + expert-a + expert-b2
2026-04-14T16:52:59Z,ex3a + expert-a + expert-b2,pos_friend1,positive,0.996,recall,0.1379,145,,ex3a + expert-a + expert-b2
2026-04-14T16:52:59Z,ex3a + expert-a + expert-b2,pos_friend1,positive,0.999,recall,0.1241,145,,ex3a + expert-a + expert-b2
2026-04-14T16:52:59Z,ex3a + expert-a + expert-b,pos_friend1,positive,0.97,recall,0.7862,145,,ex3a + expert-a + expert-b
2026-04-14T16:52:59Z,ex3a + expert-a + expert-b,pos_friend1,positive,0.99,recall,0.7586,145,,ex3a + expert-a + expert-b
2026-04-14T16:52:59Z,ex3a + expert-a + expert-b,pos_friend1,positive,0.995,recall,0.7448,145,,ex3a + expert-a + expert-b
2026-04-14T16:52:59Z,ex3a + expert-a + expert-b,pos_friend1,positive,0.996,recall,0.7241,145,,ex3a + expert-a + expert-b
2026-04-14T16:52:59Z,ex3a + expert-a + expert-b,pos_friend1,positive,0.999,recall,0.6966,145,,ex3a + expert-a + expert-b
2026-04-14T16:52:59Z,ex3a + expert-b + expert-b2,pos_friend1,positive,0.97,recall,0.2207,145,,ex3a + expert-b + expert-b2
2026-04-14T16:52:59Z,ex3a + expert-b + expert-b2,pos_friend1,positive,0.99,recall,0.1517,145,,ex3a + expert-b + expert-b2
2026-04-14T16:52:59Z,ex3a + expert-b + expert-b2,pos_friend1,positive,0.995,recall,0.1448,145,,ex3a + expert-b + expert-b2
2026-04-14T16:52:59Z,ex3a + expert-b + expert-b2,pos_friend1,positive,0.996,recall,0.1379,145,,ex3a + expert-b + expert-b2
2026-04-14T16:52:59Z,ex3a + expert-b + expert-b2,pos_friend1,positive,0.999,recall,0.1241,145,,ex3a + expert-b + expert-b2
2026-04-14T16:52:59Z,v6-residual + expert-a,pos_friend1,positive,0.97,recall,0.9379,145,,v6-residual + expert-a
2026-04-14T16:52:59Z,v6-residual + expert-a,pos_friend1,positive,0.99,recall,0.9241,145,,v6-residual + expert-a
2026-04-14T16:52:59Z,v6-residual + expert-a,pos_friend1,positive,0.995,recall,0.9103,145,,v6-residual + expert-a
2026-04-14T16:52:59Z,v6-residual + expert-a,pos_friend1,positive,0.996,recall,0.9103,145,,v6-residual + expert-a
2026-04-14T16:52:59Z,v6-residual + expert-a,pos_friend1,positive,0.999,recall,0.9034,145,,v6-residual + expert-a
2026-04-14T16:52:59Z,ex3b + expert-b2,pos_friend1,positive,0.97,recall,0.1862,145,,ex3b + expert-b2
2026-04-14T16:52:59Z,ex3b + expert-b2,pos_friend1,positive,0.99,recall,0.1310,145,,ex3b + expert-b2
2026-04-14T16:52:59Z,ex3b + expert-b2,pos_friend1,positive,0.995,recall,0.1241,145,,ex3b + expert-b2
2026-04-14T16:52:59Z,ex3b + expert-b2,pos_friend1,positive,0.996,recall,0.1172,145,,ex3b + expert-b2
2026-04-14T16:52:59Z,ex3b + expert-b2,pos_friend1,positive,0.999,recall,0.1034,145,,ex3b + expert-b2
2026-04-14T17:13:22Z,v14 + expert-b,pos_isa_xtts,positive,0.97,recall,1.0000,48,,v14 + expert-b
2026-04-14T17:13:22Z,v14 + expert-b,pos_isa_xtts,positive,0.99,recall,1.0000,48,,v14 + expert-b
2026-04-14T17:13:22Z,v14 + expert-b,pos_isa_xtts,positive,0.995,recall,1.0000,48,,v14 + expert-b
2026-04-14T17:13:22Z,v14 + expert-b,pos_isa_xtts,positive,0.996,recall,1.0000,48,,v14 + expert-b
2026-04-14T17:13:22Z,v14 + expert-b,pos_isa_xtts,positive,0.999,recall,1.0000,48,,v14 + expert-b
2026-04-14T17:13:22Z,v14 + expert-b,pos_ode,positive,0.97,recall,0.9091,11,,v14 + expert-b
2026-04-14T17:13:22Z,v14 + expert-b,pos_ode,positive,0.99,recall,0.9091,11,,v14 + expert-b
2026-04-14T17:13:22Z,v14 + expert-b,pos_ode,positive,0.995,recall,0.9091,11,,v14 + expert-b
2026-04-14T17:13:22Z,v14 + expert-b,pos_ode,positive,0.996,recall,0.9091,11,,v14 + expert-b
2026-04-14T17:13:22Z,v14 + expert-b,pos_ode,positive,0.999,recall,0.9091,11,,v14 + expert-b
2026-04-14T17:13:22Z,v14 + expert-b,pos_mattias_short_n50,positive,0.97,recall,0.9800,50,,v14 + expert-b
2026-04-14T17:13:22Z,v14 + expert-b,pos_mattias_short_n50,positive,0.99,recall,0.9800,50,,v14 + expert-b
2026-04-14T17:13:22Z,v14 + expert-b,pos_mattias_short_n50,positive,0.995,recall,0.9800,50,,v14 + expert-b
2026-04-14T17:13:22Z,v14 + expert-b,pos_mattias_short_n50,positive,0.996,recall,0.9800,50,,v14 + expert-b
2026-04-14T17:13:22Z,v14 + expert-b,pos_mattias_short_n50,positive,0.999,recall,0.9400,50,,v14 + expert-b
2026-04-14T17:13:22Z,v14 + expert-b,pos_friend1,positive,0.97,recall,0.7793,145,,v14 + expert-b
2026-04-14T17:13:22Z,v14 + expert-b,pos_friend1,positive,0.99,recall,0.7241,145,,v14 + expert-b
2026-04-14T17:13:22Z,v14 + expert-b,pos_friend1,positive,0.995,recall,0.7103,145,,v14 + expert-b
2026-04-14T17:13:22Z,v14 + expert-b,pos_friend1,positive,0.996,recall,0.6966,145,,v14 + expert-b
2026-04-14T17:13:22Z,v14 + expert-b,pos_friend1,positive,0.999,recall,0.6414,145,,v14 + expert-b
2026-04-14T17:13:22Z,v14 + expert-b,hard_neg_mac_holdout,hard_negative,0.97,fpr,1.0000,15,,v14 + expert-b
2026-04-14T17:13:22Z,v14 + expert-b,hard_neg_mac_holdout,hard_negative,0.99,fpr,1.0000,15,,v14 + expert-b
2026-04-14T17:13:22Z,v14 + expert-b,hard_neg_mac_holdout,hard_negative,0.995,fpr,1.0000,15,,v14 + expert-b
2026-04-14T17:13:22Z,v14 + expert-b,hard_neg_mac_holdout,hard_negative,0.996,fpr,1.0000,15,,v14 + expert-b
2026-04-14T17:13:22Z,v14 + expert-b,hard_neg_mac_holdout,hard_negative,0.999,fpr,1.0000,15,,v14 + expert-b
2026-04-14T17:13:22Z,v14 + expert-b,hard_neg_isa_xtts,hard_negative,0.97,fpr,0.7667,60,,v14 + expert-b
2026-04-14T17:13:22Z,v14 + expert-b,hard_neg_isa_xtts,hard_negative,0.99,fpr,0.7167,60,,v14 + expert-b
2026-04-14T17:13:22Z,v14 + expert-b,hard_neg_isa_xtts,hard_negative,0.995,fpr,0.6000,60,,v14 + expert-b
2026-04-14T17:13:22Z,v14 + expert-b,hard_neg_isa_xtts,hard_negative,0.996,fpr,0.6000,60,,v14 + expert-b
2026-04-14T17:13:22Z,v14 + expert-b,hard_neg_isa_xtts,hard_negative,0.999,fpr,0.5667,60,,v14 + expert-b
2026-04-14T17:13:22Z,v14 + expert-b,hard_neg_canary,hard_negative,0.97,fpr,0.0000,5,,v14 + expert-b
2026-04-14T17:13:22Z,v14 + expert-b,hard_neg_canary,hard_negative,0.99,fpr,0.0000,5,,v14 + expert-b
2026-04-14T17:13:22Z,v14 + expert-b,hard_neg_canary,hard_negative,0.995,fpr,0.0000,5,,v14 + expert-b
2026-04-14T17:13:22Z,v14 + expert-b,hard_neg_canary,hard_negative,0.996,fpr,0.0000,5,,v14 + expert-b
2026-04-14T17:13:22Z,v14 + expert-b,hard_neg_canary,hard_negative,0.999,fpr,0.0000,5,,v14 + expert-b
2026-04-14T17:13:22Z,v14 + expert-b,faph_cv_et,ambient,0.97,faph,106.0021,2000,3.82,v14 + expert-b
2026-04-14T17:13:22Z,v14 + expert-b,faph_cv_et,ambient,0.99,faph,64.3864,2000,3.82,v14 + expert-b
2026-04-14T17:13:22Z,v14 + expert-b,faph_cv_et,ambient,0.995,faph,55.4875,2000,3.82,v14 + expert-b
2026-04-14T17:13:22Z,v14 + expert-b,faph_cv_et,ambient,0.996,faph,53.1319,2000,3.82,v14 + expert-b
2026-04-14T17:13:22Z,v14 + expert-b,faph_cv_et,ambient,0.999,faph,37.9514,2000,3.82,v14 + expert-b
2026-04-14T17:13:22Z,v14 + expert-b,faph_librispeech,ambient,0.97,faph,232.1362,2620,5.62,v14 + expert-b
2026-04-14T17:13:22Z,v14 + expert-b,faph_librispeech,ambient,0.99,faph,162.4064,2620,5.62,v14 + expert-b
2026-04-14T17:13:22Z,v14 + expert-b,faph_librispeech,ambient,0.995,faph,135.9020,2620,5.62,v14 + expert-b
2026-04-14T17:13:22Z,v14 + expert-b,faph_librispeech,ambient,0.996,faph,130.5655,2620,5.62,v14 + expert-b
2026-04-14T17:13:22Z,v14 + expert-b,faph_librispeech,ambient,0.999,faph,108.1523,2620,5.62,v14 + expert-b
2026-04-14T17:13:22Z,v14 + expert-b,faph_macbook_bg,ambient,0.97,faph,23.1218,14,1.17,v14 + expert-b
2026-04-14T17:13:22Z,v14 + expert-b,faph_macbook_bg,ambient,0.99,faph,17.1272,14,1.17,v14 + expert-b
2026-04-14T17:13:22Z,v14 + expert-b,faph_macbook_bg,ambient,0.995,faph,16.2709,14,1.17,v14 + expert-b
2026-04-14T17:13:22Z,v14 + expert-b,faph_macbook_bg,ambient,0.996,faph,14.5582,14,1.17,v14 + expert-b
2026-04-14T17:13:22Z,v14 + expert-b,faph_macbook_bg,ambient,0.999,faph,12.8454,14,1.17,v14 + expert-b
2026-04-14T17:13:22Z,v14 + expert-b,faph_dipco,ambient,0.97,faph,15.3507,6,3.32,v14 + expert-b
2026-04-14T17:13:22Z,v14 + expert-b,faph_dipco,ambient,0.99,faph,8.4278,6,3.32,v14 + expert-b
2026-04-14T17:13:22Z,v14 + expert-b,faph_dipco,ambient,0.995,faph,5.7189,6,3.32,v14 + expert-b
2026-04-14T17:13:22Z,v14 + expert-b,faph_dipco,ambient,0.996,faph,5.7189,6,3.32,v14 + expert-b
2026-04-14T17:13:22Z,v14 + expert-b,faph_dipco,ambient,0.999,faph,4.2139,6,3.32,v14 + expert-b
2026-04-14T17:22:22Z,ex2a,pos_mattias_short,positive,0.97,recall,0.9556,135,,
2026-04-14T17:22:22Z,ex2a,pos_mattias_short,positive,0.99,recall,0.9481,135,,
2026-04-14T17:22:22Z,ex2a,pos_mattias_short,positive,0.995,recall,0.9481,135,,
2026-04-14T17:22:22Z,ex2a,pos_mattias_short,positive,0.996,recall,0.9481,135,,
2026-04-14T17:22:22Z,ex2a,pos_mattias_short,positive,0.999,recall,0.9407,135,,
2026-04-14T17:22:22Z,ex3a,pos_mattias_short,positive,0.97,recall,0.8370,135,,
2026-04-14T17:22:22Z,ex3a,pos_mattias_short,positive,0.99,recall,0.8296,135,,
2026-04-14T17:22:22Z,ex3a,pos_mattias_short,positive,0.995,recall,0.8296,135,,
2026-04-14T17:22:22Z,ex3a,pos_mattias_short,positive,0.996,recall,0.8296,135,,
2026-04-14T17:22:22Z,ex3a,pos_mattias_short,positive,0.999,recall,0.7778,135,,
2026-04-14T17:22:22Z,ex3b,pos_mattias_short,positive,0.97,recall,0.9852,135,,
2026-04-14T17:22:22Z,ex3b,pos_mattias_short,positive,0.99,recall,0.9778,135,,
2026-04-14T17:22:22Z,ex3b,pos_mattias_short,positive,0.995,recall,0.9778,135,,
2026-04-14T17:22:22Z,ex3b,pos_mattias_short,positive,0.996,recall,0.9778,135,,
2026-04-14T17:22:22Z,ex3b,pos_mattias_short,positive,0.999,recall,0.9704,135,,
2026-04-14T17:22:22Z,expert-a,pos_mattias_short,positive,0.97,recall,0.9704,135,,
2026-04-14T17:22:22Z,expert-a,pos_mattias_short,positive,0.99,recall,0.9704,135,,
2026-04-14T17:22:22Z,expert-a,pos_mattias_short,positive,0.995,recall,0.9630,135,,
2026-04-14T17:22:22Z,expert-a,pos_mattias_short,positive,0.996,recall,0.9630,135,,
2026-04-14T17:22:22Z,expert-a,pos_mattias_short,positive,0.999,recall,0.9556,135,,
2026-04-14T17:22:22Z,expert-b,pos_mattias_short,positive,0.97,recall,0.9926,135,,
2026-04-14T17:22:22Z,expert-b,pos_mattias_short,positive,0.99,recall,0.9926,135,,
2026-04-14T17:22:22Z,expert-b,pos_mattias_short,positive,0.995,recall,0.9926,135,,
2026-04-14T17:22:22Z,expert-b,pos_mattias_short,positive,0.996,recall,0.9926,135,,
2026-04-14T17:22:22Z,expert-b,pos_mattias_short,positive,0.999,recall,0.9778,135,,
2026-04-14T17:22:22Z,expert-b2,pos_mattias_short,positive,0.97,recall,0.9481,135,,
2026-04-14T17:22:22Z,expert-b2,pos_mattias_short,positive,0.99,recall,0.8963,135,,
2026-04-14T17:22:22Z,expert-b2,pos_mattias_short,positive,0.995,recall,0.8889,135,,
2026-04-14T17:22:22Z,expert-b2,pos_mattias_short,positive,0.996,recall,0.8815,135,,
2026-04-14T17:22:22Z,expert-b2,pos_mattias_short,positive,0.999,recall,0.8667,135,,
2026-04-14T17:22:22Z,v1,pos_mattias_short,positive,0.97,recall,0.8074,135,,
2026-04-14T17:22:22Z,v1,pos_mattias_short,positive,0.99,recall,0.7778,135,,
2026-04-14T17:22:22Z,v1,pos_mattias_short,positive,0.995,recall,0.7630,135,,
2026-04-14T17:22:22Z,v1,pos_mattias_short,positive,0.996,recall,0.7481,135,,
2026-04-14T17:22:22Z,v1,pos_mattias_short,positive,0.999,recall,0.7185,135,,
2026-04-14T17:22:22Z,v10,pos_mattias_short,positive,0.97,recall,0.9630,135,,
2026-04-14T17:22:22Z,v10,pos_mattias_short,positive,0.99,recall,0.9333,135,,
2026-04-14T17:22:22Z,v10,pos_mattias_short,positive,0.995,recall,0.9185,135,,
2026-04-14T17:22:22Z,v10,pos_mattias_short,positive,0.996,recall,0.9111,135,,
2026-04-14T17:22:22Z,v10,pos_mattias_short,positive,0.999,recall,0.8889,135,,
2026-04-14T17:22:22Z,v11,pos_mattias_short,positive,0.97,recall,0.8815,135,,
2026-04-14T17:22:22Z,v11,pos_mattias_short,positive,0.99,recall,0.8370,135,,
2026-04-14T17:22:22Z,v11,pos_mattias_short,positive,0.995,recall,0.8074,135,,
2026-04-14T17:22:22Z,v11,pos_mattias_short,positive,0.996,recall,0.8074,135,,
2026-04-14T17:22:22Z,v11,pos_mattias_short,positive,0.999,recall,0.7704,135,,
2026-04-14T17:22:22Z,v12,pos_mattias_short,positive,0.97,recall,0.9481,135,,
2026-04-14T17:22:22Z,v12,pos_mattias_short,positive,0.99,recall,0.9407,135,,
2026-04-14T17:22:22Z,v12,pos_mattias_short,positive,0.995,recall,0.9333,135,,
2026-04-14T17:22:22Z,v12,pos_mattias_short,positive,0.996,recall,0.9333,135,,
2026-04-14T17:22:22Z,v12,pos_mattias_short,positive,0.999,recall,0.9259,135,,
2026-04-14T17:22:22Z,v13a,pos_mattias_short,positive,0.97,recall,0.9185,135,,
2026-04-14T17:22:22Z,v13a,pos_mattias_short,positive,0.99,recall,0.8963,135,,
2026-04-14T17:22:22Z,v13a,pos_mattias_short,positive,0.995,recall,0.8963,135,,
2026-04-14T17:22:22Z,v13a,pos_mattias_short,positive,0.996,recall,0.8963,135,,
2026-04-14T17:22:22Z,v13a,pos_mattias_short,positive,0.999,recall,0.8963,135,,
2026-04-14T17:22:22Z,v13b,pos_mattias_short,positive,0.97,recall,0.9704,135,,
2026-04-14T17:22:22Z,v13b,pos_mattias_short,positive,0.99,recall,0.9556,135,,
2026-04-14T17:22:22Z,v13b,pos_mattias_short,positive,0.995,recall,0.9556,135,,
2026-04-14T17:22:22Z,v13b,pos_mattias_short,positive,0.996,recall,0.9556,135,,
2026-04-14T17:22:22Z,v13b,pos_mattias_short,positive,0.999,recall,0.9556,135,,
2026-04-14T17:22:22Z,v14,pos_mattias_short,positive,0.97,recall,0.8370,135,,
2026-04-14T17:22:22Z,v14,pos_mattias_short,positive,0.99,recall,0.8074,135,,
2026-04-14T17:22:22Z,v14,pos_mattias_short,positive,0.995,recall,0.7926,135,,
2026-04-14T17:22:22Z,v14,pos_mattias_short,positive,0.996,recall,0.7926,135,,
2026-04-14T17:22:22Z,v14,pos_mattias_short,positive,0.999,recall,0.7852,135,,
2026-04-14T17:22:22Z,v15,pos_mattias_short,positive,0.97,recall,0.8889,135,,
2026-04-14T17:22:22Z,v15,pos_mattias_short,positive,0.99,recall,0.8741,135,,
2026-04-14T17:22:22Z,v15,pos_mattias_short,positive,0.995,recall,0.8667,135,,
2026-04-14T17:22:22Z,v15,pos_mattias_short,positive,0.996,recall,0.8667,135,,
2026-04-14T17:22:22Z,v15,pos_mattias_short,positive,0.999,recall,0.8593,135,,
2026-04-14T17:22:22Z,v16a,pos_mattias_short,positive,0.97,recall,0.9037,135,,
2026-04-14T17:22:22Z,v16a,pos_mattias_short,positive,0.99,recall,0.9037,135,,
2026-04-14T17:22:22Z,v16a,pos_mattias_short,positive,0.995,recall,0.9037,135,,
2026-04-14T17:22:22Z,v16a,pos_mattias_short,positive,0.996,recall,0.9037,135,,
2026-04-14T17:22:22Z,v16a,pos_mattias_short,positive,0.999,recall,0.9037,135,,
2026-04-14T17:22:22Z,v16b,pos_mattias_short,positive,0.97,recall,0.6889,135,,
2026-04-14T17:22:22Z,v16b,pos_mattias_short,positive,0.99,recall,0.6370,135,,
2026-04-14T17:22:22Z,v16b,pos_mattias_short,positive,0.995,recall,0.6074,135,,
2026-04-14T17:22:22Z,v16b,pos_mattias_short,positive,0.996,recall,0.6000,135,,
2026-04-14T17:22:22Z,v16b,pos_mattias_short,positive,0.999,recall,0.5704,135,,
2026-04-14T17:22:22Z,v16c,pos_mattias_short,positive,0.97,recall,0.9037,135,,
2026-04-14T17:22:22Z,v16c,pos_mattias_short,positive,0.99,recall,0.8963,135,,
2026-04-14T17:22:22Z,v16c,pos_mattias_short,positive,0.995,recall,0.8963,135,,
2026-04-14T17:22:22Z,v16c,pos_mattias_short,positive,0.996,recall,0.8963,135,,
2026-04-14T17:22:22Z,v16c,pos_mattias_short,positive,0.999,recall,0.8889,135,,
2026-04-14T17:22:22Z,v2,pos_mattias_short,positive,0.97,recall,0.9481,135,,
2026-04-14T17:22:22Z,v2,pos_mattias_short,positive,0.99,recall,0.9185,135,,
2026-04-14T17:22:22Z,v2,pos_mattias_short,positive,0.995,recall,0.9185,135,,
2026-04-14T17:22:22Z,v2,pos_mattias_short,positive,0.996,recall,0.9185,135,,
2026-04-14T17:22:22Z,v2,pos_mattias_short,positive,0.999,recall,0.9111,135,,
2026-04-14T17:22:22Z,v3,pos_mattias_short,positive,0.97,recall,0.9778,135,,
2026-04-14T17:22:22Z,v3,pos_mattias_short,positive,0.99,recall,0.9704,135,,
2026-04-14T17:22:22Z,v3,pos_mattias_short,positive,0.995,recall,0.9630,135,,
2026-04-14T17:22:22Z,v3,pos_mattias_short,positive,0.996,recall,0.9630,135,,
2026-04-14T17:22:22Z,v3,pos_mattias_short,positive,0.999,recall,0.9481,135,,
2026-04-14T17:22:22Z,v4,pos_mattias_short,positive,0.97,recall,0.7926,135,,
2026-04-14T17:22:22Z,v4,pos_mattias_short,positive,0.99,recall,0.7926,135,,
2026-04-14T17:22:22Z,v4,pos_mattias_short,positive,0.995,recall,0.7704,135,,
2026-04-14T17:22:22Z,v4,pos_mattias_short,positive,0.996,recall,0.7630,135,,
2026-04-14T17:22:22Z,v4,pos_mattias_short,positive,0.999,recall,0.7407,135,,
2026-04-14T17:22:22Z,v5,pos_mattias_short,positive,0.97,recall,0.7630,135,,
2026-04-14T17:22:22Z,v5,pos_mattias_short,positive,0.99,recall,0.7333,135,,
2026-04-14T17:22:22Z,v5,pos_mattias_short,positive,0.995,recall,0.7333,135,,
2026-04-14T17:22:22Z,v5,pos_mattias_short,positive,0.996,recall,0.7333,135,,
2026-04-14T17:22:22Z,v5,pos_mattias_short,positive,0.999,recall,0.7333,135,,
2026-04-14T17:22:22Z,v6,pos_mattias_short,positive,0.97,recall,0.8519,135,,
2026-04-14T17:22:22Z,v6,pos_mattias_short,positive,0.99,recall,0.8444,135,,
2026-04-14T17:22:22Z,v6,pos_mattias_short,positive,0.995,recall,0.8370,135,,
2026-04-14T17:22:22Z,v6,pos_mattias_short,positive,0.996,recall,0.8370,135,,
2026-04-14T17:22:22Z,v6,pos_mattias_short,positive,0.999,recall,0.8222,135,,
2026-04-14T17:22:22Z,v6-r2,pos_mattias_short,positive,0.97,recall,0.9926,135,,
2026-04-14T17:22:22Z,v6-r2,pos_mattias_short,positive,0.99,recall,0.9926,135,,
2026-04-14T17:22:22Z,v6-r2,pos_mattias_short,positive,0.995,recall,0.9926,135,,
2026-04-14T17:22:22Z,v6-r2,pos_mattias_short,positive,0.996,recall,0.9926,135,,
2026-04-14T17:22:22Z,v6-r2,pos_mattias_short,positive,0.999,recall,0.9778,135,,
2026-04-14T17:22:22Z,v6-r2-novtlp,pos_mattias_short,positive,0.97,recall,1.0000,135,,
2026-04-14T17:22:22Z,v6-r2-novtlp,pos_mattias_short,positive,0.99,recall,1.0000,135,,
2026-04-14T17:22:22Z,v6-r2-novtlp,pos_mattias_short,positive,0.995,recall,1.0000,135,,
2026-04-14T17:22:22Z,v6-r2-novtlp,pos_mattias_short,positive,0.996,recall,1.0000,135,,
2026-04-14T17:22:22Z,v6-r2-novtlp,pos_mattias_short,positive,0.999,recall,1.0000,135,,
2026-04-14T17:22:22Z,v6-r2-plus,pos_mattias_short,positive,0.97,recall,0.9926,135,,
2026-04-14T17:22:22Z,v6-r2-plus,pos_mattias_short,positive,0.99,recall,0.9926,135,,
2026-04-14T17:22:22Z,v6-r2-plus,pos_mattias_short,positive,0.995,recall,0.9926,135,,
2026-04-14T17:22:22Z,v6-r2-plus,pos_mattias_short,positive,0.996,recall,0.9926,135,,
2026-04-14T17:22:22Z,v6-r2-plus,pos_mattias_short,positive,0.999,recall,0.9778,135,,
2026-04-14T17:22:22Z,v6-residual,pos_mattias_short,positive,0.97,recall,0.7630,135,,
2026-04-14T17:22:22Z,v6-residual,pos_mattias_short,positive,0.99,recall,0.7333,135,,
2026-04-14T17:22:22Z,v6-residual,pos_mattias_short,positive,0.995,recall,0.7185,135,,
2026-04-14T17:22:22Z,v6-residual,pos_mattias_short,positive,0.996,recall,0.7185,135,,
2026-04-14T17:22:22Z,v6-residual,pos_mattias_short,positive,0.999,recall,0.6741,135,,
2026-04-14T17:22:22Z,v6-residual-novtlp,pos_mattias_short,positive,0.97,recall,0.9704,135,,
2026-04-14T17:22:22Z,v6-residual-novtlp,pos_mattias_short,positive,0.99,recall,0.9704,135,,
2026-04-14T17:22:22Z,v6-residual-novtlp,pos_mattias_short,positive,0.995,recall,0.9704,135,,
2026-04-14T17:22:22Z,v6-residual-novtlp,pos_mattias_short,positive,0.996,recall,0.9704,135,,
2026-04-14T17:22:22Z,v6-residual-novtlp,pos_mattias_short,positive,0.999,recall,0.9704,135,,
2026-04-14T17:22:22Z,v6-residual-plus,pos_mattias_short,positive,0.97,recall,0.9185,135,,
2026-04-14T17:22:22Z,v6-residual-plus,pos_mattias_short,positive,0.99,recall,0.9111,135,,
2026-04-14T17:22:22Z,v6-residual-plus,pos_mattias_short,positive,0.995,recall,0.9037,135,,
2026-04-14T17:22:22Z,v6-residual-plus,pos_mattias_short,positive,0.996,recall,0.9037,135,,
2026-04-14T17:22:22Z,v6-residual-plus,pos_mattias_short,positive,0.999,recall,0.8889,135,,
2026-04-14T17:22:22Z,v6-residual-r3,pos_mattias_short,positive,0.97,recall,0.8741,135,,
2026-04-14T17:22:22Z,v6-residual-r3,pos_mattias_short,positive,0.99,recall,0.8667,135,,
2026-04-14T17:22:22Z,v6-residual-r3,pos_mattias_short,positive,0.995,recall,0.8667,135,,
2026-04-14T17:22:22Z,v6-residual-r3,pos_mattias_short,positive,0.996,recall,0.8667,135,,
2026-04-14T17:22:22Z,v6-residual-r3,pos_mattias_short,positive,0.999,recall,0.8222,135,,
2026-04-14T17:22:22Z,v6-specaug,pos_mattias_short,positive,0.97,recall,1.0000,135,,
2026-04-14T17:22:22Z,v6-specaug,pos_mattias_short,positive,0.99,recall,0.9926,135,,
2026-04-14T17:22:22Z,v6-specaug,pos_mattias_short,positive,0.995,recall,0.9852,135,,
2026-04-14T17:22:22Z,v6-specaug,pos_mattias_short,positive,0.996,recall,0.9852,135,,
2026-04-14T17:22:22Z,v6-specaug,pos_mattias_short,positive,0.999,recall,0.9778,135,,
2026-04-14T17:22:22Z,v7,pos_mattias_short,positive,0.97,recall,0.8741,135,,
2026-04-14T17:22:22Z,v7,pos_mattias_short,positive,0.99,recall,0.8296,135,,
2026-04-14T17:22:22Z,v7,pos_mattias_short,positive,0.995,recall,0.8148,135,,
2026-04-14T17:22:22Z,v7,pos_mattias_short,positive,0.996,recall,0.8148,135,,
2026-04-14T17:22:22Z,v7,pos_mattias_short,positive,0.999,recall,0.8000,135,,
2026-04-14T17:22:22Z,v8,pos_mattias_short,positive,0.97,recall,0.8148,135,,
2026-04-14T17:22:22Z,v8,pos_mattias_short,positive,0.99,recall,0.7704,135,,
2026-04-14T17:22:22Z,v8,pos_mattias_short,positive,0.995,recall,0.7630,135,,
2026-04-14T17:22:22Z,v8,pos_mattias_short,positive,0.996,recall,0.7630,135,,
2026-04-14T17:22:22Z,v8,pos_mattias_short,positive,0.999,recall,0.7333,135,,
2026-04-14T17:22:22Z,v9,pos_mattias_short,positive,0.97,recall,0.9407,135,,
2026-04-14T17:22:22Z,v9,pos_mattias_short,positive,0.99,recall,0.9259,135,,
2026-04-14T17:22:22Z,v9,pos_mattias_short,positive,0.995,recall,0.9037,135,,
2026-04-14T17:22:22Z,v9,pos_mattias_short,positive,0.996,recall,0.9037,135,,
2026-04-14T17:22:22Z,v9,pos_mattias_short,positive,0.999,recall,0.8963,135,,
2026-04-14T17:22:22Z,ex3a + expert-a,pos_mattias_short,positive,0.97,recall,0.8370,135,,ex3a + expert-a
2026-04-14T17:22:22Z,ex3a + expert-a,pos_mattias_short,positive,0.99,recall,0.8296,135,,ex3a + expert-a
2026-04-14T17:22:22Z,ex3a + expert-a,pos_mattias_short,positive,0.995,recall,0.8296,135,,ex3a + expert-a
2026-04-14T17:22:22Z,ex3a + expert-a,pos_mattias_short,positive,0.996,recall,0.8296,135,,ex3a + expert-a
2026-04-14T17:22:22Z,ex3a + expert-a,pos_mattias_short,positive,0.999,recall,0.7778,135,,ex3a + expert-a
2026-04-14T17:22:22Z,ex3a + expert-b2,pos_mattias_short,positive,0.97,recall,0.8000,135,,ex3a + expert-b2
2026-04-14T17:22:22Z,ex3a + expert-b2,pos_mattias_short,positive,0.99,recall,0.7556,135,,ex3a + expert-b2
2026-04-14T17:22:22Z,ex3a + expert-b2,pos_mattias_short,positive,0.995,recall,0.7481,135,,ex3a + expert-b2
2026-04-14T17:22:22Z,ex3a + expert-b2,pos_mattias_short,positive,0.996,recall,0.7407,135,,ex3a + expert-b2
2026-04-14T17:22:22Z,ex3a + expert-b2,pos_mattias_short,positive,0.999,recall,0.6741,135,,ex3a + expert-b2
2026-04-14T17:22:22Z,ex3a + expert-a + expert-b2,pos_mattias_short,positive,0.97,recall,0.8000,135,,ex3a + expert-a + expert-b2
2026-04-14T17:22:22Z,ex3a + expert-a + expert-b2,pos_mattias_short,positive,0.99,recall,0.7556,135,,ex3a + expert-a + expert-b2
2026-04-14T17:22:22Z,ex3a + expert-a + expert-b2,pos_mattias_short,positive,0.995,recall,0.7481,135,,ex3a + expert-a + expert-b2
2026-04-14T17:22:22Z,ex3a + expert-a + expert-b2,pos_mattias_short,positive,0.996,recall,0.7407,135,,ex3a + expert-a + expert-b2
2026-04-14T17:22:22Z,ex3a + expert-a + expert-b2,pos_mattias_short,positive,0.999,recall,0.6741,135,,ex3a + expert-a + expert-b2
2026-04-14T17:22:22Z,ex3a + expert-a + expert-b,pos_mattias_short,positive,0.97,recall,0.8296,135,,ex3a + expert-a + expert-b
2026-04-14T17:22:22Z,ex3a + expert-a + expert-b,pos_mattias_short,positive,0.99,recall,0.8222,135,,ex3a + expert-a + expert-b
2026-04-14T17:22:22Z,ex3a + expert-a + expert-b,pos_mattias_short,positive,0.995,recall,0.8222,135,,ex3a + expert-a + expert-b
2026-04-14T17:22:22Z,ex3a + expert-a + expert-b,pos_mattias_short,positive,0.996,recall,0.8222,135,,ex3a + expert-a + expert-b
2026-04-14T17:22:22Z,ex3a + expert-a + expert-b,pos_mattias_short,positive,0.999,recall,0.7556,135,,ex3a + expert-a + expert-b
2026-04-14T17:22:22Z,ex3a + expert-b + expert-b2,pos_mattias_short,positive,0.97,recall,0.8000,135,,ex3a + expert-b + expert-b2
2026-04-14T17:22:22Z,ex3a + expert-b + expert-b2,pos_mattias_short,positive,0.99,recall,0.7556,135,,ex3a + expert-b + expert-b2
2026-04-14T17:22:22Z,ex3a + expert-b + expert-b2,pos_mattias_short,positive,0.995,recall,0.7481,135,,ex3a + expert-b + expert-b2
2026-04-14T17:22:22Z,ex3a + expert-b + expert-b2,pos_mattias_short,positive,0.996,recall,0.7407,135,,ex3a + expert-b + expert-b2
2026-04-14T17:22:22Z,ex3a + expert-b + expert-b2,pos_mattias_short,positive,0.999,recall,0.6741,135,,ex3a + expert-b + expert-b2
2026-04-14T17:22:22Z,v6-residual + expert-a,pos_mattias_short,positive,0.97,recall,0.7630,135,,v6-residual + expert-a
2026-04-14T17:22:22Z,v6-residual + expert-a,pos_mattias_short,positive,0.99,recall,0.7333,135,,v6-residual + expert-a
2026-04-14T17:22:22Z,v6-residual + expert-a,pos_mattias_short,positive,0.995,recall,0.7111,135,,v6-residual + expert-a
2026-04-14T17:22:22Z,v6-residual + expert-a,pos_mattias_short,positive,0.996,recall,0.7111,135,,v6-residual + expert-a
2026-04-14T17:22:22Z,v6-residual + expert-a,pos_mattias_short,positive,0.999,recall,0.6667,135,,v6-residual + expert-a
2026-04-14T17:22:22Z,ex3b + expert-b2,pos_mattias_short,positive,0.97,recall,0.9333,135,,ex3b + expert-b2
2026-04-14T17:22:22Z,ex3b + expert-b2,pos_mattias_short,positive,0.99,recall,0.8889,135,,ex3b + expert-b2
2026-04-14T17:22:22Z,ex3b + expert-b2,pos_mattias_short,positive,0.995,recall,0.8815,135,,ex3b + expert-b2
2026-04-14T17:22:22Z,ex3b + expert-b2,pos_mattias_short,positive,0.996,recall,0.8741,135,,ex3b + expert-b2
2026-04-14T17:22:22Z,ex3b + expert-b2,pos_mattias_short,positive,0.999,recall,0.8519,135,,ex3b + expert-b2
2026-04-14T17:22:22Z,v14 + expert-b,pos_mattias_short,positive,0.97,recall,0.8296,135,,v14 + expert-b
2026-04-14T17:22:22Z,v14 + expert-b,pos_mattias_short,positive,0.99,recall,0.8000,135,,v14 + expert-b
2026-04-14T17:22:22Z,v14 + expert-b,pos_mattias_short,positive,0.995,recall,0.7852,135,,v14 + expert-b
2026-04-14T17:22:22Z,v14 + expert-b,pos_mattias_short,positive,0.996,recall,0.7852,135,,v14 + expert-b
2026-04-14T17:22:22Z,v14 + expert-b,pos_mattias_short,positive,0.999,recall,0.7704,135,,v14 + expert-b
2026-04-26T19:25:24Z,v17a,pos_isa_xtts,positive,0.97,recall,1.0000,48,,
2026-04-26T19:25:24Z,v17a,pos_isa_xtts,positive,0.99,recall,1.0000,48,,
2026-04-26T19:25:24Z,v17a,pos_isa_xtts,positive,0.995,recall,1.0000,48,,
2026-04-26T19:25:24Z,v17a,pos_isa_xtts,positive,0.996,recall,1.0000,48,,
2026-04-26T19:25:24Z,v17a,pos_isa_xtts,positive,0.999,recall,1.0000,48,,
2026-04-26T19:25:24Z,v17a,pos_ode,positive,0.97,recall,0.9091,11,,
2026-04-26T19:25:24Z,v17a,pos_ode,positive,0.99,recall,0.8182,11,,
2026-04-26T19:25:24Z,v17a,pos_ode,positive,0.995,recall,0.8182,11,,
2026-04-26T19:25:24Z,v17a,pos_ode,positive,0.996,recall,0.8182,11,,
2026-04-26T19:25:24Z,v17a,pos_ode,positive,0.999,recall,0.8182,11,,
2026-04-26T19:25:24Z,v17a,pos_mattias_short,positive,0.97,recall,0.9917,362,,
2026-04-26T19:25:24Z,v17a,pos_mattias_short,positive,0.99,recall,0.9917,362,,
2026-04-26T19:25:24Z,v17a,pos_mattias_short,positive,0.995,recall,0.9917,362,,
2026-04-26T19:25:24Z,v17a,pos_mattias_short,positive,0.996,recall,0.9917,362,,
2026-04-26T19:25:24Z,v17a,pos_mattias_short,positive,0.999,recall,0.9917,362,,
2026-04-26T19:25:24Z,v17a,pos_friend1,positive,0.97,recall,0.9862,145,,
2026-04-26T19:25:24Z,v17a,pos_friend1,positive,0.99,recall,0.9724,145,,
2026-04-26T19:25:24Z,v17a,pos_friend1,positive,0.995,recall,0.9586,145,,
2026-04-26T19:25:24Z,v17a,pos_friend1,positive,0.996,recall,0.9586,145,,
2026-04-26T19:25:24Z,v17a,pos_friend1,positive,0.999,recall,0.9586,145,,
2026-04-26T19:25:24Z,v17a,hard_neg_mac_holdout,hard_negative,0.97,fpr,1.0000,15,,
2026-04-26T19:25:24Z,v17a,hard_neg_mac_holdout,hard_negative,0.99,fpr,1.0000,15,,
2026-04-26T19:25:24Z,v17a,hard_neg_mac_holdout,hard_negative,0.995,fpr,1.0000,15,,
2026-04-26T19:25:24Z,v17a,hard_neg_mac_holdout,hard_negative,0.996,fpr,1.0000,15,,
2026-04-26T19:25:24Z,v17a,hard_neg_mac_holdout,hard_negative,0.999,fpr,1.0000,15,,
2026-04-26T19:25:24Z,v17a,hard_neg_isa_xtts,hard_negative,0.97,fpr,0.9500,60,,
2026-04-26T19:25:24Z,v17a,hard_neg_isa_xtts,hard_negative,0.99,fpr,0.9500,60,,
2026-04-26T19:25:24Z,v17a,hard_neg_isa_xtts,hard_negative,0.995,fpr,0.9500,60,,
2026-04-26T19:25:24Z,v17a,hard_neg_isa_xtts,hard_negative,0.996,fpr,0.9500,60,,
2026-04-26T19:25:24Z,v17a,hard_neg_isa_xtts,hard_negative,0.999,fpr,0.9333,60,,
2026-04-26T19:25:24Z,v17a,hard_neg_canary,hard_negative,0.97,fpr,0.8000,5,,
2026-04-26T19:25:24Z,v17a,hard_neg_canary,hard_negative,0.99,fpr,0.8000,5,,
2026-04-26T19:25:24Z,v17a,hard_neg_canary,hard_negative,0.995,fpr,0.6000,5,,
2026-04-26T19:25:24Z,v17a,hard_neg_canary,hard_negative,0.996,fpr,0.6000,5,,
2026-04-26T19:25:24Z,v17a,hard_neg_canary,hard_negative,0.999,fpr,0.6000,5,,
2026-04-26T19:25:24Z,v17a,faph_cv_et,ambient,0.97,faph,289.4772,2000,3.82,
2026-04-26T19:25:24Z,v17a,faph_cv_et,ambient,0.99,faph,219.8561,2000,3.82,
2026-04-26T19:25:24Z,v17a,faph_cv_et,ambient,0.995,faph,190.2802,2000,3.82,
2026-04-26T19:25:24Z,v17a,faph_cv_et,ambient,0.996,faph,184.7838,2000,3.82,
2026-04-26T19:25:24Z,v17a,faph_cv_et,ambient,0.999,faph,148.9263,2000,3.82,
2026-04-26T19:25:24Z,v17a,faph_librispeech,ambient,0.97,faph,496.2912,2620,5.62,
2026-04-26T19:25:24Z,v17a,faph_librispeech,ambient,0.99,faph,377.1101,2620,5.62,
2026-04-26T19:25:24Z,v17a,faph_librispeech,ambient,0.995,faph,333.5290,2620,5.62,
2026-04-26T19:25:24Z,v17a,faph_librispeech,ambient,0.996,faph,323.9234,2620,5.62,
2026-04-26T19:25:24Z,v17a,faph_librispeech,ambient,0.999,faph,268.0684,2620,5.62,
2026-04-26T19:25:24Z,v17a,faph_macbook_bg,ambient,0.97,faph,326.2739,14,1.17,
2026-04-26T19:25:24Z,v17a,faph_macbook_bg,ambient,0.99,faph,238.0686,14,1.17,
2026-04-26T19:25:24Z,v17a,faph_macbook_bg,ambient,0.995,faph,206.3832,14,1.17,
2026-04-26T19:25:24Z,v17a,faph_macbook_bg,ambient,0.996,faph,200.3887,14,1.17,
2026-04-26T19:25:24Z,v17a,faph_macbook_bg,ambient,0.999,faph,166.1342,14,1.17,
2026-04-26T19:25:24Z,v17a,faph_dipco,ambient,0.97,faph,171.2656,6,3.32,
2026-04-26T19:25:24Z,v17a,faph_dipco,ambient,0.99,faph,129.1264,6,3.32,
2026-04-26T19:25:24Z,v17a,faph_dipco,ambient,0.995,faph,112.2708,6,3.32,
2026-04-26T19:25:24Z,v17a,faph_dipco,ambient,0.996,faph,109.8628,6,3.32,
2026-04-26T19:25:24Z,v17a,faph_dipco,ambient,0.999,faph,87.8903,6,3.32,
2026-04-26T19:25:24Z,v17b,pos_isa_xtts,positive,0.97,recall,1.0000,48,,
2026-04-26T19:25:24Z,v17b,pos_isa_xtts,positive,0.99,recall,1.0000,48,,
2026-04-26T19:25:24Z,v17b,pos_isa_xtts,positive,0.995,recall,1.0000,48,,
2026-04-26T19:25:24Z,v17b,pos_isa_xtts,positive,0.996,recall,0.9792,48,,
2026-04-26T19:25:24Z,v17b,pos_isa_xtts,positive,0.999,recall,0.9792,48,,
2026-04-26T19:25:24Z,v17b,pos_ode,positive,0.97,recall,0.9091,11,,
2026-04-26T19:25:24Z,v17b,pos_ode,positive,0.99,recall,0.9091,11,,
2026-04-26T19:25:24Z,v17b,pos_ode,positive,0.995,recall,0.9091,11,,
2026-04-26T19:25:24Z,v17b,pos_ode,positive,0.996,recall,0.9091,11,,
2026-04-26T19:25:24Z,v17b,pos_ode,positive,0.999,recall,0.9091,11,,
2026-04-26T19:25:24Z,v17b,pos_mattias_short,positive,0.97,recall,1.0000,362,,
2026-04-26T19:25:24Z,v17b,pos_mattias_short,positive,0.99,recall,1.0000,362,,
2026-04-26T19:25:24Z,v17b,pos_mattias_short,positive,0.995,recall,0.9972,362,,
2026-04-26T19:25:24Z,v17b,pos_mattias_short,positive,0.996,recall,0.9972,362,,
2026-04-26T19:25:24Z,v17b,pos_mattias_short,positive,0.999,recall,0.9945,362,,
2026-04-26T19:25:24Z,v17b,pos_friend1,positive,0.97,recall,0.9931,145,,
2026-04-26T19:25:24Z,v17b,pos_friend1,positive,0.99,recall,0.9862,145,,
2026-04-26T19:25:24Z,v17b,pos_friend1,positive,0.995,recall,0.9862,145,,
2026-04-26T19:25:24Z,v17b,pos_friend1,positive,0.996,recall,0.9862,145,,
2026-04-26T19:25:24Z,v17b,pos_friend1,positive,0.999,recall,0.9862,145,,
2026-04-26T19:25:24Z,v17b,hard_neg_mac_holdout,hard_negative,0.97,fpr,1.0000,15,,
2026-04-26T19:25:24Z,v17b,hard_neg_mac_holdout,hard_negative,0.99,fpr,1.0000,15,,
2026-04-26T19:25:24Z,v17b,hard_neg_mac_holdout,hard_negative,0.995,fpr,1.0000,15,,
2026-04-26T19:25:24Z,v17b,hard_neg_mac_holdout,hard_negative,0.996,fpr,1.0000,15,,
2026-04-26T19:25:24Z,v17b,hard_neg_mac_holdout,hard_negative,0.999,fpr,1.0000,15,,
2026-04-26T19:25:24Z,v17b,hard_neg_isa_xtts,hard_negative,0.97,fpr,0.9333,60,,
2026-04-26T19:25:24Z,v17b,hard_neg_isa_xtts,hard_negative,0.99,fpr,0.8500,60,,
2026-04-26T19:25:24Z,v17b,hard_neg_isa_xtts,hard_negative,0.995,fpr,0.8167,60,,
2026-04-26T19:25:24Z,v17b,hard_neg_isa_xtts,hard_negative,0.996,fpr,0.8167,60,,
2026-04-26T19:25:24Z,v17b,hard_neg_isa_xtts,hard_negative,0.999,fpr,0.7667,60,,
2026-04-26T19:25:24Z,v17b,hard_neg_canary,hard_negative,0.97,fpr,0.4000,5,,
2026-04-26T19:25:24Z,v17b,hard_neg_canary,hard_negative,0.99,fpr,0.4000,5,,
2026-04-26T19:25:24Z,v17b,hard_neg_canary,hard_negative,0.995,fpr,0.4000,5,,
2026-04-26T19:25:24Z,v17b,hard_neg_canary,hard_negative,0.996,fpr,0.4000,5,,
2026-04-26T19:25:24Z,v17b,hard_neg_canary,hard_negative,0.999,fpr,0.2000,5,,
2026-04-26T19:25:24Z,v17b,faph_cv_et,ambient,0.97,faph,262.7804,2000,3.82,
2026-04-26T19:25:24Z,v17b,faph_cv_et,ambient,0.99,faph,172.2206,2000,3.82,
2026-04-26T19:25:24Z,v17b,faph_cv_et,ambient,0.995,faph,144.4769,2000,3.82,
2026-04-26T19:25:24Z,v17b,faph_cv_et,ambient,0.996,faph,136.8866,2000,3.82,
2026-04-26T19:25:24Z,v17b,faph_cv_et,ambient,0.999,faph,101.0291,2000,3.82,
2026-04-26T19:25:24Z,v17b,faph_librispeech,ambient,0.97,faph,439.7246,2620,5.62,
2026-04-26T19:25:24Z,v17b,faph_librispeech,ambient,0.99,faph,306.4909,2620,5.62,
2026-04-26T19:25:24Z,v17b,faph_librispeech,ambient,0.995,faph,255.7945,2620,5.62,
2026-04-26T19:25:24Z,v17b,faph_librispeech,ambient,0.996,faph,244.9437,2620,5.62,
2026-04-26T19:25:24Z,v17b,faph_librispeech,ambient,0.999,faph,187.6657,2620,5.62,
2026-04-26T19:25:24Z,v17b,faph_macbook_bg,ambient,0.97,faph,262.0468,14,1.17,
2026-04-26T19:25:24Z,v17b,faph_macbook_bg,ambient,0.99,faph,174.6978,14,1.17,
2026-04-26T19:25:24Z,v17b,faph_macbook_bg,ambient,0.995,faph,140.4434,14,1.17,
2026-04-26T19:25:24Z,v17b,faph_macbook_bg,ambient,0.996,faph,133.5925,14,1.17,
2026-04-26T19:25:24Z,v17b,faph_macbook_bg,ambient,0.999,faph,102.7634,14,1.17,
2026-04-26T19:25:24Z,v17b,faph_dipco,ambient,0.97,faph,108.9598,6,3.32,
2026-04-26T19:25:24Z,v17b,faph_dipco,ambient,0.99,faph,63.2087,6,3.32,
2026-04-26T19:25:24Z,v17b,faph_dipco,ambient,0.995,faph,49.6640,6,3.32,
2026-04-26T19:25:24Z,v17b,faph_dipco,ambient,0.996,faph,47.2561,6,3.32,
2026-04-26T19:25:24Z,v17b,faph_dipco,ambient,0.999,faph,37.0223,6,3.32,
2026-04-26T19:25:24Z,v17a + v17b,pos_isa_xtts,positive,0.97,recall,1.0000,48,,v17a + v17b
2026-04-26T19:25:24Z,v17a + v17b,pos_isa_xtts,positive,0.99,recall,1.0000,48,,v17a + v17b
2026-04-26T19:25:24Z,v17a + v17b,pos_isa_xtts,positive,0.995,recall,1.0000,48,,v17a + v17b
2026-04-26T19:25:24Z,v17a + v17b,pos_isa_xtts,positive,0.996,recall,0.9792,48,,v17a + v17b
2026-04-26T19:25:24Z,v17a + v17b,pos_isa_xtts,positive,0.999,recall,0.9792,48,,v17a + v17b
2026-04-26T19:25:24Z,v17a + v17b,pos_ode,positive,0.97,recall,0.9091,11,,v17a + v17b
2026-04-26T19:25:24Z,v17a + v17b,pos_ode,positive,0.99,recall,0.8182,11,,v17a + v17b
2026-04-26T19:25:24Z,v17a + v17b,pos_ode,positive,0.995,recall,0.8182,11,,v17a + v17b
2026-04-26T19:25:24Z,v17a + v17b,pos_ode,positive,0.996,recall,0.8182,11,,v17a + v17b
2026-04-26T19:25:24Z,v17a + v17b,pos_ode,positive,0.999,recall,0.8182,11,,v17a + v17b
2026-04-26T19:25:24Z,v17a + v17b,pos_mattias_short,positive,0.97,recall,0.9917,362,,v17a + v17b
2026-04-26T19:25:24Z,v17a + v17b,pos_mattias_short,positive,0.99,recall,0.9917,362,,v17a + v17b
2026-04-26T19:25:24Z,v17a + v17b,pos_mattias_short,positive,0.995,recall,0.9890,362,,v17a + v17b
2026-04-26T19:25:24Z,v17a + v17b,pos_mattias_short,positive,0.996,recall,0.9890,362,,v17a + v17b
2026-04-26T19:25:24Z,v17a + v17b,pos_mattias_short,positive,0.999,recall,0.9890,362,,v17a + v17b
2026-04-26T19:25:24Z,v17a + v17b,pos_friend1,positive,0.97,recall,0.9793,145,,v17a + v17b
2026-04-26T19:25:24Z,v17a + v17b,pos_friend1,positive,0.99,recall,0.9655,145,,v17a + v17b
2026-04-26T19:25:24Z,v17a + v17b,pos_friend1,positive,0.995,recall,0.9517,145,,v17a + v17b
2026-04-26T19:25:24Z,v17a + v17b,pos_friend1,positive,0.996,recall,0.9517,145,,v17a + v17b
2026-04-26T19:25:24Z,v17a + v17b,pos_friend1,positive,0.999,recall,0.9517,145,,v17a + v17b
2026-04-26T19:25:24Z,v17a + v17b,hard_neg_mac_holdout,hard_negative,0.97,fpr,1.0000,15,,v17a + v17b
2026-04-26T19:25:24Z,v17a + v17b,hard_neg_mac_holdout,hard_negative,0.99,fpr,1.0000,15,,v17a + v17b
2026-04-26T19:25:24Z,v17a + v17b,hard_neg_mac_holdout,hard_negative,0.995,fpr,1.0000,15,,v17a + v17b
2026-04-26T19:25:24Z,v17a + v17b,hard_neg_mac_holdout,hard_negative,0.996,fpr,1.0000,15,,v17a + v17b
2026-04-26T19:25:24Z,v17a + v17b,hard_neg_mac_holdout,hard_negative,0.999,fpr,1.0000,15,,v17a + v17b
2026-04-26T19:25:24Z,v17a + v17b,hard_neg_isa_xtts,hard_negative,0.97,fpr,0.9000,60,,v17a + v17b
2026-04-26T19:25:24Z,v17a + v17b,hard_neg_isa_xtts,hard_negative,0.99,fpr,0.8500,60,,v17a + v17b
2026-04-26T19:25:24Z,v17a + v17b,hard_neg_isa_xtts,hard_negative,0.995,fpr,0.8167,60,,v17a + v17b
2026-04-26T19:25:24Z,v17a + v17b,hard_neg_isa_xtts,hard_negative,0.996,fpr,0.8167,60,,v17a + v17b
2026-04-26T19:25:24Z,v17a + v17b,hard_neg_isa_xtts,hard_negative,0.999,fpr,0.7667,60,,v17a + v17b
2026-04-26T19:25:24Z,v17a + v17b,hard_neg_canary,hard_negative,0.97,fpr,0.4000,5,,v17a + v17b
2026-04-26T19:25:24Z,v17a + v17b,hard_neg_canary,hard_negative,0.99,fpr,0.4000,5,,v17a + v17b
2026-04-26T19:25:24Z,v17a + v17b,hard_neg_canary,hard_negative,0.995,fpr,0.4000,5,,v17a + v17b
2026-04-26T19:25:24Z,v17a + v17b,hard_neg_canary,hard_negative,0.996,fpr,0.4000,5,,v17a + v17b
2026-04-26T19:25:24Z,v17a + v17b,hard_neg_canary,hard_negative,0.999,fpr,0.2000,5,,v17a + v17b
2026-04-26T19:25:24Z,v17a + v17b,faph_cv_et,ambient,0.97,faph,69.8828,2000,3.82,v17a + v17b
2026-04-26T19:25:24Z,v17a + v17b,faph_cv_et,ambient,0.99,faph,46.0651,2000,3.82,v17a + v17b
2026-04-26T19:25:24Z,v17a + v17b,faph_cv_et,ambient,0.995,faph,35.8575,2000,3.82,v17a + v17b
2026-04-26T19:25:24Z,v17a + v17b,faph_cv_et,ambient,0.996,faph,34.0254,2000,3.82,v17a + v17b
2026-04-26T19:25:24Z,v17a + v17b,faph_cv_et,ambient,0.999,faph,26.4351,2000,3.82,v17a + v17b
2026-04-26T19:25:24Z,v17a + v17b,faph_librispeech,ambient,0.97,faph,112.4215,2620,5.62,v17a + v17b
2026-04-26T19:25:24Z,v17a + v17b,faph_librispeech,ambient,0.99,faph,72.0423,2620,5.62,v17a + v17b
2026-04-26T19:25:24Z,v17a + v17b,faph_librispeech,ambient,0.995,faph,59.5905,2620,5.62,v17a + v17b
2026-04-26T19:25:24Z,v17a + v17b,faph_librispeech,ambient,0.996,faph,56.7444,2620,5.62,v17a + v17b
2026-04-26T19:25:24Z,v17a + v17b,faph_librispeech,ambient,0.999,faph,42.1581,2620,5.62,v17a + v17b
2026-04-26T19:25:24Z,v17a + v17b,faph_macbook_bg,ambient,0.97,faph,77.0726,14,1.17,v17a + v17b
2026-04-26T19:25:24Z,v17a + v17b,faph_macbook_bg,ambient,0.99,faph,50.5254,14,1.17,v17a + v17b
2026-04-26T19:25:24Z,v17a + v17b,faph_macbook_bg,ambient,0.995,faph,44.5308,14,1.17,v17a + v17b
2026-04-26T19:25:24Z,v17a + v17b,faph_macbook_bg,ambient,0.996,faph,44.5308,14,1.17,v17a + v17b
2026-04-26T19:25:24Z,v17a + v17b,faph_macbook_bg,ambient,0.999,faph,35.1108,14,1.17,v17a + v17b
2026-04-26T19:25:24Z,v17a + v17b,faph_dipco,ambient,0.97,faph,22.5746,6,3.32,v17a + v17b
2026-04-26T19:25:24Z,v17a + v17b,faph_dipco,ambient,0.99,faph,14.1467,6,3.32,v17a + v17b
2026-04-26T19:25:24Z,v17a + v17b,faph_dipco,ambient,0.995,faph,10.2338,6,3.32,v17a + v17b
2026-04-26T19:25:24Z,v17a + v17b,faph_dipco,ambient,0.996,faph,10.2338,6,3.32,v17a + v17b
2026-04-26T19:25:24Z,v17a + v17b,faph_dipco,ambient,0.999,faph,9.0298,6,3.32,v17a + v17b
2026-04-26T19:25:24Z,v17a + expert-a,pos_isa_xtts,positive,0.97,recall,1.0000,48,,v17a + expert-a
2026-04-26T19:25:24Z,v17a + expert-a,pos_isa_xtts,positive,0.99,recall,1.0000,48,,v17a + expert-a
2026-04-26T19:25:24Z,v17a + expert-a,pos_isa_xtts,positive,0.995,recall,1.0000,48,,v17a + expert-a
2026-04-26T19:25:24Z,v17a + expert-a,pos_isa_xtts,positive,0.996,recall,1.0000,48,,v17a + expert-a
2026-04-26T19:25:24Z,v17a + expert-a,pos_isa_xtts,positive,0.999,recall,1.0000,48,,v17a + expert-a
2026-04-26T19:25:24Z,v17a + expert-a,pos_ode,positive,0.97,recall,0.9091,11,,v17a + expert-a
2026-04-26T19:25:24Z,v17a + expert-a,pos_ode,positive,0.99,recall,0.8182,11,,v17a + expert-a
2026-04-26T19:25:24Z,v17a + expert-a,pos_ode,positive,0.995,recall,0.8182,11,,v17a + expert-a
2026-04-26T19:25:24Z,v17a + expert-a,pos_ode,positive,0.996,recall,0.8182,11,,v17a + expert-a
2026-04-26T19:25:24Z,v17a + expert-a,pos_ode,positive,0.999,recall,0.8182,11,,v17a + expert-a
2026-04-26T19:25:24Z,v17a + expert-a,pos_mattias_short,positive,0.97,recall,0.9392,362,,v17a + expert-a
2026-04-26T19:25:24Z,v17a + expert-a,pos_mattias_short,positive,0.99,recall,0.9309,362,,v17a + expert-a
2026-04-26T19:25:24Z,v17a + expert-a,pos_mattias_short,positive,0.995,recall,0.9227,362,,v17a + expert-a
2026-04-26T19:25:24Z,v17a + expert-a,pos_mattias_short,positive,0.996,recall,0.9227,362,,v17a + expert-a
2026-04-26T19:25:24Z,v17a + expert-a,pos_mattias_short,positive,0.999,recall,0.9199,362,,v17a + expert-a
2026-04-26T19:25:24Z,v17a + expert-a,pos_friend1,positive,0.97,recall,0.9517,145,,v17a + expert-a
2026-04-26T19:25:24Z,v17a + expert-a,pos_friend1,positive,0.99,recall,0.9310,145,,v17a + expert-a
2026-04-26T19:25:24Z,v17a + expert-a,pos_friend1,positive,0.995,recall,0.9172,145,,v17a + expert-a
2026-04-26T19:25:24Z,v17a + expert-a,pos_friend1,positive,0.996,recall,0.9172,145,,v17a + expert-a
2026-04-26T19:25:24Z,v17a + expert-a,pos_friend1,positive,0.999,recall,0.9103,145,,v17a + expert-a
2026-04-26T19:25:24Z,v17a + expert-a,hard_neg_mac_holdout,hard_negative,0.97,fpr,0.9333,15,,v17a + expert-a
2026-04-26T19:25:24Z,v17a + expert-a,hard_neg_mac_holdout,hard_negative,0.99,fpr,0.9333,15,,v17a + expert-a
2026-04-26T19:25:24Z,v17a + expert-a,hard_neg_mac_holdout,hard_negative,0.995,fpr,0.8667,15,,v17a + expert-a
2026-04-26T19:25:24Z,v17a + expert-a,hard_neg_mac_holdout,hard_negative,0.996,fpr,0.8667,15,,v17a + expert-a
2026-04-26T19:25:24Z,v17a + expert-a,hard_neg_mac_holdout,hard_negative,0.999,fpr,0.8000,15,,v17a + expert-a
2026-04-26T19:25:24Z,v17a + expert-a,hard_neg_isa_xtts,hard_negative,0.97,fpr,0.7500,60,,v17a + expert-a
2026-04-26T19:25:24Z,v17a + expert-a,hard_neg_isa_xtts,hard_negative,0.99,fpr,0.7333,60,,v17a + expert-a
2026-04-26T19:25:24Z,v17a + expert-a,hard_neg_isa_xtts,hard_negative,0.995,fpr,0.7167,60,,v17a + expert-a
2026-04-26T19:25:24Z,v17a + expert-a,hard_neg_isa_xtts,hard_negative,0.996,fpr,0.7167,60,,v17a + expert-a
2026-04-26T19:25:24Z,v17a + expert-a,hard_neg_isa_xtts,hard_negative,0.999,fpr,0.7167,60,,v17a + expert-a
2026-04-26T19:25:24Z,v17a + expert-a,hard_neg_canary,hard_negative,0.97,fpr,0.4000,5,,v17a + expert-a
2026-04-26T19:25:24Z,v17a + expert-a,hard_neg_canary,hard_negative,0.99,fpr,0.4000,5,,v17a + expert-a
2026-04-26T19:25:24Z,v17a + expert-a,hard_neg_canary,hard_negative,0.995,fpr,0.4000,5,,v17a + expert-a
2026-04-26T19:25:24Z,v17a + expert-a,hard_neg_canary,hard_negative,0.996,fpr,0.4000,5,,v17a + expert-a
2026-04-26T19:25:24Z,v17a + expert-a,hard_neg_canary,hard_negative,0.999,fpr,0.4000,5,,v17a + expert-a
2026-04-26T19:25:24Z,v17a + expert-a,faph_cv_et,ambient,0.97,faph,3.6643,2000,3.82,v17a + expert-a
2026-04-26T19:25:24Z,v17a + expert-a,faph_cv_et,ambient,0.99,faph,2.3556,2000,3.82,v17a + expert-a
2026-04-26T19:25:24Z,v17a + expert-a,faph_cv_et,ambient,0.995,faph,1.8321,2000,3.82,v17a + expert-a
2026-04-26T19:25:24Z,v17a + expert-a,faph_cv_et,ambient,0.996,faph,1.8321,2000,3.82,v17a + expert-a
2026-04-26T19:25:24Z,v17a + expert-a,faph_cv_et,ambient,0.999,faph,1.8321,2000,3.82,v17a + expert-a
2026-04-26T19:25:24Z,v17a + expert-a,faph_librispeech,ambient,0.97,faph,0.5336,2620,5.62,v17a + expert-a
2026-04-26T19:25:24Z,v17a + expert-a,faph_librispeech,ambient,0.99,faph,0.1779,2620,5.62,v17a + expert-a
2026-04-26T19:25:24Z,v17a + expert-a,faph_librispeech,ambient,0.995,faph,0.0000,2620,5.62,v17a + expert-a
2026-04-26T19:25:24Z,v17a + expert-a,faph_librispeech,ambient,0.996,faph,0.0000,2620,5.62,v17a + expert-a
2026-04-26T19:25:24Z,v17a + expert-a,faph_librispeech,ambient,0.999,faph,0.0000,2620,5.62,v17a + expert-a
2026-04-26T19:25:24Z,v17a + expert-a,faph_macbook_bg,ambient,0.97,faph,0.8564,14,1.17,v17a + expert-a
2026-04-26T19:25:24Z,v17a + expert-a,faph_macbook_bg,ambient,0.99,faph,0.8564,14,1.17,v17a + expert-a
2026-04-26T19:25:24Z,v17a + expert-a,faph_macbook_bg,ambient,0.995,faph,0.8564,14,1.17,v17a + expert-a
2026-04-26T19:25:24Z,v17a + expert-a,faph_macbook_bg,ambient,0.996,faph,0.8564,14,1.17,v17a + expert-a
2026-04-26T19:25:24Z,v17a + expert-a,faph_macbook_bg,ambient,0.999,faph,0.8564,14,1.17,v17a + expert-a
2026-04-26T19:25:24Z,v17a + expert-a,faph_dipco,ambient,0.97,faph,0.6020,6,3.32,v17a + expert-a
2026-04-26T19:25:24Z,v17a + expert-a,faph_dipco,ambient,0.99,faph,0.3010,6,3.32,v17a + expert-a
2026-04-26T19:25:24Z,v17a + expert-a,faph_dipco,ambient,0.995,faph,0.3010,6,3.32,v17a + expert-a
2026-04-26T19:25:24Z,v17a + expert-a,faph_dipco,ambient,0.996,faph,0.3010,6,3.32,v17a + expert-a
2026-04-26T19:25:24Z,v17a + expert-a,faph_dipco,ambient,0.999,faph,0.3010,6,3.32,v17a + expert-a
2026-04-26T19:25:24Z,v17b + expert-a,pos_isa_xtts,positive,0.97,recall,1.0000,48,,v17b + expert-a
2026-04-26T19:25:24Z,v17b + expert-a,pos_isa_xtts,positive,0.99,recall,1.0000,48,,v17b + expert-a
2026-04-26T19:25:24Z,v17b + expert-a,pos_isa_xtts,positive,0.995,recall,1.0000,48,,v17b + expert-a
2026-04-26T19:25:24Z,v17b + expert-a,pos_isa_xtts,positive,0.996,recall,0.9792,48,,v17b + expert-a
2026-04-26T19:25:24Z,v17b + expert-a,pos_isa_xtts,positive,0.999,recall,0.9792,48,,v17b + expert-a
2026-04-26T19:25:24Z,v17b + expert-a,pos_ode,positive,0.97,recall,0.9091,11,,v17b + expert-a
2026-04-26T19:25:24Z,v17b + expert-a,pos_ode,positive,0.99,recall,0.9091,11,,v17b + expert-a
2026-04-26T19:25:24Z,v17b + expert-a,pos_ode,positive,0.995,recall,0.8182,11,,v17b + expert-a
2026-04-26T19:25:24Z,v17b + expert-a,pos_ode,positive,0.996,recall,0.8182,11,,v17b + expert-a
2026-04-26T19:25:24Z,v17b + expert-a,pos_ode,positive,0.999,recall,0.8182,11,,v17b + expert-a
2026-04-26T19:25:24Z,v17b + expert-a,pos_mattias_short,positive,0.97,recall,0.9392,362,,v17b + expert-a
2026-04-26T19:25:24Z,v17b + expert-a,pos_mattias_short,positive,0.99,recall,0.9309,362,,v17b + expert-a
2026-04-26T19:25:24Z,v17b + expert-a,pos_mattias_short,positive,0.995,recall,0.9199,362,,v17b + expert-a
2026-04-26T19:25:24Z,v17b + expert-a,pos_mattias_short,positive,0.996,recall,0.9199,362,,v17b + expert-a
2026-04-26T19:25:24Z,v17b + expert-a,pos_mattias_short,positive,0.999,recall,0.9171,362,,v17b + expert-a
2026-04-26T19:25:24Z,v17b + expert-a,pos_friend1,positive,0.97,recall,0.9586,145,,v17b + expert-a
2026-04-26T19:25:24Z,v17b + expert-a,pos_friend1,positive,0.99,recall,0.9448,145,,v17b + expert-a
2026-04-26T19:25:24Z,v17b + expert-a,pos_friend1,positive,0.995,recall,0.9448,145,,v17b + expert-a
2026-04-26T19:25:24Z,v17b + expert-a,pos_friend1,positive,0.996,recall,0.9448,145,,v17b + expert-a
2026-04-26T19:25:24Z,v17b + expert-a,pos_friend1,positive,0.999,recall,0.9379,145,,v17b + expert-a
2026-04-26T19:25:24Z,v17b + expert-a,hard_neg_mac_holdout,hard_negative,0.97,fpr,0.9333,15,,v17b + expert-a
2026-04-26T19:25:24Z,v17b + expert-a,hard_neg_mac_holdout,hard_negative,0.99,fpr,0.9333,15,,v17b + expert-a
2026-04-26T19:25:24Z,v17b + expert-a,hard_neg_mac_holdout,hard_negative,0.995,fpr,0.8667,15,,v17b + expert-a
2026-04-26T19:25:24Z,v17b + expert-a,hard_neg_mac_holdout,hard_negative,0.996,fpr,0.8667,15,,v17b + expert-a
2026-04-26T19:25:24Z,v17b + expert-a,hard_neg_mac_holdout,hard_negative,0.999,fpr,0.8000,15,,v17b + expert-a
2026-04-26T19:25:24Z,v17b + expert-a,hard_neg_isa_xtts,hard_negative,0.97,fpr,0.7667,60,,v17b + expert-a
2026-04-26T19:25:24Z,v17b + expert-a,hard_neg_isa_xtts,hard_negative,0.99,fpr,0.7167,60,,v17b + expert-a
2026-04-26T19:25:24Z,v17b + expert-a,hard_neg_isa_xtts,hard_negative,0.995,fpr,0.7000,60,,v17b + expert-a
2026-04-26T19:25:24Z,v17b + expert-a,hard_neg_isa_xtts,hard_negative,0.996,fpr,0.7000,60,,v17b + expert-a
2026-04-26T19:25:24Z,v17b + expert-a,hard_neg_isa_xtts,hard_negative,0.999,fpr,0.6500,60,,v17b + expert-a
2026-04-26T19:25:24Z,v17b + expert-a,hard_neg_canary,hard_negative,0.97,fpr,0.2000,5,,v17b + expert-a
2026-04-26T19:25:24Z,v17b + expert-a,hard_neg_canary,hard_negative,0.99,fpr,0.2000,5,,v17b + expert-a
2026-04-26T19:25:24Z,v17b + expert-a,hard_neg_canary,hard_negative,0.995,fpr,0.2000,5,,v17b + expert-a
2026-04-26T19:25:24Z,v17b + expert-a,hard_neg_canary,hard_negative,0.996,fpr,0.2000,5,,v17b + expert-a
2026-04-26T19:25:24Z,v17b + expert-a,hard_neg_canary,hard_negative,0.999,fpr,0.2000,5,,v17b + expert-a
2026-04-26T19:25:24Z,v17b + expert-a,faph_cv_et,ambient,0.97,faph,6.2816,2000,3.82,v17b + expert-a
2026-04-26T19:25:24Z,v17b + expert-a,faph_cv_et,ambient,0.99,faph,5.4964,2000,3.82,v17b + expert-a
2026-04-26T19:25:24Z,v17b + expert-a,faph_cv_et,ambient,0.995,faph,4.4495,2000,3.82,v17b + expert-a
2026-04-26T19:25:24Z,v17b + expert-a,faph_cv_et,ambient,0.996,faph,4.4495,2000,3.82,v17b + expert-a
2026-04-26T19:25:24Z,v17b + expert-a,faph_cv_et,ambient,0.999,faph,2.6173,2000,3.82,v17b + expert-a
2026-04-26T19:25:24Z,v17b + expert-a,faph_librispeech,ambient,0.97,faph,1.0673,2620,5.62,v17b + expert-a
2026-04-26T19:25:24Z,v17b + expert-a,faph_librispeech,ambient,0.99,faph,0.7115,2620,5.62,v17b + expert-a
2026-04-26T19:25:24Z,v17b + expert-a,faph_librispeech,ambient,0.995,faph,0.5336,2620,5.62,v17b + expert-a
2026-04-26T19:25:24Z,v17b + expert-a,faph_librispeech,ambient,0.996,faph,0.5336,2620,5.62,v17b + expert-a
2026-04-26T19:25:24Z,v17b + expert-a,faph_librispeech,ambient,0.999,faph,0.5336,2620,5.62,v17b + expert-a
2026-04-26T19:25:24Z,v17b + expert-a,faph_macbook_bg,ambient,0.97,faph,1.7127,14,1.17,v17b + expert-a
2026-04-26T19:25:24Z,v17b + expert-a,faph_macbook_bg,ambient,0.99,faph,0.0000,14,1.17,v17b + expert-a
2026-04-26T19:25:24Z,v17b + expert-a,faph_macbook_bg,ambient,0.995,faph,0.0000,14,1.17,v17b + expert-a
2026-04-26T19:25:24Z,v17b + expert-a,faph_macbook_bg,ambient,0.996,faph,0.0000,14,1.17,v17b + expert-a
2026-04-26T19:25:24Z,v17b + expert-a,faph_macbook_bg,ambient,0.999,faph,0.0000,14,1.17,v17b + expert-a
2026-04-26T19:25:24Z,v17b + expert-a,faph_dipco,ambient,0.97,faph,0.9030,6,3.32,v17b + expert-a
2026-04-26T19:25:24Z,v17b + expert-a,faph_dipco,ambient,0.99,faph,0.6020,6,3.32,v17b + expert-a
2026-04-26T19:25:24Z,v17b + expert-a,faph_dipco,ambient,0.995,faph,0.3010,6,3.32,v17b + expert-a
2026-04-26T19:25:24Z,v17b + expert-a,faph_dipco,ambient,0.996,faph,0.0000,6,3.32,v17b + expert-a
2026-04-26T19:25:24Z,v17b + expert-a,faph_dipco,ambient,0.999,faph,0.0000,6,3.32,v17b + expert-a
2026-04-27T23:14:41Z,v18a-clean48,pos_isa_xtts,positive,0.995,recall,1.0000,48,,
2026-04-27T23:14:41Z,v18a-clean48,pos_isa_xtts,positive,0.996,recall,1.0000,48,,
2026-04-27T23:14:41Z,v18a-clean48,pos_isa_xtts,positive,0.999,recall,1.0000,48,,
2026-04-27T23:14:41Z,v18a-clean48,pos_ode,positive,0.995,recall,0.9091,11,,
2026-04-27T23:14:41Z,v18a-clean48,pos_ode,positive,0.996,recall,0.9091,11,,
2026-04-27T23:14:41Z,v18a-clean48,pos_ode,positive,0.999,recall,0.9091,11,,
2026-04-27T23:14:41Z,v18a-clean48,pos_mattias_short,positive,0.995,recall,0.9917,362,,
2026-04-27T23:14:41Z,v18a-clean48,pos_mattias_short,positive,0.996,recall,0.9917,362,,
2026-04-27T23:14:41Z,v18a-clean48,pos_mattias_short,positive,0.999,recall,0.9917,362,,
2026-04-27T23:14:41Z,v18a-clean48,pos_friend1,positive,0.995,recall,0.9310,145,,
2026-04-27T23:14:41Z,v18a-clean48,pos_friend1,positive,0.996,recall,0.9310,145,,
2026-04-27T23:14:41Z,v18a-clean48,pos_friend1,positive,0.999,recall,0.9241,145,,
2026-04-27T23:14:41Z,v18a-clean48,hard_neg_mac_holdout,hard_negative,0.995,fpr,0.8667,15,,
2026-04-27T23:14:41Z,v18a-clean48,hard_neg_mac_holdout,hard_negative,0.996,fpr,0.8667,15,,
2026-04-27T23:14:41Z,v18a-clean48,hard_neg_mac_holdout,hard_negative,0.999,fpr,0.8667,15,,
2026-04-27T23:14:41Z,v18a-clean48,hard_neg_isa_xtts,hard_negative,0.995,fpr,0.7167,60,,
2026-04-27T23:14:41Z,v18a-clean48,hard_neg_isa_xtts,hard_negative,0.996,fpr,0.7167,60,,
2026-04-27T23:14:41Z,v18a-clean48,hard_neg_isa_xtts,hard_negative,0.999,fpr,0.7167,60,,
2026-04-27T23:14:41Z,v18a-clean48,hard_neg_canary,hard_negative,0.995,fpr,0.4000,5,,
2026-04-27T23:14:41Z,v18a-clean48,hard_neg_canary,hard_negative,0.996,fpr,0.4000,5,,
2026-04-27T23:14:41Z,v18a-clean48,hard_neg_canary,hard_negative,0.999,fpr,0.2000,5,,
2026-04-27T23:14:41Z,v18a-clean48,neg_prefix_only_mattias_short,hard_negative,0.995,fpr,0.9706,34,,
2026-04-27T23:14:41Z,v18a-clean48,neg_prefix_only_mattias_short,hard_negative,0.996,fpr,0.9706,34,,
2026-04-27T23:14:41Z,v18a-clean48,neg_prefix_only_mattias_short,hard_negative,0.999,fpr,0.9706,34,,
2026-04-27T23:14:41Z,v18a-clean48,neg_single_kratt_neurokone,hard_negative,0.995,fpr,0.9946,186,,
2026-04-27T23:14:41Z,v18a-clean48,neg_single_kratt_neurokone,hard_negative,0.996,fpr,0.9946,186,,
2026-04-27T23:14:41Z,v18a-clean48,neg_single_kratt_neurokone,hard_negative,0.999,fpr,0.9946,186,,
2026-04-27T23:14:41Z,v18a-clean48,neg_reversed_kratt_kuule,hard_negative,0.995,fpr,0.9844,64,,
2026-04-27T23:14:41Z,v18a-clean48,neg_reversed_kratt_kuule,hard_negative,0.996,fpr,0.9844,64,,
2026-04-27T23:14:41Z,v18a-clean48,neg_reversed_kratt_kuule,hard_negative,0.999,fpr,0.9844,64,,
2026-04-27T23:14:41Z,v18a-clean48,neg_kuule_kule_confusables,hard_negative,0.995,fpr,0.9933,600,,
2026-04-27T23:14:41Z,v18a-clean48,neg_kuule_kule_confusables,hard_negative,0.996,fpr,0.9933,600,,
2026-04-27T23:14:41Z,v18a-clean48,neg_kuule_kule_confusables,hard_negative,0.999,fpr,0.9917,600,,
2026-04-27T23:14:41Z,v18a-clean48,faph_cv_et,ambient,0.995,faph,515.3532,2000,3.82,
2026-04-27T23:14:41Z,v18a-clean48,faph_cv_et,ambient,0.996,faph,505.1456,2000,3.82,
2026-04-27T23:14:41Z,v18a-clean48,faph_cv_et,ambient,0.999,faph,451.2285,2000,3.82,
2026-04-27T23:14:41Z,v18a-clean48,faph_librispeech,ambient,0.995,faph,304.3563,2620,5.62,
2026-04-27T23:14:41Z,v18a-clean48,faph_librispeech,ambient,0.996,faph,299.5535,2620,5.62,
2026-04-27T23:14:41Z,v18a-clean48,faph_librispeech,ambient,0.999,faph,265.2223,2620,5.62,
2026-04-27T23:14:41Z,v18a-clean48,faph_macbook_bg,ambient,0.995,faph,572.9061,14,1.17,
2026-04-27T23:14:41Z,v18a-clean48,faph_macbook_bg,ambient,0.996,faph,555.7789,14,1.17,
2026-04-27T23:14:41Z,v18a-clean48,faph_macbook_bg,ambient,0.999,faph,490.6954,14,1.17,
2026-04-27T23:14:41Z,v18a-clean48,faph_dipco,ambient,0.995,faph,194.7431,6,3.32,
2026-04-27T23:14:41Z,v18a-clean48,faph_dipco,ambient,0.996,faph,189.9272,6,3.32,
2026-04-27T23:14:41Z,v18a-clean48,faph_dipco,ambient,0.999,faph,158.9248,6,3.32,
2026-04-27T23:14:41Z,v18b-clean48-sa,pos_isa_xtts,positive,0.995,recall,0.9583,48,,
2026-04-27T23:14:41Z,v18b-clean48-sa,pos_isa_xtts,positive,0.996,recall,0.9583,48,,
2026-04-27T23:14:41Z,v18b-clean48-sa,pos_isa_xtts,positive,0.999,recall,0.9375,48,,
2026-04-27T23:14:41Z,v18b-clean48-sa,pos_ode,positive,0.995,recall,1.0000,11,,
2026-04-27T23:14:41Z,v18b-clean48-sa,pos_ode,positive,0.996,recall,1.0000,11,,
2026-04-27T23:14:41Z,v18b-clean48-sa,pos_ode,positive,0.999,recall,1.0000,11,,
2026-04-27T23:14:41Z,v18b-clean48-sa,pos_mattias_short,positive,0.995,recall,0.9972,362,,
2026-04-27T23:14:41Z,v18b-clean48-sa,pos_mattias_short,positive,0.996,recall,0.9972,362,,
2026-04-27T23:14:41Z,v18b-clean48-sa,pos_mattias_short,positive,0.999,recall,0.9972,362,,
2026-04-27T23:14:41Z,v18b-clean48-sa,pos_friend1,positive,0.995,recall,0.9241,145,,
2026-04-27T23:14:41Z,v18b-clean48-sa,pos_friend1,positive,0.996,recall,0.9172,145,,
2026-04-27T23:14:41Z,v18b-clean48-sa,pos_friend1,positive,0.999,recall,0.9034,145,,
2026-04-27T23:14:41Z,v18b-clean48-sa,hard_neg_mac_holdout,hard_negative,0.995,fpr,0.9333,15,,
2026-04-27T23:14:41Z,v18b-clean48-sa,hard_neg_mac_holdout,hard_negative,0.996,fpr,0.9333,15,,
2026-04-27T23:14:41Z,v18b-clean48-sa,hard_neg_mac_holdout,hard_negative,0.999,fpr,0.8000,15,,
2026-04-27T23:14:41Z,v18b-clean48-sa,hard_neg_isa_xtts,hard_negative,0.995,fpr,0.5667,60,,
2026-04-27T23:14:41Z,v18b-clean48-sa,hard_neg_isa_xtts,hard_negative,0.996,fpr,0.5667,60,,
2026-04-27T23:14:41Z,v18b-clean48-sa,hard_neg_isa_xtts,hard_negative,0.999,fpr,0.4833,60,,
2026-04-27T23:14:41Z,v18b-clean48-sa,hard_neg_canary,hard_negative,0.995,fpr,0.0000,5,,
2026-04-27T23:14:41Z,v18b-clean48-sa,hard_neg_canary,hard_negative,0.996,fpr,0.0000,5,,
2026-04-27T23:14:41Z,v18b-clean48-sa,hard_neg_canary,hard_negative,0.999,fpr,0.0000,5,,
2026-04-27T23:14:41Z,v18b-clean48-sa,neg_prefix_only_mattias_short,hard_negative,0.995,fpr,1.0000,34,,
2026-04-27T23:14:41Z,v18b-clean48-sa,neg_prefix_only_mattias_short,hard_negative,0.996,fpr,1.0000,34,,
2026-04-27T23:14:41Z,v18b-clean48-sa,neg_prefix_only_mattias_short,hard_negative,0.999,fpr,1.0000,34,,
2026-04-27T23:14:41Z,v18b-clean48-sa,neg_single_kratt_neurokone,hard_negative,0.995,fpr,0.9839,186,,
2026-04-27T23:14:41Z,v18b-clean48-sa,neg_single_kratt_neurokone,hard_negative,0.996,fpr,0.9839,186,,
2026-04-27T23:14:41Z,v18b-clean48-sa,neg_single_kratt_neurokone,hard_negative,0.999,fpr,0.9839,186,,
2026-04-27T23:14:41Z,v18b-clean48-sa,neg_reversed_kratt_kuule,hard_negative,0.995,fpr,0.9844,64,,
2026-04-27T23:14:41Z,v18b-clean48-sa,neg_reversed_kratt_kuule,hard_negative,0.996,fpr,0.9844,64,,
2026-04-27T23:14:41Z,v18b-clean48-sa,neg_reversed_kratt_kuule,hard_negative,0.999,fpr,0.9688,64,,
2026-04-27T23:14:41Z,v18b-clean48-sa,neg_kuule_kule_confusables,hard_negative,0.995,fpr,0.9900,600,,
2026-04-27T23:14:41Z,v18b-clean48-sa,neg_kuule_kule_confusables,hard_negative,0.996,fpr,0.9900,600,,
2026-04-27T23:14:41Z,v18b-clean48-sa,neg_kuule_kule_confusables,hard_negative,0.999,fpr,0.9767,600,,
2026-04-27T23:14:41Z,v18b-clean48-sa,faph_cv_et,ambient,0.995,faph,132.1754,2000,3.82,
2026-04-27T23:14:41Z,v18b-clean48-sa,faph_cv_et,ambient,0.996,faph,129.0346,2000,3.82,
2026-04-27T23:14:41Z,v18b-clean48-sa,faph_cv_et,ambient,0.999,faph,103.9082,2000,3.82,
2026-04-27T23:14:41Z,v18b-clean48-sa,faph_librispeech,ambient,0.995,faph,84.3161,2620,5.62,
2026-04-27T23:14:41Z,v18b-clean48-sa,faph_librispeech,ambient,0.996,faph,82.1815,2620,5.62,
2026-04-27T23:14:41Z,v18b-clean48-sa,faph_librispeech,ambient,0.999,faph,64.7491,2620,5.62,
2026-04-27T23:14:41Z,v18b-clean48-sa,faph_macbook_bg,ambient,0.995,faph,193.5378,14,1.17,
2026-04-27T23:14:41Z,v18b-clean48-sa,faph_macbook_bg,ambient,0.996,faph,187.5433,14,1.17,
2026-04-27T23:14:41Z,v18b-clean48-sa,faph_macbook_bg,ambient,0.999,faph,149.8633,14,1.17,
2026-04-27T23:14:41Z,v18b-clean48-sa,faph_dipco,ambient,0.995,faph,79.1614,6,3.32,
2026-04-27T23:14:41Z,v18b-clean48-sa,faph_dipco,ambient,0.996,faph,78.2584,6,3.32,
2026-04-27T23:14:41Z,v18b-clean48-sa,faph_dipco,ambient,0.999,faph,62.3058,6,3.32,
2026-04-27T23:14:41Z,v18c-clean48-hn,pos_isa_xtts,positive,0.995,recall,0.3125,48,,
2026-04-27T23:14:41Z,v18c-clean48-hn,pos_isa_xtts,positive,0.996,recall,0.3125,48,,
2026-04-27T23:14:41Z,v18c-clean48-hn,pos_isa_xtts,positive,0.999,recall,0.3125,48,,
2026-04-27T23:14:41Z,v18c-clean48-hn,pos_ode,positive,0.995,recall,0.9091,11,,
2026-04-27T23:14:41Z,v18c-clean48-hn,pos_ode,positive,0.996,recall,0.9091,11,,
2026-04-27T23:14:41Z,v18c-clean48-hn,pos_ode,positive,0.999,recall,0.9091,11,,
2026-04-27T23:14:41Z,v18c-clean48-hn,pos_mattias_short,positive,0.995,recall,0.9972,362,,
2026-04-27T23:14:41Z,v18c-clean48-hn,pos_mattias_short,positive,0.996,recall,0.9972,362,,
2026-04-27T23:14:41Z,v18c-clean48-hn,pos_mattias_short,positive,0.999,recall,0.9945,362,,
2026-04-27T23:14:41Z,v18c-clean48-hn,pos_friend1,positive,0.995,recall,0.8414,145,,
2026-04-27T23:14:41Z,v18c-clean48-hn,pos_friend1,positive,0.996,recall,0.8414,145,,
2026-04-27T23:14:41Z,v18c-clean48-hn,pos_friend1,positive,0.999,recall,0.7793,145,,
2026-04-27T23:14:41Z,v18c-clean48-hn,hard_neg_mac_holdout,hard_negative,0.995,fpr,0.4000,15,,
2026-04-27T23:14:41Z,v18c-clean48-hn,hard_neg_mac_holdout,hard_negative,0.996,fpr,0.4000,15,,
2026-04-27T23:14:41Z,v18c-clean48-hn,hard_neg_mac_holdout,hard_negative,0.999,fpr,0.4000,15,,
2026-04-27T23:14:41Z,v18c-clean48-hn,hard_neg_isa_xtts,hard_negative,0.995,fpr,0.1333,60,,
2026-04-27T23:14:41Z,v18c-clean48-hn,hard_neg_isa_xtts,hard_negative,0.996,fpr,0.1333,60,,
2026-04-27T23:14:41Z,v18c-clean48-hn,hard_neg_isa_xtts,hard_negative,0.999,fpr,0.1167,60,,
2026-04-27T23:14:41Z,v18c-clean48-hn,hard_neg_canary,hard_negative,0.995,fpr,0.6000,5,,
2026-04-27T23:14:41Z,v18c-clean48-hn,hard_neg_canary,hard_negative,0.996,fpr,0.6000,5,,
2026-04-27T23:14:41Z,v18c-clean48-hn,hard_neg_canary,hard_negative,0.999,fpr,0.4000,5,,
2026-04-27T23:14:41Z,v18c-clean48-hn,neg_prefix_only_mattias_short,hard_negative,0.995,fpr,0.8235,34,,
2026-04-27T23:14:41Z,v18c-clean48-hn,neg_prefix_only_mattias_short,hard_negative,0.996,fpr,0.8235,34,,
2026-04-27T23:14:41Z,v18c-clean48-hn,neg_prefix_only_mattias_short,hard_negative,0.999,fpr,0.8235,34,,
2026-04-27T23:14:41Z,v18c-clean48-hn,neg_single_kratt_neurokone,hard_negative,0.995,fpr,1.0000,186,,
2026-04-27T23:14:41Z,v18c-clean48-hn,neg_single_kratt_neurokone,hard_negative,0.996,fpr,1.0000,186,,
2026-04-27T23:14:41Z,v18c-clean48-hn,neg_single_kratt_neurokone,hard_negative,0.999,fpr,0.9839,186,,
2026-04-27T23:14:41Z,v18c-clean48-hn,neg_reversed_kratt_kuule,hard_negative,0.995,fpr,0.9375,64,,
2026-04-27T23:14:41Z,v18c-clean48-hn,neg_reversed_kratt_kuule,hard_negative,0.996,fpr,0.9375,64,,
2026-04-27T23:14:41Z,v18c-clean48-hn,neg_reversed_kratt_kuule,hard_negative,0.999,fpr,0.9375,64,,
2026-04-27T23:14:41Z,v18c-clean48-hn,neg_kuule_kule_confusables,hard_negative,0.995,fpr,0.9433,600,,
2026-04-27T23:14:41Z,v18c-clean48-hn,neg_kuule_kule_confusables,hard_negative,0.996,fpr,0.9433,600,,
2026-04-27T23:14:41Z,v18c-clean48-hn,neg_kuule_kule_confusables,hard_negative,0.999,fpr,0.9233,600,,
2026-04-27T23:14:41Z,v18c-clean48-hn,faph_cv_et,ambient,0.995,faph,84.5399,2000,3.82,
2026-04-27T23:14:41Z,v18c-clean48-hn,faph_cv_et,ambient,0.996,faph,81.9226,2000,3.82,
2026-04-27T23:14:41Z,v18c-clean48-hn,faph_cv_et,ambient,0.999,faph,68.8359,2000,3.82,
2026-04-27T23:14:41Z,v18c-clean48-hn,faph_librispeech,ambient,0.995,faph,66.7058,2620,5.62,
2026-04-27T23:14:41Z,v18c-clean48-hn,faph_librispeech,ambient,0.996,faph,64.9270,2620,5.62,
2026-04-27T23:14:41Z,v18c-clean48-hn,faph_librispeech,ambient,0.999,faph,53.3646,2620,5.62,
2026-04-27T23:14:41Z,v18c-clean48-hn,faph_macbook_bg,ambient,0.995,faph,445.3082,14,1.17,
2026-04-27T23:14:41Z,v18c-clean48-hn,faph_macbook_bg,ambient,0.996,faph,434.1755,14,1.17,
2026-04-27T23:14:41Z,v18c-clean48-hn,faph_macbook_bg,ambient,0.999,faph,355.3902,14,1.17,
2026-04-27T23:14:41Z,v18c-clean48-hn,faph_dipco,ambient,0.995,faph,119.4946,6,3.32,
2026-04-27T23:14:41Z,v18c-clean48-hn,faph_dipco,ambient,0.996,faph,115.2807,6,3.32,
2026-04-27T23:14:41Z,v18c-clean48-hn,faph_dipco,ambient,0.999,faph,90.5992,6,3.32,
2026-04-27T23:14:41Z,v18d-clean96,pos_isa_xtts,positive,0.995,recall,0.9792,48,,
2026-04-27T23:14:41Z,v18d-clean96,pos_isa_xtts,positive,0.996,recall,0.9792,48,,
2026-04-27T23:14:41Z,v18d-clean96,pos_isa_xtts,positive,0.999,recall,0.9583,48,,
2026-04-27T23:14:41Z,v18d-clean96,pos_ode,positive,0.995,recall,1.0000,11,,
2026-04-27T23:14:41Z,v18d-clean96,pos_ode,positive,0.996,recall,1.0000,11,,
2026-04-27T23:14:41Z,v18d-clean96,pos_ode,positive,0.999,recall,1.0000,11,,
2026-04-27T23:14:41Z,v18d-clean96,pos_mattias_short,positive,0.995,recall,1.0000,362,,
2026-04-27T23:14:41Z,v18d-clean96,pos_mattias_short,positive,0.996,recall,1.0000,362,,
2026-04-27T23:14:41Z,v18d-clean96,pos_mattias_short,positive,0.999,recall,1.0000,362,,
2026-04-27T23:14:41Z,v18d-clean96,pos_friend1,positive,0.995,recall,0.9793,145,,
2026-04-27T23:14:41Z,v18d-clean96,pos_friend1,positive,0.996,recall,0.9793,145,,
2026-04-27T23:14:41Z,v18d-clean96,pos_friend1,positive,0.999,recall,0.9793,145,,
2026-04-27T23:14:41Z,v18d-clean96,hard_neg_mac_holdout,hard_negative,0.995,fpr,0.8000,15,,
2026-04-27T23:14:41Z,v18d-clean96,hard_neg_mac_holdout,hard_negative,0.996,fpr,0.8000,15,,
2026-04-27T23:14:41Z,v18d-clean96,hard_neg_mac_holdout,hard_negative,0.999,fpr,0.7333,15,,
2026-04-27T23:14:41Z,v18d-clean96,hard_neg_isa_xtts,hard_negative,0.995,fpr,0.7667,60,,
2026-04-27T23:14:41Z,v18d-clean96,hard_neg_isa_xtts,hard_negative,0.996,fpr,0.7667,60,,
2026-04-27T23:14:41Z,v18d-clean96,hard_neg_isa_xtts,hard_negative,0.999,fpr,0.6500,60,,
2026-04-27T23:14:41Z,v18d-clean96,hard_neg_canary,hard_negative,0.995,fpr,0.6000,5,,
2026-04-27T23:14:41Z,v18d-clean96,hard_neg_canary,hard_negative,0.996,fpr,0.6000,5,,
2026-04-27T23:14:41Z,v18d-clean96,hard_neg_canary,hard_negative,0.999,fpr,0.6000,5,,
2026-04-27T23:14:41Z,v18d-clean96,neg_prefix_only_mattias_short,hard_negative,0.995,fpr,1.0000,34,,
2026-04-27T23:14:41Z,v18d-clean96,neg_prefix_only_mattias_short,hard_negative,0.996,fpr,1.0000,34,,
2026-04-27T23:14:41Z,v18d-clean96,neg_prefix_only_mattias_short,hard_negative,0.999,fpr,0.9706,34,,
2026-04-27T23:14:41Z,v18d-clean96,neg_single_kratt_neurokone,hard_negative,0.995,fpr,1.0000,186,,
2026-04-27T23:14:41Z,v18d-clean96,neg_single_kratt_neurokone,hard_negative,0.996,fpr,1.0000,186,,
2026-04-27T23:14:41Z,v18d-clean96,neg_single_kratt_neurokone,hard_negative,0.999,fpr,1.0000,186,,
2026-04-27T23:14:41Z,v18d-clean96,neg_reversed_kratt_kuule,hard_negative,0.995,fpr,0.9375,64,,
2026-04-27T23:14:41Z,v18d-clean96,neg_reversed_kratt_kuule,hard_negative,0.996,fpr,0.9375,64,,
2026-04-27T23:14:41Z,v18d-clean96,neg_reversed_kratt_kuule,hard_negative,0.999,fpr,0.9375,64,,
2026-04-27T23:14:41Z,v18d-clean96,neg_kuule_kule_confusables,hard_negative,0.995,fpr,0.9983,600,,
2026-04-27T23:14:41Z,v18d-clean96,neg_kuule_kule_confusables,hard_negative,0.996,fpr,0.9983,600,,
2026-04-27T23:14:41Z,v18d-clean96,neg_kuule_kule_confusables,hard_negative,0.999,fpr,0.9967,600,,
2026-04-27T23:14:41Z,v18d-clean96,faph_cv_et,ambient,0.995,faph,535.5067,2000,3.82,
2026-04-27T23:14:41Z,v18d-clean96,faph_cv_et,ambient,0.996,faph,522.4200,2000,3.82,
2026-04-27T23:14:41Z,v18d-clean96,faph_cv_et,ambient,0.999,faph,458.8188,2000,3.82,
2026-04-27T23:14:41Z,v18d-clean96,faph_librispeech,ambient,0.995,faph,382.2687,2620,5.62,
2026-04-27T23:14:41Z,v18d-clean96,faph_librispeech,ambient,0.996,faph,377.6438,2620,5.62,
2026-04-27T23:14:41Z,v18d-clean96,faph_librispeech,ambient,0.999,faph,336.3751,2620,5.62,
2026-04-27T23:14:41Z,v18d-clean96,faph_macbook_bg,ambient,0.995,faph,669.6750,14,1.17,
2026-04-27T23:14:41Z,v18d-clean96,faph_macbook_bg,ambient,0.996,faph,655.1169,14,1.17,
2026-04-27T23:14:41Z,v18d-clean96,faph_macbook_bg,ambient,0.999,faph,563.4862,14,1.17,
2026-04-27T23:14:41Z,v18d-clean96,faph_dipco,ambient,0.995,faph,232.3674,6,3.32,
2026-04-27T23:14:41Z,v18d-clean96,faph_dipco,ambient,0.996,faph,223.9396,6,3.32,
2026-04-27T23:14:41Z,v18d-clean96,faph_dipco,ambient,0.999,faph,184.2083,6,3.32,
2026-04-27T23:14:41Z,v18e-clean48-tts-hn,pos_isa_xtts,positive,0.995,recall,0.7500,48,,
2026-04-27T23:14:41Z,v18e-clean48-tts-hn,pos_isa_xtts,positive,0.996,recall,0.7500,48,,
2026-04-27T23:14:41Z,v18e-clean48-tts-hn,pos_isa_xtts,positive,0.999,recall,0.7083,48,,
2026-04-27T23:14:41Z,v18e-clean48-tts-hn,pos_ode,positive,0.995,recall,0.9091,11,,
2026-04-27T23:14:41Z,v18e-clean48-tts-hn,pos_ode,positive,0.996,recall,0.9091,11,,
2026-04-27T23:14:41Z,v18e-clean48-tts-hn,pos_ode,positive,0.999,recall,0.9091,11,,
2026-04-27T23:14:41Z,v18e-clean48-tts-hn,pos_mattias_short,positive,0.995,recall,0.9945,362,,
2026-04-27T23:14:41Z,v18e-clean48-tts-hn,pos_mattias_short,positive,0.996,recall,0.9945,362,,
2026-04-27T23:14:41Z,v18e-clean48-tts-hn,pos_mattias_short,positive,0.999,recall,0.9945,362,,
2026-04-27T23:14:41Z,v18e-clean48-tts-hn,pos_friend1,positive,0.995,recall,0.9034,145,,
2026-04-27T23:14:41Z,v18e-clean48-tts-hn,pos_friend1,positive,0.996,recall,0.9034,145,,
2026-04-27T23:14:41Z,v18e-clean48-tts-hn,pos_friend1,positive,0.999,recall,0.8897,145,,
2026-04-27T23:14:41Z,v18e-clean48-tts-hn,hard_neg_mac_holdout,hard_negative,0.995,fpr,0.3333,15,,
2026-04-27T23:14:41Z,v18e-clean48-tts-hn,hard_neg_mac_holdout,hard_negative,0.996,fpr,0.3333,15,,
2026-04-27T23:14:41Z,v18e-clean48-tts-hn,hard_neg_mac_holdout,hard_negative,0.999,fpr,0.3333,15,,
2026-04-27T23:14:41Z,v18e-clean48-tts-hn,hard_neg_isa_xtts,hard_negative,0.995,fpr,0.4500,60,,
2026-04-27T23:14:41Z,v18e-clean48-tts-hn,hard_neg_isa_xtts,hard_negative,0.996,fpr,0.4500,60,,
2026-04-27T23:14:41Z,v18e-clean48-tts-hn,hard_neg_isa_xtts,hard_negative,0.999,fpr,0.3667,60,,
2026-04-27T23:14:41Z,v18e-clean48-tts-hn,hard_neg_canary,hard_negative,0.995,fpr,0.4000,5,,
2026-04-27T23:14:41Z,v18e-clean48-tts-hn,hard_neg_canary,hard_negative,0.996,fpr,0.4000,5,,
2026-04-27T23:14:41Z,v18e-clean48-tts-hn,hard_neg_canary,hard_negative,0.999,fpr,0.4000,5,,
2026-04-27T23:14:41Z,v18e-clean48-tts-hn,neg_prefix_only_mattias_short,hard_negative,0.995,fpr,0.8529,34,,
2026-04-27T23:14:41Z,v18e-clean48-tts-hn,neg_prefix_only_mattias_short,hard_negative,0.996,fpr,0.8529,34,,
2026-04-27T23:14:41Z,v18e-clean48-tts-hn,neg_prefix_only_mattias_short,hard_negative,0.999,fpr,0.8235,34,,
2026-04-27T23:14:41Z,v18e-clean48-tts-hn,neg_single_kratt_neurokone,hard_negative,0.995,fpr,0.9946,186,,
2026-04-27T23:14:41Z,v18e-clean48-tts-hn,neg_single_kratt_neurokone,hard_negative,0.996,fpr,0.9946,186,,
2026-04-27T23:14:41Z,v18e-clean48-tts-hn,neg_single_kratt_neurokone,hard_negative,0.999,fpr,0.9892,186,,
2026-04-27T23:14:41Z,v18e-clean48-tts-hn,neg_reversed_kratt_kuule,hard_negative,0.995,fpr,0.8906,64,,
2026-04-27T23:14:41Z,v18e-clean48-tts-hn,neg_reversed_kratt_kuule,hard_negative,0.996,fpr,0.8906,64,,
2026-04-27T23:14:41Z,v18e-clean48-tts-hn,neg_reversed_kratt_kuule,hard_negative,0.999,fpr,0.8438,64,,
2026-04-27T23:14:41Z,v18e-clean48-tts-hn,neg_kuule_kule_confusables,hard_negative,0.995,fpr,0.8850,600,,
2026-04-27T23:14:41Z,v18e-clean48-tts-hn,neg_kuule_kule_confusables,hard_negative,0.996,fpr,0.8833,600,,
2026-04-27T23:14:41Z,v18e-clean48-tts-hn,neg_kuule_kule_confusables,hard_negative,0.999,fpr,0.8583,600,,
2026-04-27T23:14:41Z,v18e-clean48-tts-hn,faph_cv_et,ambient,0.995,faph,356.4810,2000,3.82,
2026-04-27T23:14:41Z,v18e-clean48-tts-hn,faph_cv_et,ambient,0.996,faph,350.1994,2000,3.82,
2026-04-27T23:14:41Z,v18e-clean48-tts-hn,faph_cv_et,ambient,0.999,faph,291.5711,2000,3.82,
2026-04-27T23:14:41Z,v18e-clean48-tts-hn,faph_librispeech,ambient,0.995,faph,192.1127,2620,5.62,
2026-04-27T23:14:41Z,v18e-clean48-tts-hn,faph_librispeech,ambient,0.996,faph,190.1560,2620,5.62,
2026-04-27T23:14:41Z,v18e-clean48-tts-hn,faph_librispeech,ambient,0.999,faph,161.8727,2620,5.62,
2026-04-27T23:14:41Z,v18e-clean48-tts-hn,faph_macbook_bg,ambient,0.995,faph,491.5518,14,1.17,
2026-04-27T23:14:41Z,v18e-clean48-tts-hn,faph_macbook_bg,ambient,0.996,faph,485.5572,14,1.17,
2026-04-27T23:14:41Z,v18e-clean48-tts-hn,faph_macbook_bg,ambient,0.999,faph,404.2028,14,1.17,
2026-04-27T23:14:41Z,v18e-clean48-tts-hn,faph_dipco,ambient,0.995,faph,203.1710,6,3.32,
2026-04-27T23:14:41Z,v18e-clean48-tts-hn,faph_dipco,ambient,0.996,faph,197.7531,6,3.32,
2026-04-27T23:14:41Z,v18e-clean48-tts-hn,faph_dipco,ambient,0.999,faph,161.3328,6,3.32,
2026-04-27T23:14:41Z,v18f-clean48-tts-hn-fast,pos_isa_xtts,positive,0.995,recall,0.5208,48,,
2026-04-27T23:14:41Z,v18f-clean48-tts-hn-fast,pos_isa_xtts,positive,0.996,recall,0.5208,48,,
2026-04-27T23:14:41Z,v18f-clean48-tts-hn-fast,pos_isa_xtts,positive,0.999,recall,0.5208,48,,
2026-04-27T23:14:41Z,v18f-clean48-tts-hn-fast,pos_ode,positive,0.995,recall,0.8182,11,,
2026-04-27T23:14:41Z,v18f-clean48-tts-hn-fast,pos_ode,positive,0.996,recall,0.8182,11,,
2026-04-27T23:14:41Z,v18f-clean48-tts-hn-fast,pos_ode,positive,0.999,recall,0.7273,11,,
2026-04-27T23:14:41Z,v18f-clean48-tts-hn-fast,pos_mattias_short,positive,0.995,recall,0.9586,362,,
2026-04-27T23:14:41Z,v18f-clean48-tts-hn-fast,pos_mattias_short,positive,0.996,recall,0.9558,362,,
2026-04-27T23:14:41Z,v18f-clean48-tts-hn-fast,pos_mattias_short,positive,0.999,recall,0.9503,362,,
2026-04-27T23:14:41Z,v18f-clean48-tts-hn-fast,pos_friend1,positive,0.995,recall,0.6621,145,,
2026-04-27T23:14:41Z,v18f-clean48-tts-hn-fast,pos_friend1,positive,0.996,recall,0.6552,145,,
2026-04-27T23:14:41Z,v18f-clean48-tts-hn-fast,pos_friend1,positive,0.999,recall,0.6276,145,,
2026-04-27T23:14:41Z,v18f-clean48-tts-hn-fast,hard_neg_mac_holdout,hard_negative,0.995,fpr,0.4667,15,,
2026-04-27T23:14:41Z,v18f-clean48-tts-hn-fast,hard_neg_mac_holdout,hard_negative,0.996,fpr,0.4667,15,,
2026-04-27T23:14:41Z,v18f-clean48-tts-hn-fast,hard_neg_mac_holdout,hard_negative,0.999,fpr,0.4667,15,,
2026-04-27T23:14:41Z,v18f-clean48-tts-hn-fast,hard_neg_isa_xtts,hard_negative,0.995,fpr,0.3667,60,,
2026-04-27T23:14:41Z,v18f-clean48-tts-hn-fast,hard_neg_isa_xtts,hard_negative,0.996,fpr,0.3667,60,,
2026-04-27T23:14:41Z,v18f-clean48-tts-hn-fast,hard_neg_isa_xtts,hard_negative,0.999,fpr,0.2833,60,,
2026-04-27T23:14:41Z,v18f-clean48-tts-hn-fast,hard_neg_canary,hard_negative,0.995,fpr,0.2000,5,,
2026-04-27T23:14:41Z,v18f-clean48-tts-hn-fast,hard_neg_canary,hard_negative,0.996,fpr,0.2000,5,,
2026-04-27T23:14:41Z,v18f-clean48-tts-hn-fast,hard_neg_canary,hard_negative,0.999,fpr,0.2000,5,,
2026-04-27T23:14:41Z,v18f-clean48-tts-hn-fast,neg_prefix_only_mattias_short,hard_negative,0.995,fpr,0.8824,34,,
2026-04-27T23:14:41Z,v18f-clean48-tts-hn-fast,neg_prefix_only_mattias_short,hard_negative,0.996,fpr,0.8824,34,,
2026-04-27T23:14:41Z,v18f-clean48-tts-hn-fast,neg_prefix_only_mattias_short,hard_negative,0.999,fpr,0.8529,34,,
2026-04-27T23:14:41Z,v18f-clean48-tts-hn-fast,neg_single_kratt_neurokone,hard_negative,0.995,fpr,0.7688,186,,
2026-04-27T23:14:41Z,v18f-clean48-tts-hn-fast,neg_single_kratt_neurokone,hard_negative,0.996,fpr,0.7581,186,,
2026-04-27T23:14:41Z,v18f-clean48-tts-hn-fast,neg_single_kratt_neurokone,hard_negative,0.999,fpr,0.7204,186,,
2026-04-27T23:14:41Z,v18f-clean48-tts-hn-fast,neg_reversed_kratt_kuule,hard_negative,0.995,fpr,0.7969,64,,
2026-04-27T23:14:41Z,v18f-clean48-tts-hn-fast,neg_reversed_kratt_kuule,hard_negative,0.996,fpr,0.7969,64,,
2026-04-27T23:14:41Z,v18f-clean48-tts-hn-fast,neg_reversed_kratt_kuule,hard_negative,0.999,fpr,0.7500,64,,
2026-04-27T23:14:41Z,v18f-clean48-tts-hn-fast,neg_kuule_kule_confusables,hard_negative,0.995,fpr,0.7883,600,,
2026-04-27T23:14:41Z,v18f-clean48-tts-hn-fast,neg_kuule_kule_confusables,hard_negative,0.996,fpr,0.7817,600,,
2026-04-27T23:14:41Z,v18f-clean48-tts-hn-fast,neg_kuule_kule_confusables,hard_negative,0.999,fpr,0.7383,600,,
2026-04-27T23:14:41Z,v18f-clean48-tts-hn-fast,faph_cv_et,ambient,0.995,faph,249.9555,2000,3.82,
2026-04-27T23:14:41Z,v18f-clean48-tts-hn-fast,faph_cv_et,ambient,0.996,faph,242.3652,2000,3.82,
2026-04-27T23:14:41Z,v18f-clean48-tts-hn-fast,faph_cv_et,ambient,0.999,faph,200.4878,2000,3.82,
2026-04-27T23:14:41Z,v18f-clean48-tts-hn-fast,faph_librispeech,ambient,0.995,faph,139.8154,2620,5.62,
2026-04-27T23:14:41Z,v18f-clean48-tts-hn-fast,faph_librispeech,ambient,0.996,faph,136.0798,2620,5.62,
2026-04-27T23:14:41Z,v18f-clean48-tts-hn-fast,faph_librispeech,ambient,0.999,faph,114.7340,2620,5.62,
2026-04-27T23:14:41Z,v18f-clean48-tts-hn-fast,faph_macbook_bg,ambient,0.995,faph,309.1467,14,1.17,
2026-04-27T23:14:41Z,v18f-clean48-tts-hn-fast,faph_macbook_bg,ambient,0.996,faph,302.2958,14,1.17,
2026-04-27T23:14:41Z,v18f-clean48-tts-hn-fast,faph_macbook_bg,ambient,0.999,faph,265.4722,14,1.17,
2026-04-27T23:14:41Z,v18f-clean48-tts-hn-fast,faph_dipco,ambient,0.995,faph,130.0294,6,3.32,
2026-04-27T23:14:41Z,v18f-clean48-tts-hn-fast,faph_dipco,ambient,0.996,faph,128.2235,6,3.32,
2026-04-27T23:14:41Z,v18f-clean48-tts-hn-fast,faph_dipco,ambient,0.999,faph,108.6588,6,3.32,
2026-04-27T23:42:17Z,v18a-clean48 + expert-a,pos_isa_xtts,positive,0.995,recall,1.0000,48,,v18a-clean48 + expert-a
2026-04-27T23:42:17Z,v18a-clean48 + expert-a,pos_isa_xtts,positive,0.999,recall,1.0000,48,,v18a-clean48 + expert-a
2026-04-27T23:42:17Z,v18a-clean48 + expert-a,pos_ode,positive,0.995,recall,0.8182,11,,v18a-clean48 + expert-a
2026-04-27T23:42:17Z,v18a-clean48 + expert-a,pos_ode,positive,0.999,recall,0.8182,11,,v18a-clean48 + expert-a
2026-04-27T23:42:17Z,v18a-clean48 + expert-a,pos_mattias_short,positive,0.995,recall,0.9199,362,,v18a-clean48 + expert-a
2026-04-27T23:42:17Z,v18a-clean48 + expert-a,pos_mattias_short,positive,0.999,recall,0.9171,362,,v18a-clean48 + expert-a
2026-04-27T23:42:17Z,v18a-clean48 + expert-a,pos_friend1,positive,0.995,recall,0.9034,145,,v18a-clean48 + expert-a
2026-04-27T23:42:17Z,v18a-clean48 + expert-a,pos_friend1,positive,0.999,recall,0.8897,145,,v18a-clean48 + expert-a
2026-04-27T23:42:17Z,v18a-clean48 + expert-a,hard_neg_mac_holdout,hard_negative,0.995,fpr,0.8000,15,,v18a-clean48 + expert-a
2026-04-27T23:42:17Z,v18a-clean48 + expert-a,hard_neg_mac_holdout,hard_negative,0.999,fpr,0.7333,15,,v18a-clean48 + expert-a
2026-04-27T23:42:17Z,v18a-clean48 + expert-a,hard_neg_isa_xtts,hard_negative,0.995,fpr,0.6167,60,,v18a-clean48 + expert-a
2026-04-27T23:42:17Z,v18a-clean48 + expert-a,hard_neg_isa_xtts,hard_negative,0.999,fpr,0.6167,60,,v18a-clean48 + expert-a
2026-04-27T23:42:17Z,v18a-clean48 + expert-a,hard_neg_canary,hard_negative,0.995,fpr,0.2000,5,,v18a-clean48 + expert-a
2026-04-27T23:42:17Z,v18a-clean48 + expert-a,hard_neg_canary,hard_negative,0.999,fpr,0.2000,5,,v18a-clean48 + expert-a
2026-04-27T23:42:17Z,v18a-clean48 + expert-a,neg_prefix_only_mattias_short,hard_negative,0.995,fpr,0.8235,34,,v18a-clean48 + expert-a
2026-04-27T23:42:17Z,v18a-clean48 + expert-a,neg_prefix_only_mattias_short,hard_negative,0.999,fpr,0.8235,34,,v18a-clean48 + expert-a
2026-04-27T23:42:17Z,v18a-clean48 + expert-a,neg_single_kratt_neurokone,hard_negative,0.995,fpr,0.9946,186,,v18a-clean48 + expert-a
2026-04-27T23:42:17Z,v18a-clean48 + expert-a,neg_single_kratt_neurokone,hard_negative,0.999,fpr,0.9946,186,,v18a-clean48 + expert-a
2026-04-27T23:42:17Z,v18a-clean48 + expert-a,neg_reversed_kratt_kuule,hard_negative,0.995,fpr,0.9844,64,,v18a-clean48 + expert-a
2026-04-27T23:42:17Z,v18a-clean48 + expert-a,neg_reversed_kratt_kuule,hard_negative,0.999,fpr,0.9844,64,,v18a-clean48 + expert-a
2026-04-27T23:42:17Z,v18a-clean48 + expert-a,neg_kuule_kule_confusables,hard_negative,0.995,fpr,0.9917,600,,v18a-clean48 + expert-a
2026-04-27T23:42:17Z,v18a-clean48 + expert-a,neg_kuule_kule_confusables,hard_negative,0.999,fpr,0.9900,600,,v18a-clean48 + expert-a
2026-04-27T23:42:17Z,v18a-clean48 + expert-a,faph_cv_et,ambient,0.995,faph,12.5632,2000,3.82,v18a-clean48 + expert-a
2026-04-27T23:42:17Z,v18a-clean48 + expert-a,faph_cv_et,ambient,0.999,faph,9.6841,2000,3.82,v18a-clean48 + expert-a
2026-04-27T23:42:17Z,v18a-clean48 + expert-a,faph_librispeech,ambient,0.995,faph,0.5336,2620,5.62,v18a-clean48 + expert-a
2026-04-27T23:42:17Z,v18a-clean48 + expert-a,faph_librispeech,ambient,0.999,faph,0.3558,2620,5.62,v18a-clean48 + expert-a
2026-04-27T23:42:17Z,v18a-clean48 + expert-a,faph_macbook_bg,ambient,0.995,faph,3.4254,14,1.17,v18a-clean48 + expert-a
2026-04-27T23:42:17Z,v18a-clean48 + expert-a,faph_macbook_bg,ambient,0.999,faph,1.7127,14,1.17,v18a-clean48 + expert-a
2026-04-27T23:42:17Z,v18a-clean48 + expert-a,faph_dipco,ambient,0.995,faph,0.3010,6,3.32,v18a-clean48 + expert-a
2026-04-27T23:42:17Z,v18a-clean48 + expert-a,faph_dipco,ambient,0.999,faph,0.0000,6,3.32,v18a-clean48 + expert-a
2026-04-27T23:42:17Z,v18b-clean48-sa + expert-a,pos_isa_xtts,positive,0.995,recall,0.9583,48,,v18b-clean48-sa + expert-a
2026-04-27T23:42:17Z,v18b-clean48-sa + expert-a,pos_isa_xtts,positive,0.999,recall,0.9375,48,,v18b-clean48-sa + expert-a
2026-04-27T23:42:17Z,v18b-clean48-sa + expert-a,pos_ode,positive,0.995,recall,0.8182,11,,v18b-clean48-sa + expert-a
2026-04-27T23:42:17Z,v18b-clean48-sa + expert-a,pos_ode,positive,0.999,recall,0.8182,11,,v18b-clean48-sa + expert-a
2026-04-27T23:42:17Z,v18b-clean48-sa + expert-a,pos_mattias_short,positive,0.995,recall,0.9199,362,,v18b-clean48-sa + expert-a
2026-04-27T23:42:17Z,v18b-clean48-sa + expert-a,pos_mattias_short,positive,0.999,recall,0.9171,362,,v18b-clean48-sa + expert-a
2026-04-27T23:42:17Z,v18b-clean48-sa + expert-a,pos_friend1,positive,0.995,recall,0.8897,145,,v18b-clean48-sa + expert-a
2026-04-27T23:42:17Z,v18b-clean48-sa + expert-a,pos_friend1,positive,0.999,recall,0.8759,145,,v18b-clean48-sa + expert-a
2026-04-27T23:42:17Z,v18b-clean48-sa + expert-a,hard_neg_mac_holdout,hard_negative,0.995,fpr,0.8000,15,,v18b-clean48-sa + expert-a
2026-04-27T23:42:17Z,v18b-clean48-sa + expert-a,hard_neg_mac_holdout,hard_negative,0.999,fpr,0.7333,15,,v18b-clean48-sa + expert-a
2026-04-27T23:42:17Z,v18b-clean48-sa + expert-a,hard_neg_isa_xtts,hard_negative,0.995,fpr,0.5000,60,,v18b-clean48-sa + expert-a
2026-04-27T23:42:17Z,v18b-clean48-sa + expert-a,hard_neg_isa_xtts,hard_negative,0.999,fpr,0.4167,60,,v18b-clean48-sa + expert-a
2026-04-27T23:42:17Z,v18b-clean48-sa + expert-a,hard_neg_canary,hard_negative,0.995,fpr,0.0000,5,,v18b-clean48-sa + expert-a
2026-04-27T23:42:17Z,v18b-clean48-sa + expert-a,hard_neg_canary,hard_negative,0.999,fpr,0.0000,5,,v18b-clean48-sa + expert-a
2026-04-27T23:42:17Z,v18b-clean48-sa + expert-a,neg_prefix_only_mattias_short,hard_negative,0.995,fpr,0.8235,34,,v18b-clean48-sa + expert-a
2026-04-27T23:42:17Z,v18b-clean48-sa + expert-a,neg_prefix_only_mattias_short,hard_negative,0.999,fpr,0.8235,34,,v18b-clean48-sa + expert-a
2026-04-27T23:42:17Z,v18b-clean48-sa + expert-a,neg_single_kratt_neurokone,hard_negative,0.995,fpr,0.9839,186,,v18b-clean48-sa + expert-a
2026-04-27T23:42:17Z,v18b-clean48-sa + expert-a,neg_single_kratt_neurokone,hard_negative,0.999,fpr,0.9839,186,,v18b-clean48-sa + expert-a
2026-04-27T23:42:17Z,v18b-clean48-sa + expert-a,neg_reversed_kratt_kuule,hard_negative,0.995,fpr,0.9844,64,,v18b-clean48-sa + expert-a
2026-04-27T23:42:17Z,v18b-clean48-sa + expert-a,neg_reversed_kratt_kuule,hard_negative,0.999,fpr,0.9688,64,,v18b-clean48-sa + expert-a
2026-04-27T23:42:17Z,v18b-clean48-sa + expert-a,neg_kuule_kule_confusables,hard_negative,0.995,fpr,0.9883,600,,v18b-clean48-sa + expert-a
2026-04-27T23:42:17Z,v18b-clean48-sa + expert-a,neg_kuule_kule_confusables,hard_negative,0.999,fpr,0.9750,600,,v18b-clean48-sa + expert-a
2026-04-27T23:42:17Z,v18b-clean48-sa + expert-a,faph_cv_et,ambient,0.995,faph,3.9260,2000,3.82,v18b-clean48-sa + expert-a
2026-04-27T23:42:17Z,v18b-clean48-sa + expert-a,faph_cv_et,ambient,0.999,faph,2.8791,2000,3.82,v18b-clean48-sa + expert-a
2026-04-27T23:42:17Z,v18b-clean48-sa + expert-a,faph_librispeech,ambient,0.995,faph,0.3558,2620,5.62,v18b-clean48-sa + expert-a
2026-04-27T23:42:17Z,v18b-clean48-sa + expert-a,faph_librispeech,ambient,0.999,faph,0.3558,2620,5.62,v18b-clean48-sa + expert-a
2026-04-27T23:42:17Z,v18b-clean48-sa + expert-a,faph_macbook_bg,ambient,0.995,faph,0.8564,14,1.17,v18b-clean48-sa + expert-a
2026-04-27T23:42:17Z,v18b-clean48-sa + expert-a,faph_macbook_bg,ambient,0.999,faph,0.0000,14,1.17,v18b-clean48-sa + expert-a
2026-04-27T23:42:17Z,v18b-clean48-sa + expert-a,faph_dipco,ambient,0.995,faph,0.3010,6,3.32,v18b-clean48-sa + expert-a
2026-04-27T23:42:17Z,v18b-clean48-sa + expert-a,faph_dipco,ambient,0.999,faph,0.3010,6,3.32,v18b-clean48-sa + expert-a
2026-04-27T23:42:17Z,v18c-clean48-hn + expert-a,pos_isa_xtts,positive,0.995,recall,0.3125,48,,v18c-clean48-hn + expert-a
2026-04-27T23:42:17Z,v18c-clean48-hn + expert-a,pos_isa_xtts,positive,0.999,recall,0.3125,48,,v18c-clean48-hn + expert-a
2026-04-27T23:42:17Z,v18c-clean48-hn + expert-a,pos_ode,positive,0.995,recall,0.8182,11,,v18c-clean48-hn + expert-a
2026-04-27T23:42:17Z,v18c-clean48-hn + expert-a,pos_ode,positive,0.999,recall,0.8182,11,,v18c-clean48-hn + expert-a
2026-04-27T23:42:17Z,v18c-clean48-hn + expert-a,pos_mattias_short,positive,0.995,recall,0.9199,362,,v18c-clean48-hn + expert-a
2026-04-27T23:42:17Z,v18c-clean48-hn + expert-a,pos_mattias_short,positive,0.999,recall,0.9171,362,,v18c-clean48-hn + expert-a
2026-04-27T23:42:17Z,v18c-clean48-hn + expert-a,pos_friend1,positive,0.995,recall,0.8138,145,,v18c-clean48-hn + expert-a
2026-04-27T23:42:17Z,v18c-clean48-hn + expert-a,pos_friend1,positive,0.999,recall,0.7517,145,,v18c-clean48-hn + expert-a
2026-04-27T23:42:17Z,v18c-clean48-hn + expert-a,hard_neg_mac_holdout,hard_negative,0.995,fpr,0.4000,15,,v18c-clean48-hn + expert-a
2026-04-27T23:42:17Z,v18c-clean48-hn + expert-a,hard_neg_mac_holdout,hard_negative,0.999,fpr,0.3333,15,,v18c-clean48-hn + expert-a
2026-04-27T23:42:17Z,v18c-clean48-hn + expert-a,hard_neg_isa_xtts,hard_negative,0.995,fpr,0.1000,60,,v18c-clean48-hn + expert-a
2026-04-27T23:42:17Z,v18c-clean48-hn + expert-a,hard_neg_isa_xtts,hard_negative,0.999,fpr,0.1000,60,,v18c-clean48-hn + expert-a
2026-04-27T23:42:17Z,v18c-clean48-hn + expert-a,hard_neg_canary,hard_negative,0.995,fpr,0.4000,5,,v18c-clean48-hn + expert-a
2026-04-27T23:42:17Z,v18c-clean48-hn + expert-a,hard_neg_canary,hard_negative,0.999,fpr,0.4000,5,,v18c-clean48-hn + expert-a
2026-04-27T23:42:17Z,v18c-clean48-hn + expert-a,neg_prefix_only_mattias_short,hard_negative,0.995,fpr,0.7059,34,,v18c-clean48-hn + expert-a
2026-04-27T23:42:17Z,v18c-clean48-hn + expert-a,neg_prefix_only_mattias_short,hard_negative,0.999,fpr,0.7059,34,,v18c-clean48-hn + expert-a
2026-04-27T23:42:17Z,v18c-clean48-hn + expert-a,neg_single_kratt_neurokone,hard_negative,0.995,fpr,1.0000,186,,v18c-clean48-hn + expert-a
2026-04-27T23:42:17Z,v18c-clean48-hn + expert-a,neg_single_kratt_neurokone,hard_negative,0.999,fpr,0.9839,186,,v18c-clean48-hn + expert-a
2026-04-27T23:42:17Z,v18c-clean48-hn + expert-a,neg_reversed_kratt_kuule,hard_negative,0.995,fpr,0.9375,64,,v18c-clean48-hn + expert-a
2026-04-27T23:42:17Z,v18c-clean48-hn + expert-a,neg_reversed_kratt_kuule,hard_negative,0.999,fpr,0.9375,64,,v18c-clean48-hn + expert-a
2026-04-27T23:42:17Z,v18c-clean48-hn + expert-a,neg_kuule_kule_confusables,hard_negative,0.995,fpr,0.9417,600,,v18c-clean48-hn + expert-a
2026-04-27T23:42:17Z,v18c-clean48-hn + expert-a,neg_kuule_kule_confusables,hard_negative,0.999,fpr,0.9217,600,,v18c-clean48-hn + expert-a
2026-04-27T23:42:17Z,v18c-clean48-hn + expert-a,faph_cv_et,ambient,0.995,faph,1.3087,2000,3.82,v18c-clean48-hn + expert-a
2026-04-27T23:42:17Z,v18c-clean48-hn + expert-a,faph_cv_et,ambient,0.999,faph,0.5235,2000,3.82,v18c-clean48-hn + expert-a
2026-04-27T23:42:17Z,v18c-clean48-hn + expert-a,faph_librispeech,ambient,0.995,faph,0.5336,2620,5.62,v18c-clean48-hn + expert-a
2026-04-27T23:42:17Z,v18c-clean48-hn + expert-a,faph_librispeech,ambient,0.999,faph,0.5336,2620,5.62,v18c-clean48-hn + expert-a
2026-04-27T23:42:17Z,v18c-clean48-hn + expert-a,faph_macbook_bg,ambient,0.995,faph,3.4254,14,1.17,v18c-clean48-hn + expert-a
2026-04-27T23:42:17Z,v18c-clean48-hn + expert-a,faph_macbook_bg,ambient,0.999,faph,2.5691,14,1.17,v18c-clean48-hn + expert-a
2026-04-27T23:42:17Z,v18c-clean48-hn + expert-a,faph_dipco,ambient,0.995,faph,0.6020,6,3.32,v18c-clean48-hn + expert-a
2026-04-27T23:42:17Z,v18c-clean48-hn + expert-a,faph_dipco,ambient,0.999,faph,0.0000,6,3.32,v18c-clean48-hn + expert-a
2026-04-27T23:42:17Z,v18d-clean96 + expert-a,pos_isa_xtts,positive,0.995,recall,0.9792,48,,v18d-clean96 + expert-a
2026-04-27T23:42:17Z,v18d-clean96 + expert-a,pos_isa_xtts,positive,0.999,recall,0.9583,48,,v18d-clean96 + expert-a
2026-04-27T23:42:17Z,v18d-clean96 + expert-a,pos_ode,positive,0.995,recall,0.8182,11,,v18d-clean96 + expert-a
2026-04-27T23:42:17Z,v18d-clean96 + expert-a,pos_ode,positive,0.999,recall,0.8182,11,,v18d-clean96 + expert-a
2026-04-27T23:42:17Z,v18d-clean96 + expert-a,pos_mattias_short,positive,0.995,recall,0.9227,362,,v18d-clean96 + expert-a
2026-04-27T23:42:17Z,v18d-clean96 + expert-a,pos_mattias_short,positive,0.999,recall,0.9199,362,,v18d-clean96 + expert-a
2026-04-27T23:42:17Z,v18d-clean96 + expert-a,pos_friend1,positive,0.995,recall,0.9379,145,,v18d-clean96 + expert-a
2026-04-27T23:42:17Z,v18d-clean96 + expert-a,pos_friend1,positive,0.999,recall,0.9310,145,,v18d-clean96 + expert-a
2026-04-27T23:42:17Z,v18d-clean96 + expert-a,hard_neg_mac_holdout,hard_negative,0.995,fpr,0.7333,15,,v18d-clean96 + expert-a
2026-04-27T23:42:17Z,v18d-clean96 + expert-a,hard_neg_mac_holdout,hard_negative,0.999,fpr,0.6000,15,,v18d-clean96 + expert-a
2026-04-27T23:42:17Z,v18d-clean96 + expert-a,hard_neg_isa_xtts,hard_negative,0.995,fpr,0.6000,60,,v18d-clean96 + expert-a
2026-04-27T23:42:17Z,v18d-clean96 + expert-a,hard_neg_isa_xtts,hard_negative,0.999,fpr,0.5167,60,,v18d-clean96 + expert-a
2026-04-27T23:42:17Z,v18d-clean96 + expert-a,hard_neg_canary,hard_negative,0.995,fpr,0.4000,5,,v18d-clean96 + expert-a
2026-04-27T23:42:17Z,v18d-clean96 + expert-a,hard_neg_canary,hard_negative,0.999,fpr,0.4000,5,,v18d-clean96 + expert-a
2026-04-27T23:42:17Z,v18d-clean96 + expert-a,neg_prefix_only_mattias_short,hard_negative,0.995,fpr,0.8235,34,,v18d-clean96 + expert-a
2026-04-27T23:42:17Z,v18d-clean96 + expert-a,neg_prefix_only_mattias_short,hard_negative,0.999,fpr,0.8235,34,,v18d-clean96 + expert-a
2026-04-27T23:42:17Z,v18d-clean96 + expert-a,neg_single_kratt_neurokone,hard_negative,0.995,fpr,1.0000,186,,v18d-clean96 + expert-a
2026-04-27T23:42:17Z,v18d-clean96 + expert-a,neg_single_kratt_neurokone,hard_negative,0.999,fpr,1.0000,186,,v18d-clean96 + expert-a
2026-04-27T23:42:17Z,v18d-clean96 + expert-a,neg_reversed_kratt_kuule,hard_negative,0.995,fpr,0.9375,64,,v18d-clean96 + expert-a
2026-04-27T23:42:17Z,v18d-clean96 + expert-a,neg_reversed_kratt_kuule,hard_negative,0.999,fpr,0.9375,64,,v18d-clean96 + expert-a
2026-04-27T23:42:17Z,v18d-clean96 + expert-a,neg_kuule_kule_confusables,hard_negative,0.995,fpr,0.9967,600,,v18d-clean96 + expert-a
2026-04-27T23:42:17Z,v18d-clean96 + expert-a,neg_kuule_kule_confusables,hard_negative,0.999,fpr,0.9950,600,,v18d-clean96 + expert-a
2026-04-27T23:42:17Z,v18d-clean96 + expert-a,faph_cv_et,ambient,0.995,faph,9.6841,2000,3.82,v18d-clean96 + expert-a
2026-04-27T23:42:17Z,v18d-clean96 + expert-a,faph_cv_et,ambient,0.999,faph,6.2816,2000,3.82,v18d-clean96 + expert-a
2026-04-27T23:42:17Z,v18d-clean96 + expert-a,faph_librispeech,ambient,0.995,faph,0.3558,2620,5.62,v18d-clean96 + expert-a
2026-04-27T23:42:17Z,v18d-clean96 + expert-a,faph_librispeech,ambient,0.999,faph,0.3558,2620,5.62,v18d-clean96 + expert-a
2026-04-27T23:42:17Z,v18d-clean96 + expert-a,faph_macbook_bg,ambient,0.995,faph,4.2818,14,1.17,v18d-clean96 + expert-a
2026-04-27T23:42:17Z,v18d-clean96 + expert-a,faph_macbook_bg,ambient,0.999,faph,3.4254,14,1.17,v18d-clean96 + expert-a
2026-04-27T23:42:17Z,v18d-clean96 + expert-a,faph_dipco,ambient,0.995,faph,0.9030,6,3.32,v18d-clean96 + expert-a
2026-04-27T23:42:17Z,v18d-clean96 + expert-a,faph_dipco,ambient,0.999,faph,0.3010,6,3.32,v18d-clean96 + expert-a
2026-04-27T23:42:17Z,v18e-clean48-tts-hn + expert-a,pos_isa_xtts,positive,0.995,recall,0.7500,48,,v18e-clean48-tts-hn + expert-a
2026-04-27T23:42:17Z,v18e-clean48-tts-hn + expert-a,pos_isa_xtts,positive,0.999,recall,0.7083,48,,v18e-clean48-tts-hn + expert-a
2026-04-27T23:42:17Z,v18e-clean48-tts-hn + expert-a,pos_ode,positive,0.995,recall,0.8182,11,,v18e-clean48-tts-hn + expert-a
2026-04-27T23:42:17Z,v18e-clean48-tts-hn + expert-a,pos_ode,positive,0.999,recall,0.8182,11,,v18e-clean48-tts-hn + expert-a
2026-04-27T23:42:17Z,v18e-clean48-tts-hn + expert-a,pos_mattias_short,positive,0.995,recall,0.9171,362,,v18e-clean48-tts-hn + expert-a
2026-04-27T23:42:17Z,v18e-clean48-tts-hn + expert-a,pos_mattias_short,positive,0.999,recall,0.9144,362,,v18e-clean48-tts-hn + expert-a
2026-04-27T23:42:17Z,v18e-clean48-tts-hn + expert-a,pos_friend1,positive,0.995,recall,0.8621,145,,v18e-clean48-tts-hn + expert-a
2026-04-27T23:42:17Z,v18e-clean48-tts-hn + expert-a,pos_friend1,positive,0.999,recall,0.8414,145,,v18e-clean48-tts-hn + expert-a
2026-04-27T23:42:17Z,v18e-clean48-tts-hn + expert-a,hard_neg_mac_holdout,hard_negative,0.995,fpr,0.3333,15,,v18e-clean48-tts-hn + expert-a
2026-04-27T23:42:17Z,v18e-clean48-tts-hn + expert-a,hard_neg_mac_holdout,hard_negative,0.999,fpr,0.3333,15,,v18e-clean48-tts-hn + expert-a
2026-04-27T23:42:17Z,v18e-clean48-tts-hn + expert-a,hard_neg_isa_xtts,hard_negative,0.995,fpr,0.3667,60,,v18e-clean48-tts-hn + expert-a
2026-04-27T23:42:17Z,v18e-clean48-tts-hn + expert-a,hard_neg_isa_xtts,hard_negative,0.999,fpr,0.2833,60,,v18e-clean48-tts-hn + expert-a
2026-04-27T23:42:17Z,v18e-clean48-tts-hn + expert-a,hard_neg_canary,hard_negative,0.995,fpr,0.2000,5,,v18e-clean48-tts-hn + expert-a
2026-04-27T23:42:17Z,v18e-clean48-tts-hn + expert-a,hard_neg_canary,hard_negative,0.999,fpr,0.2000,5,,v18e-clean48-tts-hn + expert-a
2026-04-27T23:42:17Z,v18e-clean48-tts-hn + expert-a,neg_prefix_only_mattias_short,hard_negative,0.995,fpr,0.7059,34,,v18e-clean48-tts-hn + expert-a
2026-04-27T23:42:17Z,v18e-clean48-tts-hn + expert-a,neg_prefix_only_mattias_short,hard_negative,0.999,fpr,0.6765,34,,v18e-clean48-tts-hn + expert-a
2026-04-27T23:42:17Z,v18e-clean48-tts-hn + expert-a,neg_single_kratt_neurokone,hard_negative,0.995,fpr,0.9946,186,,v18e-clean48-tts-hn + expert-a
2026-04-27T23:42:17Z,v18e-clean48-tts-hn + expert-a,neg_single_kratt_neurokone,hard_negative,0.999,fpr,0.9892,186,,v18e-clean48-tts-hn + expert-a
2026-04-27T23:42:17Z,v18e-clean48-tts-hn + expert-a,neg_reversed_kratt_kuule,hard_negative,0.995,fpr,0.8906,64,,v18e-clean48-tts-hn + expert-a
2026-04-27T23:42:17Z,v18e-clean48-tts-hn + expert-a,neg_reversed_kratt_kuule,hard_negative,0.999,fpr,0.8438,64,,v18e-clean48-tts-hn + expert-a
2026-04-27T23:42:17Z,v18e-clean48-tts-hn + expert-a,neg_kuule_kule_confusables,hard_negative,0.995,fpr,0.8833,600,,v18e-clean48-tts-hn + expert-a
2026-04-27T23:42:17Z,v18e-clean48-tts-hn + expert-a,neg_kuule_kule_confusables,hard_negative,0.999,fpr,0.8567,600,,v18e-clean48-tts-hn + expert-a
2026-04-27T23:42:17Z,v18e-clean48-tts-hn + expert-a,faph_cv_et,ambient,0.995,faph,4.9729,2000,3.82,v18e-clean48-tts-hn + expert-a
2026-04-27T23:42:17Z,v18e-clean48-tts-hn + expert-a,faph_cv_et,ambient,0.999,faph,3.4025,2000,3.82,v18e-clean48-tts-hn + expert-a
2026-04-27T23:42:17Z,v18e-clean48-tts-hn + expert-a,faph_librispeech,ambient,0.995,faph,0.1779,2620,5.62,v18e-clean48-tts-hn + expert-a
2026-04-27T23:42:17Z,v18e-clean48-tts-hn + expert-a,faph_librispeech,ambient,0.999,faph,0.1779,2620,5.62,v18e-clean48-tts-hn + expert-a
2026-04-27T23:42:17Z,v18e-clean48-tts-hn + expert-a,faph_macbook_bg,ambient,0.995,faph,0.8564,14,1.17,v18e-clean48-tts-hn + expert-a
2026-04-27T23:42:17Z,v18e-clean48-tts-hn + expert-a,faph_macbook_bg,ambient,0.999,faph,0.8564,14,1.17,v18e-clean48-tts-hn + expert-a
2026-04-27T23:42:17Z,v18e-clean48-tts-hn + expert-a,faph_dipco,ambient,0.995,faph,0.3010,6,3.32,v18e-clean48-tts-hn + expert-a
2026-04-27T23:42:17Z,v18e-clean48-tts-hn + expert-a,faph_dipco,ambient,0.999,faph,0.0000,6,3.32,v18e-clean48-tts-hn + expert-a
2026-04-27T23:42:17Z,v18f-clean48-tts-hn-fast + expert-a,pos_isa_xtts,positive,0.995,recall,0.5208,48,,v18f-clean48-tts-hn-fast + expert-a
2026-04-27T23:42:17Z,v18f-clean48-tts-hn-fast + expert-a,pos_isa_xtts,positive,0.999,recall,0.5208,48,,v18f-clean48-tts-hn-fast + expert-a
2026-04-27T23:42:17Z,v18f-clean48-tts-hn-fast + expert-a,pos_ode,positive,0.995,recall,0.7273,11,,v18f-clean48-tts-hn-fast + expert-a
2026-04-27T23:42:17Z,v18f-clean48-tts-hn-fast + expert-a,pos_ode,positive,0.999,recall,0.7273,11,,v18f-clean48-tts-hn-fast + expert-a
2026-04-27T23:42:17Z,v18f-clean48-tts-hn-fast + expert-a,pos_mattias_short,positive,0.995,recall,0.8950,362,,v18f-clean48-tts-hn-fast + expert-a
2026-04-27T23:42:17Z,v18f-clean48-tts-hn-fast + expert-a,pos_mattias_short,positive,0.999,recall,0.8867,362,,v18f-clean48-tts-hn-fast + expert-a
2026-04-27T23:42:17Z,v18f-clean48-tts-hn-fast + expert-a,pos_friend1,positive,0.995,recall,0.6483,145,,v18f-clean48-tts-hn-fast + expert-a
2026-04-27T23:42:17Z,v18f-clean48-tts-hn-fast + expert-a,pos_friend1,positive,0.999,recall,0.6069,145,,v18f-clean48-tts-hn-fast + expert-a
2026-04-27T23:42:17Z,v18f-clean48-tts-hn-fast + expert-a,hard_neg_mac_holdout,hard_negative,0.995,fpr,0.4667,15,,v18f-clean48-tts-hn-fast + expert-a
2026-04-27T23:42:17Z,v18f-clean48-tts-hn-fast + expert-a,hard_neg_mac_holdout,hard_negative,0.999,fpr,0.4000,15,,v18f-clean48-tts-hn-fast + expert-a
2026-04-27T23:42:17Z,v18f-clean48-tts-hn-fast + expert-a,hard_neg_isa_xtts,hard_negative,0.995,fpr,0.2667,60,,v18f-clean48-tts-hn-fast + expert-a
2026-04-27T23:42:17Z,v18f-clean48-tts-hn-fast + expert-a,hard_neg_isa_xtts,hard_negative,0.999,fpr,0.2167,60,,v18f-clean48-tts-hn-fast + expert-a
2026-04-27T23:42:17Z,v18f-clean48-tts-hn-fast + expert-a,hard_neg_canary,hard_negative,0.995,fpr,0.2000,5,,v18f-clean48-tts-hn-fast + expert-a
2026-04-27T23:42:17Z,v18f-clean48-tts-hn-fast + expert-a,hard_neg_canary,hard_negative,0.999,fpr,0.2000,5,,v18f-clean48-tts-hn-fast + expert-a
2026-04-27T23:42:17Z,v18f-clean48-tts-hn-fast + expert-a,neg_prefix_only_mattias_short,hard_negative,0.995,fpr,0.7353,34,,v18f-clean48-tts-hn-fast + expert-a
2026-04-27T23:42:17Z,v18f-clean48-tts-hn-fast + expert-a,neg_prefix_only_mattias_short,hard_negative,0.999,fpr,0.7059,34,,v18f-clean48-tts-hn-fast + expert-a
2026-04-27T23:42:17Z,v18f-clean48-tts-hn-fast + expert-a,neg_single_kratt_neurokone,hard_negative,0.995,fpr,0.7688,186,,v18f-clean48-tts-hn-fast + expert-a
2026-04-27T23:42:17Z,v18f-clean48-tts-hn-fast + expert-a,neg_single_kratt_neurokone,hard_negative,0.999,fpr,0.7204,186,,v18f-clean48-tts-hn-fast + expert-a
2026-04-27T23:42:17Z,v18f-clean48-tts-hn-fast + expert-a,neg_reversed_kratt_kuule,hard_negative,0.995,fpr,0.7969,64,,v18f-clean48-tts-hn-fast + expert-a
2026-04-27T23:42:17Z,v18f-clean48-tts-hn-fast + expert-a,neg_reversed_kratt_kuule,hard_negative,0.999,fpr,0.7500,64,,v18f-clean48-tts-hn-fast + expert-a
2026-04-27T23:42:17Z,v18f-clean48-tts-hn-fast + expert-a,neg_kuule_kule_confusables,hard_negative,0.995,fpr,0.7867,600,,v18f-clean48-tts-hn-fast + expert-a
2026-04-27T23:42:17Z,v18f-clean48-tts-hn-fast + expert-a,neg_kuule_kule_confusables,hard_negative,0.999,fpr,0.7367,600,,v18f-clean48-tts-hn-fast + expert-a
2026-04-27T23:42:17Z,v18f-clean48-tts-hn-fast + expert-a,faph_cv_et,ambient,0.995,faph,2.0939,2000,3.82,v18f-clean48-tts-hn-fast + expert-a
2026-04-27T23:42:17Z,v18f-clean48-tts-hn-fast + expert-a,faph_cv_et,ambient,0.999,faph,1.5704,2000,3.82,v18f-clean48-tts-hn-fast + expert-a
2026-04-27T23:42:17Z,v18f-clean48-tts-hn-fast + expert-a,faph_librispeech,ambient,0.995,faph,0.1779,2620,5.62,v18f-clean48-tts-hn-fast + expert-a
2026-04-27T23:42:17Z,v18f-clean48-tts-hn-fast + expert-a,faph_librispeech,ambient,0.999,faph,0.1779,2620,5.62,v18f-clean48-tts-hn-fast + expert-a
2026-04-27T23:42:17Z,v18f-clean48-tts-hn-fast + expert-a,faph_macbook_bg,ambient,0.995,faph,0.8564,14,1.17,v18f-clean48-tts-hn-fast + expert-a
2026-04-27T23:42:17Z,v18f-clean48-tts-hn-fast + expert-a,faph_macbook_bg,ambient,0.999,faph,0.8564,14,1.17,v18f-clean48-tts-hn-fast + expert-a
2026-04-27T23:42:17Z,v18f-clean48-tts-hn-fast + expert-a,faph_dipco,ambient,0.995,faph,0.3010,6,3.32,v18f-clean48-tts-hn-fast + expert-a
2026-04-27T23:42:17Z,v18f-clean48-tts-hn-fast + expert-a,faph_dipco,ambient,0.999,faph,0.0000,6,3.32,v18f-clean48-tts-hn-fast + expert-a
2026-04-27T23:42:17Z,v18a-clean48 + v16c,pos_isa_xtts,positive,0.995,recall,1.0000,48,,v18a-clean48 + v16c
2026-04-27T23:42:17Z,v18a-clean48 + v16c,pos_isa_xtts,positive,0.999,recall,1.0000,48,,v18a-clean48 + v16c
2026-04-27T23:42:17Z,v18a-clean48 + v16c,pos_ode,positive,0.995,recall,0.8182,11,,v18a-clean48 + v16c
2026-04-27T23:42:17Z,v18a-clean48 + v16c,pos_ode,positive,0.999,recall,0.8182,11,,v18a-clean48 + v16c
2026-04-27T23:42:17Z,v18a-clean48 + v16c,pos_mattias_short,positive,0.995,recall,0.8978,362,,v18a-clean48 + v16c
2026-04-27T23:42:17Z,v18a-clean48 + v16c,pos_mattias_short,positive,0.999,recall,0.8950,362,,v18a-clean48 + v16c
2026-04-27T23:42:17Z,v18a-clean48 + v16c,pos_friend1,positive,0.995,recall,0.8345,145,,v18a-clean48 + v16c
2026-04-27T23:42:17Z,v18a-clean48 + v16c,pos_friend1,positive,0.999,recall,0.8207,145,,v18a-clean48 + v16c
2026-04-27T23:42:17Z,v18a-clean48 + v16c,hard_neg_mac_holdout,hard_negative,0.995,fpr,0.8667,15,,v18a-clean48 + v16c
2026-04-27T23:42:17Z,v18a-clean48 + v16c,hard_neg_mac_holdout,hard_negative,0.999,fpr,0.8667,15,,v18a-clean48 + v16c
2026-04-27T23:42:17Z,v18a-clean48 + v16c,hard_neg_isa_xtts,hard_negative,0.995,fpr,0.6833,60,,v18a-clean48 + v16c
2026-04-27T23:42:17Z,v18a-clean48 + v16c,hard_neg_isa_xtts,hard_negative,0.999,fpr,0.6833,60,,v18a-clean48 + v16c
2026-04-27T23:42:17Z,v18a-clean48 + v16c,hard_neg_canary,hard_negative,0.995,fpr,0.0000,5,,v18a-clean48 + v16c
2026-04-27T23:42:17Z,v18a-clean48 + v16c,hard_neg_canary,hard_negative,0.999,fpr,0.0000,5,,v18a-clean48 + v16c
2026-04-27T23:42:17Z,v18a-clean48 + v16c,neg_prefix_only_mattias_short,hard_negative,0.995,fpr,0.6765,34,,v18a-clean48 + v16c
2026-04-27T23:42:17Z,v18a-clean48 + v16c,neg_prefix_only_mattias_short,hard_negative,0.999,fpr,0.6765,34,,v18a-clean48 + v16c
2026-04-27T23:42:17Z,v18a-clean48 + v16c,neg_single_kratt_neurokone,hard_negative,0.995,fpr,0.0968,186,,v18a-clean48 + v16c
2026-04-27T23:42:17Z,v18a-clean48 + v16c,neg_single_kratt_neurokone,hard_negative,0.999,fpr,0.0645,186,,v18a-clean48 + v16c
2026-04-27T23:42:17Z,v18a-clean48 + v16c,neg_reversed_kratt_kuule,hard_negative,0.995,fpr,0.8438,64,,v18a-clean48 + v16c
2026-04-27T23:42:17Z,v18a-clean48 + v16c,neg_reversed_kratt_kuule,hard_negative,0.999,fpr,0.8438,64,,v18a-clean48 + v16c
2026-04-27T23:42:17Z,v18a-clean48 + v16c,neg_kuule_kule_confusables,hard_negative,0.995,fpr,0.9917,600,,v18a-clean48 + v16c
2026-04-27T23:42:17Z,v18a-clean48 + v16c,neg_kuule_kule_confusables,hard_negative,0.999,fpr,0.9900,600,,v18a-clean48 + v16c
2026-04-27T23:42:17Z,v18a-clean48 + v16c,faph_cv_et,ambient,0.995,faph,34.2871,2000,3.82,v18a-clean48 + v16c
2026-04-27T23:42:17Z,v18a-clean48 + v16c,faph_cv_et,ambient,0.999,faph,26.9585,2000,3.82,v18a-clean48 + v16c
2026-04-27T23:42:17Z,v18a-clean48 + v16c,faph_librispeech,ambient,0.995,faph,4.6249,2620,5.62,v18a-clean48 + v16c
2026-04-27T23:42:17Z,v18a-clean48 + v16c,faph_librispeech,ambient,0.999,faph,3.9134,2620,5.62,v18a-clean48 + v16c
2026-04-27T23:42:17Z,v18a-clean48 + v16c,faph_macbook_bg,ambient,0.995,faph,9.4200,14,1.17,v18a-clean48 + v16c
2026-04-27T23:42:17Z,v18a-clean48 + v16c,faph_macbook_bg,ambient,0.999,faph,7.7073,14,1.17,v18a-clean48 + v16c
2026-04-27T23:42:17Z,v18a-clean48 + v16c,faph_dipco,ambient,0.995,faph,0.3010,6,3.32,v18a-clean48 + v16c
2026-04-27T23:42:17Z,v18a-clean48 + v16c,faph_dipco,ambient,0.999,faph,0.3010,6,3.32,v18a-clean48 + v16c
2026-04-27T23:42:17Z,v18b-clean48-sa + v16c,pos_isa_xtts,positive,0.995,recall,0.9583,48,,v18b-clean48-sa + v16c
2026-04-27T23:42:17Z,v18b-clean48-sa + v16c,pos_isa_xtts,positive,0.999,recall,0.9375,48,,v18b-clean48-sa + v16c
2026-04-27T23:42:17Z,v18b-clean48-sa + v16c,pos_ode,positive,0.995,recall,0.8182,11,,v18b-clean48-sa + v16c
2026-04-27T23:42:17Z,v18b-clean48-sa + v16c,pos_ode,positive,0.999,recall,0.8182,11,,v18b-clean48-sa + v16c
2026-04-27T23:42:17Z,v18b-clean48-sa + v16c,pos_mattias_short,positive,0.995,recall,0.8950,362,,v18b-clean48-sa + v16c
2026-04-27T23:42:17Z,v18b-clean48-sa + v16c,pos_mattias_short,positive,0.999,recall,0.8923,362,,v18b-clean48-sa + v16c
2026-04-27T23:42:17Z,v18b-clean48-sa + v16c,pos_friend1,positive,0.995,recall,0.8276,145,,v18b-clean48-sa + v16c
2026-04-27T23:42:17Z,v18b-clean48-sa + v16c,pos_friend1,positive,0.999,recall,0.8069,145,,v18b-clean48-sa + v16c
2026-04-27T23:42:17Z,v18b-clean48-sa + v16c,hard_neg_mac_holdout,hard_negative,0.995,fpr,0.9333,15,,v18b-clean48-sa + v16c
2026-04-27T23:42:17Z,v18b-clean48-sa + v16c,hard_neg_mac_holdout,hard_negative,0.999,fpr,0.8000,15,,v18b-clean48-sa + v16c
2026-04-27T23:42:17Z,v18b-clean48-sa + v16c,hard_neg_isa_xtts,hard_negative,0.995,fpr,0.5167,60,,v18b-clean48-sa + v16c
2026-04-27T23:42:17Z,v18b-clean48-sa + v16c,hard_neg_isa_xtts,hard_negative,0.999,fpr,0.4333,60,,v18b-clean48-sa + v16c
2026-04-27T23:42:17Z,v18b-clean48-sa + v16c,hard_neg_canary,hard_negative,0.995,fpr,0.0000,5,,v18b-clean48-sa + v16c
2026-04-27T23:42:17Z,v18b-clean48-sa + v16c,hard_neg_canary,hard_negative,0.999,fpr,0.0000,5,,v18b-clean48-sa + v16c
2026-04-27T23:42:17Z,v18b-clean48-sa + v16c,neg_prefix_only_mattias_short,hard_negative,0.995,fpr,0.6765,34,,v18b-clean48-sa + v16c
2026-04-27T23:42:17Z,v18b-clean48-sa + v16c,neg_prefix_only_mattias_short,hard_negative,0.999,fpr,0.6765,34,,v18b-clean48-sa + v16c
2026-04-27T23:42:17Z,v18b-clean48-sa + v16c,neg_single_kratt_neurokone,hard_negative,0.995,fpr,0.0968,186,,v18b-clean48-sa + v16c
2026-04-27T23:42:17Z,v18b-clean48-sa + v16c,neg_single_kratt_neurokone,hard_negative,0.999,fpr,0.0645,186,,v18b-clean48-sa + v16c
2026-04-27T23:42:17Z,v18b-clean48-sa + v16c,neg_reversed_kratt_kuule,hard_negative,0.995,fpr,0.8594,64,,v18b-clean48-sa + v16c
2026-04-27T23:42:17Z,v18b-clean48-sa + v16c,neg_reversed_kratt_kuule,hard_negative,0.999,fpr,0.8594,64,,v18b-clean48-sa + v16c
2026-04-27T23:42:17Z,v18b-clean48-sa + v16c,neg_kuule_kule_confusables,hard_negative,0.995,fpr,0.9883,600,,v18b-clean48-sa + v16c
2026-04-27T23:42:17Z,v18b-clean48-sa + v16c,neg_kuule_kule_confusables,hard_negative,0.999,fpr,0.9750,600,,v18b-clean48-sa + v16c
2026-04-27T23:42:17Z,v18b-clean48-sa + v16c,faph_cv_et,ambient,0.995,faph,3.6643,2000,3.82,v18b-clean48-sa + v16c
2026-04-27T23:42:17Z,v18b-clean48-sa + v16c,faph_cv_et,ambient,0.999,faph,1.8321,2000,3.82,v18b-clean48-sa + v16c
2026-04-27T23:42:17Z,v18b-clean48-sa + v16c,faph_librispeech,ambient,0.995,faph,0.8894,2620,5.62,v18b-clean48-sa + v16c
2026-04-27T23:42:17Z,v18b-clean48-sa + v16c,faph_librispeech,ambient,0.999,faph,0.8894,2620,5.62,v18b-clean48-sa + v16c
2026-04-27T23:42:17Z,v18b-clean48-sa + v16c,faph_macbook_bg,ambient,0.995,faph,4.2818,14,1.17,v18b-clean48-sa + v16c
2026-04-27T23:42:17Z,v18b-clean48-sa + v16c,faph_macbook_bg,ambient,0.999,faph,3.4254,14,1.17,v18b-clean48-sa + v16c
2026-04-27T23:42:17Z,v18b-clean48-sa + v16c,faph_dipco,ambient,0.995,faph,0.9030,6,3.32,v18b-clean48-sa + v16c
2026-04-27T23:42:17Z,v18b-clean48-sa + v16c,faph_dipco,ambient,0.999,faph,0.6020,6,3.32,v18b-clean48-sa + v16c
2026-04-27T23:42:17Z,v18c-clean48-hn + v16c,pos_isa_xtts,positive,0.995,recall,0.3125,48,,v18c-clean48-hn + v16c
2026-04-27T23:42:17Z,v18c-clean48-hn + v16c,pos_isa_xtts,positive,0.999,recall,0.3125,48,,v18c-clean48-hn + v16c
2026-04-27T23:42:17Z,v18c-clean48-hn + v16c,pos_ode,positive,0.995,recall,0.8182,11,,v18c-clean48-hn + v16c
2026-04-27T23:42:17Z,v18c-clean48-hn + v16c,pos_ode,positive,0.999,recall,0.8182,11,,v18c-clean48-hn + v16c
2026-04-27T23:42:17Z,v18c-clean48-hn + v16c,pos_mattias_short,positive,0.995,recall,0.8950,362,,v18c-clean48-hn + v16c
2026-04-27T23:42:17Z,v18c-clean48-hn + v16c,pos_mattias_short,positive,0.999,recall,0.8923,362,,v18c-clean48-hn + v16c
2026-04-27T23:42:17Z,v18c-clean48-hn + v16c,pos_friend1,positive,0.995,recall,0.7448,145,,v18c-clean48-hn + v16c
2026-04-27T23:42:17Z,v18c-clean48-hn + v16c,pos_friend1,positive,0.999,recall,0.6828,145,,v18c-clean48-hn + v16c
2026-04-27T23:42:17Z,v18c-clean48-hn + v16c,hard_neg_mac_holdout,hard_negative,0.995,fpr,0.4000,15,,v18c-clean48-hn + v16c
2026-04-27T23:42:17Z,v18c-clean48-hn + v16c,hard_neg_mac_holdout,hard_negative,0.999,fpr,0.4000,15,,v18c-clean48-hn + v16c
2026-04-27T23:42:17Z,v18c-clean48-hn + v16c,hard_neg_isa_xtts,hard_negative,0.995,fpr,0.1000,60,,v18c-clean48-hn + v16c
2026-04-27T23:42:17Z,v18c-clean48-hn + v16c,hard_neg_isa_xtts,hard_negative,0.999,fpr,0.1000,60,,v18c-clean48-hn + v16c
2026-04-27T23:42:17Z,v18c-clean48-hn + v16c,hard_neg_canary,hard_negative,0.995,fpr,0.0000,5,,v18c-clean48-hn + v16c
2026-04-27T23:42:17Z,v18c-clean48-hn + v16c,hard_neg_canary,hard_negative,0.999,fpr,0.0000,5,,v18c-clean48-hn + v16c
2026-04-27T23:42:17Z,v18c-clean48-hn + v16c,neg_prefix_only_mattias_short,hard_negative,0.995,fpr,0.6471,34,,v18c-clean48-hn + v16c
2026-04-27T23:42:17Z,v18c-clean48-hn + v16c,neg_prefix_only_mattias_short,hard_negative,0.999,fpr,0.6471,34,,v18c-clean48-hn + v16c
2026-04-27T23:42:17Z,v18c-clean48-hn + v16c,neg_single_kratt_neurokone,hard_negative,0.995,fpr,0.0968,186,,v18c-clean48-hn + v16c
2026-04-27T23:42:17Z,v18c-clean48-hn + v16c,neg_single_kratt_neurokone,hard_negative,0.999,fpr,0.0591,186,,v18c-clean48-hn + v16c
2026-04-27T23:42:17Z,v18c-clean48-hn + v16c,neg_reversed_kratt_kuule,hard_negative,0.995,fpr,0.8438,64,,v18c-clean48-hn + v16c
2026-04-27T23:42:17Z,v18c-clean48-hn + v16c,neg_reversed_kratt_kuule,hard_negative,0.999,fpr,0.8438,64,,v18c-clean48-hn + v16c
2026-04-27T23:42:17Z,v18c-clean48-hn + v16c,neg_kuule_kule_confusables,hard_negative,0.995,fpr,0.9417,600,,v18c-clean48-hn + v16c
2026-04-27T23:42:17Z,v18c-clean48-hn + v16c,neg_kuule_kule_confusables,hard_negative,0.999,fpr,0.9217,600,,v18c-clean48-hn + v16c
2026-04-27T23:42:17Z,v18c-clean48-hn + v16c,faph_cv_et,ambient,0.995,faph,1.0469,2000,3.82,v18c-clean48-hn + v16c
2026-04-27T23:42:17Z,v18c-clean48-hn + v16c,faph_cv_et,ambient,0.999,faph,1.0469,2000,3.82,v18c-clean48-hn + v16c
2026-04-27T23:42:17Z,v18c-clean48-hn + v16c,faph_librispeech,ambient,0.995,faph,0.8894,2620,5.62,v18c-clean48-hn + v16c
2026-04-27T23:42:17Z,v18c-clean48-hn + v16c,faph_librispeech,ambient,0.999,faph,0.7115,2620,5.62,v18c-clean48-hn + v16c
2026-04-27T23:42:17Z,v18c-clean48-hn + v16c,faph_macbook_bg,ambient,0.995,faph,1.7127,14,1.17,v18c-clean48-hn + v16c
2026-04-27T23:42:17Z,v18c-clean48-hn + v16c,faph_macbook_bg,ambient,0.999,faph,1.7127,14,1.17,v18c-clean48-hn + v16c
2026-04-27T23:42:17Z,v18c-clean48-hn + v16c,faph_dipco,ambient,0.995,faph,0.3010,6,3.32,v18c-clean48-hn + v16c
2026-04-27T23:42:17Z,v18c-clean48-hn + v16c,faph_dipco,ambient,0.999,faph,0.3010,6,3.32,v18c-clean48-hn + v16c
2026-04-27T23:42:17Z,v18d-clean96 + v16c,pos_isa_xtts,positive,0.995,recall,0.9792,48,,v18d-clean96 + v16c
2026-04-27T23:42:17Z,v18d-clean96 + v16c,pos_isa_xtts,positive,0.999,recall,0.9583,48,,v18d-clean96 + v16c
2026-04-27T23:42:17Z,v18d-clean96 + v16c,pos_ode,positive,0.995,recall,0.8182,11,,v18d-clean96 + v16c
2026-04-27T23:42:17Z,v18d-clean96 + v16c,pos_ode,positive,0.999,recall,0.8182,11,,v18d-clean96 + v16c
2026-04-27T23:42:17Z,v18d-clean96 + v16c,pos_mattias_short,positive,0.995,recall,0.8978,362,,v18d-clean96 + v16c
2026-04-27T23:42:17Z,v18d-clean96 + v16c,pos_mattias_short,positive,0.999,recall,0.8950,362,,v18d-clean96 + v16c
2026-04-27T23:42:17Z,v18d-clean96 + v16c,pos_friend1,positive,0.995,recall,0.8621,145,,v18d-clean96 + v16c
2026-04-27T23:42:17Z,v18d-clean96 + v16c,pos_friend1,positive,0.999,recall,0.8483,145,,v18d-clean96 + v16c
2026-04-27T23:42:17Z,v18d-clean96 + v16c,hard_neg_mac_holdout,hard_negative,0.995,fpr,0.8000,15,,v18d-clean96 + v16c
2026-04-27T23:42:17Z,v18d-clean96 + v16c,hard_neg_mac_holdout,hard_negative,0.999,fpr,0.7333,15,,v18d-clean96 + v16c
2026-04-27T23:42:17Z,v18d-clean96 + v16c,hard_neg_isa_xtts,hard_negative,0.995,fpr,0.6833,60,,v18d-clean96 + v16c
2026-04-27T23:42:17Z,v18d-clean96 + v16c,hard_neg_isa_xtts,hard_negative,0.999,fpr,0.5667,60,,v18d-clean96 + v16c
2026-04-27T23:42:17Z,v18d-clean96 + v16c,hard_neg_canary,hard_negative,0.995,fpr,0.0000,5,,v18d-clean96 + v16c
2026-04-27T23:42:17Z,v18d-clean96 + v16c,hard_neg_canary,hard_negative,0.999,fpr,0.0000,5,,v18d-clean96 + v16c
2026-04-27T23:42:17Z,v18d-clean96 + v16c,neg_prefix_only_mattias_short,hard_negative,0.995,fpr,0.6765,34,,v18d-clean96 + v16c
2026-04-27T23:42:17Z,v18d-clean96 + v16c,neg_prefix_only_mattias_short,hard_negative,0.999,fpr,0.6765,34,,v18d-clean96 + v16c
2026-04-27T23:42:17Z,v18d-clean96 + v16c,neg_single_kratt_neurokone,hard_negative,0.995,fpr,0.0968,186,,v18d-clean96 + v16c
2026-04-27T23:42:17Z,v18d-clean96 + v16c,neg_single_kratt_neurokone,hard_negative,0.999,fpr,0.0645,186,,v18d-clean96 + v16c
2026-04-27T23:42:17Z,v18d-clean96 + v16c,neg_reversed_kratt_kuule,hard_negative,0.995,fpr,0.8594,64,,v18d-clean96 + v16c
2026-04-27T23:42:17Z,v18d-clean96 + v16c,neg_reversed_kratt_kuule,hard_negative,0.999,fpr,0.8594,64,,v18d-clean96 + v16c
2026-04-27T23:42:17Z,v18d-clean96 + v16c,neg_kuule_kule_confusables,hard_negative,0.995,fpr,0.9967,600,,v18d-clean96 + v16c
2026-04-27T23:42:17Z,v18d-clean96 + v16c,neg_kuule_kule_confusables,hard_negative,0.999,fpr,0.9950,600,,v18d-clean96 + v16c
2026-04-27T23:42:17Z,v18d-clean96 + v16c,faph_cv_et,ambient,0.995,faph,18.0596,2000,3.82,v18d-clean96 + v16c
2026-04-27T23:42:17Z,v18d-clean96 + v16c,faph_cv_et,ambient,0.999,faph,12.3015,2000,3.82,v18d-clean96 + v16c
2026-04-27T23:42:17Z,v18d-clean96 + v16c,faph_librispeech,ambient,0.995,faph,2.6682,2620,5.62,v18d-clean96 + v16c
2026-04-27T23:42:17Z,v18d-clean96 + v16c,faph_librispeech,ambient,0.999,faph,2.1346,2620,5.62,v18d-clean96 + v16c
2026-04-27T23:42:17Z,v18d-clean96 + v16c,faph_macbook_bg,ambient,0.995,faph,5.1382,14,1.17,v18d-clean96 + v16c
2026-04-27T23:42:17Z,v18d-clean96 + v16c,faph_macbook_bg,ambient,0.999,faph,3.4254,14,1.17,v18d-clean96 + v16c
2026-04-27T23:42:17Z,v18d-clean96 + v16c,faph_dipco,ambient,0.995,faph,0.6020,6,3.32,v18d-clean96 + v16c
2026-04-27T23:42:17Z,v18d-clean96 + v16c,faph_dipco,ambient,0.999,faph,0.6020,6,3.32,v18d-clean96 + v16c
2026-04-27T23:42:17Z,v18e-clean48-tts-hn + v16c,pos_isa_xtts,positive,0.995,recall,0.7500,48,,v18e-clean48-tts-hn + v16c
2026-04-27T23:42:17Z,v18e-clean48-tts-hn + v16c,pos_isa_xtts,positive,0.999,recall,0.7083,48,,v18e-clean48-tts-hn + v16c
2026-04-27T23:42:17Z,v18e-clean48-tts-hn + v16c,pos_ode,positive,0.995,recall,0.8182,11,,v18e-clean48-tts-hn + v16c
2026-04-27T23:42:17Z,v18e-clean48-tts-hn + v16c,pos_ode,positive,0.999,recall,0.8182,11,,v18e-clean48-tts-hn + v16c
2026-04-27T23:42:17Z,v18e-clean48-tts-hn + v16c,pos_mattias_short,positive,0.995,recall,0.8923,362,,v18e-clean48-tts-hn + v16c
2026-04-27T23:42:17Z,v18e-clean48-tts-hn + v16c,pos_mattias_short,positive,0.999,recall,0.8895,362,,v18e-clean48-tts-hn + v16c
2026-04-27T23:42:17Z,v18e-clean48-tts-hn + v16c,pos_friend1,positive,0.995,recall,0.7931,145,,v18e-clean48-tts-hn + v16c
2026-04-27T23:42:17Z,v18e-clean48-tts-hn + v16c,pos_friend1,positive,0.999,recall,0.7724,145,,v18e-clean48-tts-hn + v16c
2026-04-27T23:42:17Z,v18e-clean48-tts-hn + v16c,hard_neg_mac_holdout,hard_negative,0.995,fpr,0.3333,15,,v18e-clean48-tts-hn + v16c
2026-04-27T23:42:17Z,v18e-clean48-tts-hn + v16c,hard_neg_mac_holdout,hard_negative,0.999,fpr,0.3333,15,,v18e-clean48-tts-hn + v16c
2026-04-27T23:42:17Z,v18e-clean48-tts-hn + v16c,hard_neg_isa_xtts,hard_negative,0.995,fpr,0.4333,60,,v18e-clean48-tts-hn + v16c
2026-04-27T23:42:17Z,v18e-clean48-tts-hn + v16c,hard_neg_isa_xtts,hard_negative,0.999,fpr,0.3500,60,,v18e-clean48-tts-hn + v16c
2026-04-27T23:42:17Z,v18e-clean48-tts-hn + v16c,hard_neg_canary,hard_negative,0.995,fpr,0.0000,5,,v18e-clean48-tts-hn + v16c
2026-04-27T23:42:17Z,v18e-clean48-tts-hn + v16c,hard_neg_canary,hard_negative,0.999,fpr,0.0000,5,,v18e-clean48-tts-hn + v16c
2026-04-27T23:42:17Z,v18e-clean48-tts-hn + v16c,neg_prefix_only_mattias_short,hard_negative,0.995,fpr,0.6176,34,,v18e-clean48-tts-hn + v16c
2026-04-27T23:42:17Z,v18e-clean48-tts-hn + v16c,neg_prefix_only_mattias_short,hard_negative,0.999,fpr,0.5882,34,,v18e-clean48-tts-hn + v16c
2026-04-27T23:42:17Z,v18e-clean48-tts-hn + v16c,neg_single_kratt_neurokone,hard_negative,0.995,fpr,0.0968,186,,v18e-clean48-tts-hn + v16c
2026-04-27T23:42:17Z,v18e-clean48-tts-hn + v16c,neg_single_kratt_neurokone,hard_negative,0.999,fpr,0.0645,186,,v18e-clean48-tts-hn + v16c
2026-04-27T23:42:17Z,v18e-clean48-tts-hn + v16c,neg_reversed_kratt_kuule,hard_negative,0.995,fpr,0.8281,64,,v18e-clean48-tts-hn + v16c
2026-04-27T23:42:17Z,v18e-clean48-tts-hn + v16c,neg_reversed_kratt_kuule,hard_negative,0.999,fpr,0.7812,64,,v18e-clean48-tts-hn + v16c
2026-04-27T23:42:17Z,v18e-clean48-tts-hn + v16c,neg_kuule_kule_confusables,hard_negative,0.995,fpr,0.8833,600,,v18e-clean48-tts-hn + v16c
2026-04-27T23:42:17Z,v18e-clean48-tts-hn + v16c,neg_kuule_kule_confusables,hard_negative,0.999,fpr,0.8567,600,,v18e-clean48-tts-hn + v16c
2026-04-27T23:42:17Z,v18e-clean48-tts-hn + v16c,faph_cv_et,ambient,0.995,faph,7.3285,2000,3.82,v18e-clean48-tts-hn + v16c
2026-04-27T23:42:17Z,v18e-clean48-tts-hn + v16c,faph_cv_et,ambient,0.999,faph,4.4495,2000,3.82,v18e-clean48-tts-hn + v16c
2026-04-27T23:42:17Z,v18e-clean48-tts-hn + v16c,faph_librispeech,ambient,0.995,faph,1.0673,2620,5.62,v18e-clean48-tts-hn + v16c
2026-04-27T23:42:17Z,v18e-clean48-tts-hn + v16c,faph_librispeech,ambient,0.999,faph,1.0673,2620,5.62,v18e-clean48-tts-hn + v16c
2026-04-27T23:42:17Z,v18e-clean48-tts-hn + v16c,faph_macbook_bg,ambient,0.995,faph,2.5691,14,1.17,v18e-clean48-tts-hn + v16c
2026-04-27T23:42:17Z,v18e-clean48-tts-hn + v16c,faph_macbook_bg,ambient,0.999,faph,1.7127,14,1.17,v18e-clean48-tts-hn + v16c
2026-04-27T23:42:17Z,v18e-clean48-tts-hn + v16c,faph_dipco,ambient,0.995,faph,1.5050,6,3.32,v18e-clean48-tts-hn + v16c
2026-04-27T23:42:17Z,v18e-clean48-tts-hn + v16c,faph_dipco,ambient,0.999,faph,1.2040,6,3.32,v18e-clean48-tts-hn + v16c
2026-04-27T23:42:17Z,v18f-clean48-tts-hn-fast + v16c,pos_isa_xtts,positive,0.995,recall,0.5208,48,,v18f-clean48-tts-hn-fast + v16c
2026-04-27T23:42:17Z,v18f-clean48-tts-hn-fast + v16c,pos_isa_xtts,positive,0.999,recall,0.5208,48,,v18f-clean48-tts-hn-fast + v16c
2026-04-27T23:42:17Z,v18f-clean48-tts-hn-fast + v16c,pos_ode,positive,0.995,recall,0.7273,11,,v18f-clean48-tts-hn-fast + v16c
2026-04-27T23:42:17Z,v18f-clean48-tts-hn-fast + v16c,pos_ode,positive,0.999,recall,0.7273,11,,v18f-clean48-tts-hn-fast + v16c
2026-04-27T23:42:17Z,v18f-clean48-tts-hn-fast + v16c,pos_mattias_short,positive,0.995,recall,0.8702,362,,v18f-clean48-tts-hn-fast + v16c
2026-04-27T23:42:17Z,v18f-clean48-tts-hn-fast + v16c,pos_mattias_short,positive,0.999,recall,0.8591,362,,v18f-clean48-tts-hn-fast + v16c
2026-04-27T23:42:17Z,v18f-clean48-tts-hn-fast + v16c,pos_friend1,positive,0.995,recall,0.6000,145,,v18f-clean48-tts-hn-fast + v16c
2026-04-27T23:42:17Z,v18f-clean48-tts-hn-fast + v16c,pos_friend1,positive,0.999,recall,0.5793,145,,v18f-clean48-tts-hn-fast + v16c
2026-04-27T23:42:17Z,v18f-clean48-tts-hn-fast + v16c,hard_neg_mac_holdout,hard_negative,0.995,fpr,0.4667,15,,v18f-clean48-tts-hn-fast + v16c
2026-04-27T23:42:17Z,v18f-clean48-tts-hn-fast + v16c,hard_neg_mac_holdout,hard_negative,0.999,fpr,0.4667,15,,v18f-clean48-tts-hn-fast + v16c
2026-04-27T23:42:17Z,v18f-clean48-tts-hn-fast + v16c,hard_neg_isa_xtts,hard_negative,0.995,fpr,0.3333,60,,v18f-clean48-tts-hn-fast + v16c
2026-04-27T23:42:17Z,v18f-clean48-tts-hn-fast + v16c,hard_neg_isa_xtts,hard_negative,0.999,fpr,0.2500,60,,v18f-clean48-tts-hn-fast + v16c
2026-04-27T23:42:17Z,v18f-clean48-tts-hn-fast + v16c,hard_neg_canary,hard_negative,0.995,fpr,0.0000,5,,v18f-clean48-tts-hn-fast + v16c
2026-04-27T23:42:17Z,v18f-clean48-tts-hn-fast + v16c,hard_neg_canary,hard_negative,0.999,fpr,0.0000,5,,v18f-clean48-tts-hn-fast + v16c
2026-04-27T23:42:17Z,v18f-clean48-tts-hn-fast + v16c,neg_prefix_only_mattias_short,hard_negative,0.995,fpr,0.6471,34,,v18f-clean48-tts-hn-fast + v16c
2026-04-27T23:42:17Z,v18f-clean48-tts-hn-fast + v16c,neg_prefix_only_mattias_short,hard_negative,0.999,fpr,0.6471,34,,v18f-clean48-tts-hn-fast + v16c
2026-04-27T23:42:17Z,v18f-clean48-tts-hn-fast + v16c,neg_single_kratt_neurokone,hard_negative,0.995,fpr,0.0914,186,,v18f-clean48-tts-hn-fast + v16c
2026-04-27T23:42:17Z,v18f-clean48-tts-hn-fast + v16c,neg_single_kratt_neurokone,hard_negative,0.999,fpr,0.0591,186,,v18f-clean48-tts-hn-fast + v16c
2026-04-27T23:42:17Z,v18f-clean48-tts-hn-fast + v16c,neg_reversed_kratt_kuule,hard_negative,0.995,fpr,0.7344,64,,v18f-clean48-tts-hn-fast + v16c
2026-04-27T23:42:17Z,v18f-clean48-tts-hn-fast + v16c,neg_reversed_kratt_kuule,hard_negative,0.999,fpr,0.6875,64,,v18f-clean48-tts-hn-fast + v16c
2026-04-27T23:42:17Z,v18f-clean48-tts-hn-fast + v16c,neg_kuule_kule_confusables,hard_negative,0.995,fpr,0.7867,600,,v18f-clean48-tts-hn-fast + v16c
2026-04-27T23:42:17Z,v18f-clean48-tts-hn-fast + v16c,neg_kuule_kule_confusables,hard_negative,0.999,fpr,0.7367,600,,v18f-clean48-tts-hn-fast + v16c
2026-04-27T23:42:17Z,v18f-clean48-tts-hn-fast + v16c,faph_cv_et,ambient,0.995,faph,5.7581,2000,3.82,v18f-clean48-tts-hn-fast + v16c
2026-04-27T23:42:17Z,v18f-clean48-tts-hn-fast + v16c,faph_cv_et,ambient,0.999,faph,2.8791,2000,3.82,v18f-clean48-tts-hn-fast + v16c
2026-04-27T23:42:17Z,v18f-clean48-tts-hn-fast + v16c,faph_librispeech,ambient,0.995,faph,0.7115,2620,5.62,v18f-clean48-tts-hn-fast + v16c
2026-04-27T23:42:17Z,v18f-clean48-tts-hn-fast + v16c,faph_librispeech,ambient,0.999,faph,0.7115,2620,5.62,v18f-clean48-tts-hn-fast + v16c
2026-04-27T23:42:17Z,v18f-clean48-tts-hn-fast + v16c,faph_macbook_bg,ambient,0.995,faph,3.4254,14,1.17,v18f-clean48-tts-hn-fast + v16c
2026-04-27T23:42:17Z,v18f-clean48-tts-hn-fast + v16c,faph_macbook_bg,ambient,0.999,faph,2.5691,14,1.17,v18f-clean48-tts-hn-fast + v16c
2026-04-27T23:42:17Z,v18f-clean48-tts-hn-fast + v16c,faph_dipco,ambient,0.995,faph,0.9030,6,3.32,v18f-clean48-tts-hn-fast + v16c
2026-04-27T23:42:17Z,v18f-clean48-tts-hn-fast + v16c,faph_dipco,ambient,0.999,faph,0.6020,6,3.32,v18f-clean48-tts-hn-fast + v16c
2026-04-27T23:42:17Z,v18a-clean48 + v18b-clean48-sa,pos_isa_xtts,positive,0.995,recall,0.9583,48,,v18a-clean48 + v18b-clean48-sa
2026-04-27T23:42:17Z,v18a-clean48 + v18b-clean48-sa,pos_isa_xtts,positive,0.999,recall,0.9375,48,,v18a-clean48 + v18b-clean48-sa
2026-04-27T23:42:17Z,v18a-clean48 + v18b-clean48-sa,pos_ode,positive,0.995,recall,0.9091,11,,v18a-clean48 + v18b-clean48-sa
2026-04-27T23:42:17Z,v18a-clean48 + v18b-clean48-sa,pos_ode,positive,0.999,recall,0.9091,11,,v18a-clean48 + v18b-clean48-sa
2026-04-27T23:42:17Z,v18a-clean48 + v18b-clean48-sa,pos_mattias_short,positive,0.995,recall,0.9890,362,,v18a-clean48 + v18b-clean48-sa
2026-04-27T23:42:17Z,v18a-clean48 + v18b-clean48-sa,pos_mattias_short,positive,0.999,recall,0.9890,362,,v18a-clean48 + v18b-clean48-sa
2026-04-27T23:42:17Z,v18a-clean48 + v18b-clean48-sa,pos_friend1,positive,0.995,recall,0.8690,145,,v18a-clean48 + v18b-clean48-sa
2026-04-27T23:42:17Z,v18a-clean48 + v18b-clean48-sa,pos_friend1,positive,0.999,recall,0.8552,145,,v18a-clean48 + v18b-clean48-sa
2026-04-27T23:42:17Z,v18a-clean48 + v18b-clean48-sa,hard_neg_mac_holdout,hard_negative,0.995,fpr,0.8000,15,,v18a-clean48 + v18b-clean48-sa
2026-04-27T23:42:17Z,v18a-clean48 + v18b-clean48-sa,hard_neg_mac_holdout,hard_negative,0.999,fpr,0.7333,15,,v18a-clean48 + v18b-clean48-sa
2026-04-27T23:42:17Z,v18a-clean48 + v18b-clean48-sa,hard_neg_isa_xtts,hard_negative,0.995,fpr,0.4833,60,,v18a-clean48 + v18b-clean48-sa
2026-04-27T23:42:17Z,v18a-clean48 + v18b-clean48-sa,hard_neg_isa_xtts,hard_negative,0.999,fpr,0.4167,60,,v18a-clean48 + v18b-clean48-sa
2026-04-27T23:42:17Z,v18a-clean48 + v18b-clean48-sa,hard_neg_canary,hard_negative,0.995,fpr,0.0000,5,,v18a-clean48 + v18b-clean48-sa
2026-04-27T23:42:17Z,v18a-clean48 + v18b-clean48-sa,hard_neg_canary,hard_negative,0.999,fpr,0.0000,5,,v18a-clean48 + v18b-clean48-sa
2026-04-27T23:42:17Z,v18a-clean48 + v18b-clean48-sa,neg_prefix_only_mattias_short,hard_negative,0.995,fpr,0.9706,34,,v18a-clean48 + v18b-clean48-sa
2026-04-27T23:42:17Z,v18a-clean48 + v18b-clean48-sa,neg_prefix_only_mattias_short,hard_negative,0.999,fpr,0.9706,34,,v18a-clean48 + v18b-clean48-sa
2026-04-27T23:42:17Z,v18a-clean48 + v18b-clean48-sa,neg_single_kratt_neurokone,hard_negative,0.995,fpr,0.9785,186,,v18a-clean48 + v18b-clean48-sa
2026-04-27T23:42:17Z,v18a-clean48 + v18b-clean48-sa,neg_single_kratt_neurokone,hard_negative,0.999,fpr,0.9785,186,,v18a-clean48 + v18b-clean48-sa
2026-04-27T23:42:17Z,v18a-clean48 + v18b-clean48-sa,neg_reversed_kratt_kuule,hard_negative,0.995,fpr,0.9688,64,,v18a-clean48 + v18b-clean48-sa
2026-04-27T23:42:17Z,v18a-clean48 + v18b-clean48-sa,neg_reversed_kratt_kuule,hard_negative,0.999,fpr,0.9531,64,,v18a-clean48 + v18b-clean48-sa
2026-04-27T23:42:17Z,v18a-clean48 + v18b-clean48-sa,neg_kuule_kule_confusables,hard_negative,0.995,fpr,0.9833,600,,v18a-clean48 + v18b-clean48-sa
2026-04-27T23:42:17Z,v18a-clean48 + v18b-clean48-sa,neg_kuule_kule_confusables,hard_negative,0.999,fpr,0.9700,600,,v18a-clean48 + v18b-clean48-sa
2026-04-27T23:42:17Z,v18a-clean48 + v18b-clean48-sa,faph_cv_et,ambient,0.995,faph,69.0976,2000,3.82,v18a-clean48 + v18b-clean48-sa
2026-04-27T23:42:17Z,v18a-clean48 + v18b-clean48-sa,faph_cv_et,ambient,0.999,faph,50.7763,2000,3.82,v18a-clean48 + v18b-clean48-sa
2026-04-27T23:42:17Z,v18a-clean48 + v18b-clean48-sa,faph_librispeech,ambient,0.995,faph,36.4658,2620,5.62,v18a-clean48 + v18b-clean48-sa
2026-04-27T23:42:17Z,v18a-clean48 + v18b-clean48-sa,faph_librispeech,ambient,0.999,faph,27.5717,2620,5.62,v18a-clean48 + v18b-clean48-sa
2026-04-27T23:42:17Z,v18a-clean48 + v18b-clean48-sa,faph_macbook_bg,ambient,0.995,faph,92.4871,14,1.17,v18a-clean48 + v18b-clean48-sa
2026-04-27T23:42:17Z,v18a-clean48 + v18b-clean48-sa,faph_macbook_bg,ambient,0.999,faph,67.6526,14,1.17,v18a-clean48 + v18b-clean48-sa
2026-04-27T23:42:17Z,v18a-clean48 + v18b-clean48-sa,faph_dipco,ambient,0.995,faph,22.8755,6,3.32,v18a-clean48 + v18b-clean48-sa
2026-04-27T23:42:17Z,v18a-clean48 + v18b-clean48-sa,faph_dipco,ambient,0.999,faph,16.8557,6,3.32,v18a-clean48 + v18b-clean48-sa
2026-04-27T23:42:17Z,v18e-clean48-tts-hn + v18f-clean48-tts-hn-fast,pos_isa_xtts,positive,0.995,recall,0.4792,48,,v18e-clean48-tts-hn + v18f-clean48-tts-hn-fast
2026-04-27T23:42:17Z,v18e-clean48-tts-hn + v18f-clean48-tts-hn-fast,pos_isa_xtts,positive,0.999,recall,0.4583,48,,v18e-clean48-tts-hn + v18f-clean48-tts-hn-fast
2026-04-27T23:42:17Z,v18e-clean48-tts-hn + v18f-clean48-tts-hn-fast,pos_ode,positive,0.995,recall,0.8182,11,,v18e-clean48-tts-hn + v18f-clean48-tts-hn-fast
2026-04-27T23:42:17Z,v18e-clean48-tts-hn + v18f-clean48-tts-hn-fast,pos_ode,positive,0.999,recall,0.7273,11,,v18e-clean48-tts-hn + v18f-clean48-tts-hn-fast
2026-04-27T23:42:17Z,v18e-clean48-tts-hn + v18f-clean48-tts-hn-fast,pos_mattias_short,positive,0.995,recall,0.9558,362,,v18e-clean48-tts-hn + v18f-clean48-tts-hn-fast
2026-04-27T23:42:17Z,v18e-clean48-tts-hn + v18f-clean48-tts-hn-fast,pos_mattias_short,positive,0.999,recall,0.9475,362,,v18e-clean48-tts-hn + v18f-clean48-tts-hn-fast
2026-04-27T23:42:17Z,v18e-clean48-tts-hn + v18f-clean48-tts-hn-fast,pos_friend1,positive,0.995,recall,0.6207,145,,v18e-clean48-tts-hn + v18f-clean48-tts-hn-fast
2026-04-27T23:42:17Z,v18e-clean48-tts-hn + v18f-clean48-tts-hn-fast,pos_friend1,positive,0.999,recall,0.5862,145,,v18e-clean48-tts-hn + v18f-clean48-tts-hn-fast
2026-04-27T23:42:17Z,v18e-clean48-tts-hn + v18f-clean48-tts-hn-fast,hard_neg_mac_holdout,hard_negative,0.995,fpr,0.2667,15,,v18e-clean48-tts-hn + v18f-clean48-tts-hn-fast
2026-04-27T23:42:17Z,v18e-clean48-tts-hn + v18f-clean48-tts-hn-fast,hard_neg_mac_holdout,hard_negative,0.999,fpr,0.2667,15,,v18e-clean48-tts-hn + v18f-clean48-tts-hn-fast
2026-04-27T23:42:17Z,v18e-clean48-tts-hn + v18f-clean48-tts-hn-fast,hard_neg_isa_xtts,hard_negative,0.995,fpr,0.2333,60,,v18e-clean48-tts-hn + v18f-clean48-tts-hn-fast
2026-04-27T23:42:17Z,v18e-clean48-tts-hn + v18f-clean48-tts-hn-fast,hard_neg_isa_xtts,hard_negative,0.999,fpr,0.1667,60,,v18e-clean48-tts-hn + v18f-clean48-tts-hn-fast
2026-04-27T23:42:17Z,v18e-clean48-tts-hn + v18f-clean48-tts-hn-fast,hard_neg_canary,hard_negative,0.995,fpr,0.0000,5,,v18e-clean48-tts-hn + v18f-clean48-tts-hn-fast
2026-04-27T23:42:17Z,v18e-clean48-tts-hn + v18f-clean48-tts-hn-fast,hard_neg_canary,hard_negative,0.999,fpr,0.0000,5,,v18e-clean48-tts-hn + v18f-clean48-tts-hn-fast
2026-04-27T23:42:17Z,v18e-clean48-tts-hn + v18f-clean48-tts-hn-fast,neg_prefix_only_mattias_short,hard_negative,0.995,fpr,0.8529,34,,v18e-clean48-tts-hn + v18f-clean48-tts-hn-fast
2026-04-27T23:42:17Z,v18e-clean48-tts-hn + v18f-clean48-tts-hn-fast,neg_prefix_only_mattias_short,hard_negative,0.999,fpr,0.7941,34,,v18e-clean48-tts-hn + v18f-clean48-tts-hn-fast
2026-04-27T23:42:17Z,v18e-clean48-tts-hn + v18f-clean48-tts-hn-fast,neg_single_kratt_neurokone,hard_negative,0.995,fpr,0.7634,186,,v18e-clean48-tts-hn + v18f-clean48-tts-hn-fast
2026-04-27T23:42:17Z,v18e-clean48-tts-hn + v18f-clean48-tts-hn-fast,neg_single_kratt_neurokone,hard_negative,0.999,fpr,0.7151,186,,v18e-clean48-tts-hn + v18f-clean48-tts-hn-fast
2026-04-27T23:42:17Z,v18e-clean48-tts-hn + v18f-clean48-tts-hn-fast,neg_reversed_kratt_kuule,hard_negative,0.995,fpr,0.7812,64,,v18e-clean48-tts-hn + v18f-clean48-tts-hn-fast
2026-04-27T23:42:17Z,v18e-clean48-tts-hn + v18f-clean48-tts-hn-fast,neg_reversed_kratt_kuule,hard_negative,0.999,fpr,0.7031,64,,v18e-clean48-tts-hn + v18f-clean48-tts-hn-fast
2026-04-27T23:42:17Z,v18e-clean48-tts-hn + v18f-clean48-tts-hn-fast,neg_kuule_kule_confusables,hard_negative,0.995,fpr,0.7350,600,,v18e-clean48-tts-hn + v18f-clean48-tts-hn-fast
2026-04-27T23:42:17Z,v18e-clean48-tts-hn + v18f-clean48-tts-hn-fast,neg_kuule_kule_confusables,hard_negative,0.999,fpr,0.6867,600,,v18e-clean48-tts-hn + v18f-clean48-tts-hn-fast
2026-04-27T23:42:17Z,v18e-clean48-tts-hn + v18f-clean48-tts-hn-fast,faph_cv_et,ambient,0.995,faph,80.6139,2000,3.82,v18e-clean48-tts-hn + v18f-clean48-tts-hn-fast
2026-04-27T23:42:17Z,v18e-clean48-tts-hn + v18f-clean48-tts-hn-fast,faph_cv_et,ambient,0.999,faph,54.7023,2000,3.82,v18e-clean48-tts-hn + v18f-clean48-tts-hn-fast
2026-04-27T23:42:17Z,v18e-clean48-tts-hn + v18f-clean48-tts-hn-fast,faph_librispeech,ambient,0.995,faph,33.9755,2620,5.62,v18e-clean48-tts-hn + v18f-clean48-tts-hn-fast
2026-04-27T23:42:17Z,v18e-clean48-tts-hn + v18f-clean48-tts-hn-fast,faph_librispeech,ambient,0.999,faph,25.4371,2620,5.62,v18e-clean48-tts-hn + v18f-clean48-tts-hn-fast
2026-04-27T23:42:17Z,v18e-clean48-tts-hn + v18f-clean48-tts-hn-fast,faph_macbook_bg,ambient,0.995,faph,116.4652,14,1.17,v18e-clean48-tts-hn + v18f-clean48-tts-hn-fast
2026-04-27T23:42:17Z,v18e-clean48-tts-hn + v18f-clean48-tts-hn-fast,faph_macbook_bg,ambient,0.999,faph,89.0616,14,1.17,v18e-clean48-tts-hn + v18f-clean48-tts-hn-fast
2026-04-27T23:42:17Z,v18e-clean48-tts-hn + v18f-clean48-tts-hn-fast,faph_dipco,ambient,0.995,faph,33.4103,6,3.32,v18e-clean48-tts-hn + v18f-clean48-tts-hn-fast
2026-04-27T23:42:17Z,v18e-clean48-tts-hn + v18f-clean48-tts-hn-fast,faph_dipco,ambient,0.999,faph,24.0795,6,3.32,v18e-clean48-tts-hn + v18f-clean48-tts-hn-fast
2026-04-29T17:44:07Z,checkpoint-faph-v18d-clean96-pw96x4,pos_isa_xtts,positive,0.97,recall,0.0417,48,,
2026-04-29T17:44:07Z,checkpoint-faph-v18d-clean96-pw96x4,pos_isa_xtts,positive,0.99,recall,0.0417,48,,
2026-04-29T17:44:07Z,checkpoint-faph-v18d-clean96-pw96x4,pos_isa_xtts,positive,0.995,recall,0.0417,48,,
2026-04-29T17:44:07Z,checkpoint-faph-v18d-clean96-pw96x4,pos_isa_xtts,positive,0.996,recall,0.0417,48,,
2026-04-29T17:44:07Z,checkpoint-faph-v18d-clean96-pw96x4,pos_isa_xtts,positive,0.999,recall,0.0417,48,,
2026-04-29T17:44:07Z,checkpoint-faph-v18d-clean96-pw96x4,pos_ode,positive,0.97,recall,0.5455,11,,
2026-04-29T17:44:07Z,checkpoint-faph-v18d-clean96-pw96x4,pos_ode,positive,0.99,recall,0.0909,11,,
2026-04-29T17:44:07Z,checkpoint-faph-v18d-clean96-pw96x4,pos_ode,positive,0.995,recall,0.0000,11,,
2026-04-29T17:44:07Z,checkpoint-faph-v18d-clean96-pw96x4,pos_ode,positive,0.996,recall,0.0000,11,,
2026-04-29T17:44:07Z,checkpoint-faph-v18d-clean96-pw96x4,pos_ode,positive,0.999,recall,0.0000,11,,
2026-04-29T17:44:07Z,checkpoint-faph-v18d-clean96-pw96x4,pos_mattias_short,positive,0.97,recall,0.7624,362,,
2026-04-29T17:44:07Z,checkpoint-faph-v18d-clean96-pw96x4,pos_mattias_short,positive,0.99,recall,0.6547,362,,
2026-04-29T17:44:07Z,checkpoint-faph-v18d-clean96-pw96x4,pos_mattias_short,positive,0.995,recall,0.6050,362,,
2026-04-29T17:44:07Z,checkpoint-faph-v18d-clean96-pw96x4,pos_mattias_short,positive,0.996,recall,0.5939,362,,
2026-04-29T17:44:07Z,checkpoint-faph-v18d-clean96-pw96x4,pos_mattias_short,positive,0.999,recall,0.5331,362,,
2026-04-29T17:44:07Z,checkpoint-faph-v18d-clean96-pw96x4,pos_friend1,positive,0.97,recall,0.0483,145,,
2026-04-29T17:44:07Z,checkpoint-faph-v18d-clean96-pw96x4,pos_friend1,positive,0.99,recall,0.0069,145,,
2026-04-29T17:44:07Z,checkpoint-faph-v18d-clean96-pw96x4,pos_friend1,positive,0.995,recall,0.0069,145,,
2026-04-29T17:44:07Z,checkpoint-faph-v18d-clean96-pw96x4,pos_friend1,positive,0.996,recall,0.0069,145,,
2026-04-29T17:44:07Z,checkpoint-faph-v18d-clean96-pw96x4,pos_friend1,positive,0.999,recall,0.0069,145,,
2026-04-29T17:44:07Z,checkpoint-faph-v18d-clean96-pw96x4,hard_neg_mac_holdout,hard_negative,0.97,fpr,0.3333,15,,
2026-04-29T17:44:07Z,checkpoint-faph-v18d-clean96-pw96x4,hard_neg_mac_holdout,hard_negative,0.99,fpr,0.2667,15,,
2026-04-29T17:44:07Z,checkpoint-faph-v18d-clean96-pw96x4,hard_neg_mac_holdout,hard_negative,0.995,fpr,0.2000,15,,
2026-04-29T17:44:07Z,checkpoint-faph-v18d-clean96-pw96x4,hard_neg_mac_holdout,hard_negative,0.996,fpr,0.2000,15,,
2026-04-29T17:44:07Z,checkpoint-faph-v18d-clean96-pw96x4,hard_neg_mac_holdout,hard_negative,0.999,fpr,0.2000,15,,
2026-04-29T17:44:07Z,checkpoint-faph-v18d-clean96-pw96x4,hard_neg_isa_xtts,hard_negative,0.97,fpr,0.0000,60,,
2026-04-29T17:44:07Z,checkpoint-faph-v18d-clean96-pw96x4,hard_neg_isa_xtts,hard_negative,0.99,fpr,0.0000,60,,
2026-04-29T17:44:07Z,checkpoint-faph-v18d-clean96-pw96x4,hard_neg_isa_xtts,hard_negative,0.995,fpr,0.0000,60,,
2026-04-29T17:44:07Z,checkpoint-faph-v18d-clean96-pw96x4,hard_neg_isa_xtts,hard_negative,0.996,fpr,0.0000,60,,
2026-04-29T17:44:07Z,checkpoint-faph-v18d-clean96-pw96x4,hard_neg_isa_xtts,hard_negative,0.999,fpr,0.0000,60,,
2026-04-29T17:44:07Z,checkpoint-faph-v18d-clean96-pw96x4,hard_neg_canary,hard_negative,0.97,fpr,0.0000,5,,
2026-04-29T17:44:07Z,checkpoint-faph-v18d-clean96-pw96x4,hard_neg_canary,hard_negative,0.99,fpr,0.0000,5,,
2026-04-29T17:44:07Z,checkpoint-faph-v18d-clean96-pw96x4,hard_neg_canary,hard_negative,0.995,fpr,0.0000,5,,
2026-04-29T17:44:07Z,checkpoint-faph-v18d-clean96-pw96x4,hard_neg_canary,hard_negative,0.996,fpr,0.0000,5,,
2026-04-29T17:44:07Z,checkpoint-faph-v18d-clean96-pw96x4,hard_neg_canary,hard_negative,0.999,fpr,0.0000,5,,
2026-04-29T17:44:07Z,checkpoint-faph-v18d-clean96-pw96x4,neg_prefix_only_mattias_short,hard_negative,0.97,fpr,0.8000,220,,
2026-04-29T17:44:07Z,checkpoint-faph-v18d-clean96-pw96x4,neg_prefix_only_mattias_short,hard_negative,0.99,fpr,0.7136,220,,
2026-04-29T17:44:07Z,checkpoint-faph-v18d-clean96-pw96x4,neg_prefix_only_mattias_short,hard_negative,0.995,fpr,0.6727,220,,
2026-04-29T17:44:07Z,checkpoint-faph-v18d-clean96-pw96x4,neg_prefix_only_mattias_short,hard_negative,0.996,fpr,0.6682,220,,
2026-04-29T17:44:07Z,checkpoint-faph-v18d-clean96-pw96x4,neg_prefix_only_mattias_short,hard_negative,0.999,fpr,0.5909,220,,
2026-04-29T17:44:07Z,checkpoint-faph-v18d-clean96-pw96x4,neg_single_kratt_neurokone,hard_negative,0.97,fpr,0.6882,186,,
2026-04-29T17:44:07Z,checkpoint-faph-v18d-clean96-pw96x4,neg_single_kratt_neurokone,hard_negative,0.99,fpr,0.4946,186,,
2026-04-29T17:44:07Z,checkpoint-faph-v18d-clean96-pw96x4,neg_single_kratt_neurokone,hard_negative,0.995,fpr,0.3065,186,,
2026-04-29T17:44:07Z,checkpoint-faph-v18d-clean96-pw96x4,neg_single_kratt_neurokone,hard_negative,0.996,fpr,0.2957,186,,
2026-04-29T17:44:07Z,checkpoint-faph-v18d-clean96-pw96x4,neg_single_kratt_neurokone,hard_negative,0.999,fpr,0.1667,186,,
2026-04-29T17:44:07Z,checkpoint-faph-v18d-clean96-pw96x4,neg_reversed_kratt_kuule,hard_negative,0.97,fpr,0.7031,64,,
2026-04-29T17:44:07Z,checkpoint-faph-v18d-clean96-pw96x4,neg_reversed_kratt_kuule,hard_negative,0.99,fpr,0.4219,64,,
2026-04-29T17:44:07Z,checkpoint-faph-v18d-clean96-pw96x4,neg_reversed_kratt_kuule,hard_negative,0.995,fpr,0.2969,64,,
2026-04-29T17:44:07Z,checkpoint-faph-v18d-clean96-pw96x4,neg_reversed_kratt_kuule,hard_negative,0.996,fpr,0.2812,64,,
2026-04-29T17:44:07Z,checkpoint-faph-v18d-clean96-pw96x4,neg_reversed_kratt_kuule,hard_negative,0.999,fpr,0.1875,64,,
2026-04-29T17:44:07Z,checkpoint-faph-v18d-clean96-pw96x4,neg_kuule_kule_confusables,hard_negative,0.97,fpr,0.5933,600,,
2026-04-29T17:44:07Z,checkpoint-faph-v18d-clean96-pw96x4,neg_kuule_kule_confusables,hard_negative,0.99,fpr,0.3367,600,,
2026-04-29T17:44:07Z,checkpoint-faph-v18d-clean96-pw96x4,neg_kuule_kule_confusables,hard_negative,0.995,fpr,0.2450,600,,
2026-04-29T17:44:07Z,checkpoint-faph-v18d-clean96-pw96x4,neg_kuule_kule_confusables,hard_negative,0.996,fpr,0.2317,600,,
2026-04-29T17:44:07Z,checkpoint-faph-v18d-clean96-pw96x4,neg_kuule_kule_confusables,hard_negative,0.999,fpr,0.1800,600,,
2026-04-29T17:44:07Z,checkpoint-faph-v18d-clean96-pw96x4,faph_cv_et,ambient,0.97,faph,5.7581,2000,3.82,
2026-04-29T17:44:07Z,checkpoint-faph-v18d-clean96-pw96x4,faph_cv_et,ambient,0.99,faph,2.3556,2000,3.82,
2026-04-29T17:44:07Z,checkpoint-faph-v18d-clean96-pw96x4,faph_cv_et,ambient,0.995,faph,1.3087,2000,3.82,
2026-04-29T17:44:07Z,checkpoint-faph-v18d-clean96-pw96x4,faph_cv_et,ambient,0.996,faph,0.7852,2000,3.82,
2026-04-29T17:44:07Z,checkpoint-faph-v18d-clean96-pw96x4,faph_cv_et,ambient,0.999,faph,0.5235,2000,3.82,
2026-04-29T17:44:07Z,checkpoint-faph-v18d-clean96-pw96x4,faph_librispeech,ambient,0.97,faph,3.3798,2620,5.62,
2026-04-29T17:44:07Z,checkpoint-faph-v18d-clean96-pw96x4,faph_librispeech,ambient,0.99,faph,1.0673,2620,5.62,
2026-04-29T17:44:07Z,checkpoint-faph-v18d-clean96-pw96x4,faph_librispeech,ambient,0.995,faph,0.8894,2620,5.62,
2026-04-29T17:44:07Z,checkpoint-faph-v18d-clean96-pw96x4,faph_librispeech,ambient,0.996,faph,0.8894,2620,5.62,
2026-04-29T17:44:07Z,checkpoint-faph-v18d-clean96-pw96x4,faph_librispeech,ambient,0.999,faph,0.3558,2620,5.62,
2026-04-29T17:44:07Z,checkpoint-faph-v18d-clean96-pw96x4,faph_macbook_bg,ambient,0.97,faph,4.2818,14,1.17,
2026-04-29T17:44:07Z,checkpoint-faph-v18d-clean96-pw96x4,faph_macbook_bg,ambient,0.99,faph,0.8564,14,1.17,
2026-04-29T17:44:07Z,checkpoint-faph-v18d-clean96-pw96x4,faph_macbook_bg,ambient,0.995,faph,0.8564,14,1.17,
2026-04-29T17:44:07Z,checkpoint-faph-v18d-clean96-pw96x4,faph_macbook_bg,ambient,0.996,faph,0.8564,14,1.17,
2026-04-29T17:44:07Z,checkpoint-faph-v18d-clean96-pw96x4,faph_macbook_bg,ambient,0.999,faph,0.8564,14,1.17,
2026-04-29T17:44:07Z,checkpoint-faph-v18d-clean96-pw96x4,faph_dipco,ambient,0.97,faph,0.6020,6,3.32,
2026-04-29T17:44:07Z,checkpoint-faph-v18d-clean96-pw96x4,faph_dipco,ambient,0.99,faph,0.6020,6,3.32,
2026-04-29T17:44:07Z,checkpoint-faph-v18d-clean96-pw96x4,faph_dipco,ambient,0.995,faph,0.6020,6,3.32,
2026-04-29T17:44:07Z,checkpoint-faph-v18d-clean96-pw96x4,faph_dipco,ambient,0.996,faph,0.6020,6,3.32,
2026-04-29T17:44:07Z,checkpoint-faph-v18d-clean96-pw96x4,faph_dipco,ambient,0.999,faph,0.0000,6,3.32,
2026-04-29T17:44:07Z,checkpoint-faph10-v18d-clean96-pw96x4,pos_isa_xtts,positive,0.97,recall,0.8125,48,,
2026-04-29T17:44:07Z,checkpoint-faph10-v18d-clean96-pw96x4,pos_isa_xtts,positive,0.99,recall,0.7500,48,,
2026-04-29T17:44:07Z,checkpoint-faph10-v18d-clean96-pw96x4,pos_isa_xtts,positive,0.995,recall,0.7292,48,,
2026-04-29T17:44:07Z,checkpoint-faph10-v18d-clean96-pw96x4,pos_isa_xtts,positive,0.996,recall,0.7292,48,,
2026-04-29T17:44:07Z,checkpoint-faph10-v18d-clean96-pw96x4,pos_isa_xtts,positive,0.999,recall,0.7292,48,,
2026-04-29T17:44:07Z,checkpoint-faph10-v18d-clean96-pw96x4,pos_ode,positive,0.97,recall,1.0000,11,,
2026-04-29T17:44:07Z,checkpoint-faph10-v18d-clean96-pw96x4,pos_ode,positive,0.99,recall,1.0000,11,,
2026-04-29T17:44:07Z,checkpoint-faph10-v18d-clean96-pw96x4,pos_ode,positive,0.995,recall,1.0000,11,,
2026-04-29T17:44:07Z,checkpoint-faph10-v18d-clean96-pw96x4,pos_ode,positive,0.996,recall,1.0000,11,,
2026-04-29T17:44:07Z,checkpoint-faph10-v18d-clean96-pw96x4,pos_ode,positive,0.999,recall,1.0000,11,,
2026-04-29T17:44:07Z,checkpoint-faph10-v18d-clean96-pw96x4,pos_mattias_short,positive,0.97,recall,0.7486,362,,
2026-04-29T17:44:07Z,checkpoint-faph10-v18d-clean96-pw96x4,pos_mattias_short,positive,0.99,recall,0.7293,362,,
2026-04-29T17:44:07Z,checkpoint-faph10-v18d-clean96-pw96x4,pos_mattias_short,positive,0.995,recall,0.7265,362,,
2026-04-29T17:44:07Z,checkpoint-faph10-v18d-clean96-pw96x4,pos_mattias_short,positive,0.996,recall,0.7265,362,,
2026-04-29T17:44:07Z,checkpoint-faph10-v18d-clean96-pw96x4,pos_mattias_short,positive,0.999,recall,0.7099,362,,
2026-04-29T17:44:07Z,checkpoint-faph10-v18d-clean96-pw96x4,pos_friend1,positive,0.97,recall,0.2759,145,,
2026-04-29T17:44:07Z,checkpoint-faph10-v18d-clean96-pw96x4,pos_friend1,positive,0.99,recall,0.2276,145,,
2026-04-29T17:44:07Z,checkpoint-faph10-v18d-clean96-pw96x4,pos_friend1,positive,0.995,recall,0.2207,145,,
2026-04-29T17:44:07Z,checkpoint-faph10-v18d-clean96-pw96x4,pos_friend1,positive,0.996,recall,0.2207,145,,
2026-04-29T17:44:07Z,checkpoint-faph10-v18d-clean96-pw96x4,pos_friend1,positive,0.999,recall,0.1655,145,,
2026-04-29T17:44:07Z,checkpoint-faph10-v18d-clean96-pw96x4,hard_neg_mac_holdout,hard_negative,0.97,fpr,0.8000,15,,
2026-04-29T17:44:07Z,checkpoint-faph10-v18d-clean96-pw96x4,hard_neg_mac_holdout,hard_negative,0.99,fpr,0.8000,15,,
2026-04-29T17:44:07Z,checkpoint-faph10-v18d-clean96-pw96x4,hard_neg_mac_holdout,hard_negative,0.995,fpr,0.8000,15,,
2026-04-29T17:44:07Z,checkpoint-faph10-v18d-clean96-pw96x4,hard_neg_mac_holdout,hard_negative,0.996,fpr,0.8000,15,,
2026-04-29T17:44:07Z,checkpoint-faph10-v18d-clean96-pw96x4,hard_neg_mac_holdout,hard_negative,0.999,fpr,0.7333,15,,
2026-04-29T17:44:07Z,checkpoint-faph10-v18d-clean96-pw96x4,hard_neg_isa_xtts,hard_negative,0.97,fpr,0.4333,60,,
2026-04-29T17:44:07Z,checkpoint-faph10-v18d-clean96-pw96x4,hard_neg_isa_xtts,hard_negative,0.99,fpr,0.3500,60,,
2026-04-29T17:44:07Z,checkpoint-faph10-v18d-clean96-pw96x4,hard_neg_isa_xtts,hard_negative,0.995,fpr,0.3500,60,,
2026-04-29T17:44:07Z,checkpoint-faph10-v18d-clean96-pw96x4,hard_neg_isa_xtts,hard_negative,0.996,fpr,0.3500,60,,
2026-04-29T17:44:07Z,checkpoint-faph10-v18d-clean96-pw96x4,hard_neg_isa_xtts,hard_negative,0.999,fpr,0.3167,60,,
2026-04-29T17:44:07Z,checkpoint-faph10-v18d-clean96-pw96x4,hard_neg_canary,hard_negative,0.97,fpr,0.0000,5,,
2026-04-29T17:44:07Z,checkpoint-faph10-v18d-clean96-pw96x4,hard_neg_canary,hard_negative,0.99,fpr,0.0000,5,,
2026-04-29T17:44:07Z,checkpoint-faph10-v18d-clean96-pw96x4,hard_neg_canary,hard_negative,0.995,fpr,0.0000,5,,
2026-04-29T17:44:07Z,checkpoint-faph10-v18d-clean96-pw96x4,hard_neg_canary,hard_negative,0.996,fpr,0.0000,5,,
2026-04-29T17:44:07Z,checkpoint-faph10-v18d-clean96-pw96x4,hard_neg_canary,hard_negative,0.999,fpr,0.0000,5,,
2026-04-29T17:44:07Z,checkpoint-faph10-v18d-clean96-pw96x4,neg_prefix_only_mattias_short,hard_negative,0.97,fpr,0.6182,220,,
2026-04-29T17:44:07Z,checkpoint-faph10-v18d-clean96-pw96x4,neg_prefix_only_mattias_short,hard_negative,0.99,fpr,0.5909,220,,
2026-04-29T17:44:07Z,checkpoint-faph10-v18d-clean96-pw96x4,neg_prefix_only_mattias_short,hard_negative,0.995,fpr,0.5864,220,,
2026-04-29T17:44:07Z,checkpoint-faph10-v18d-clean96-pw96x4,neg_prefix_only_mattias_short,hard_negative,0.996,fpr,0.5864,220,,
2026-04-29T17:44:07Z,checkpoint-faph10-v18d-clean96-pw96x4,neg_prefix_only_mattias_short,hard_negative,0.999,fpr,0.5591,220,,
2026-04-29T17:44:07Z,checkpoint-faph10-v18d-clean96-pw96x4,neg_single_kratt_neurokone,hard_negative,0.97,fpr,0.9247,186,,
2026-04-29T17:44:07Z,checkpoint-faph10-v18d-clean96-pw96x4,neg_single_kratt_neurokone,hard_negative,0.99,fpr,0.8763,186,,
2026-04-29T17:44:07Z,checkpoint-faph10-v18d-clean96-pw96x4,neg_single_kratt_neurokone,hard_negative,0.995,fpr,0.8602,186,,
2026-04-29T17:44:07Z,checkpoint-faph10-v18d-clean96-pw96x4,neg_single_kratt_neurokone,hard_negative,0.996,fpr,0.8602,186,,
2026-04-29T17:44:07Z,checkpoint-faph10-v18d-clean96-pw96x4,neg_single_kratt_neurokone,hard_negative,0.999,fpr,0.8118,186,,
2026-04-29T17:44:07Z,checkpoint-faph10-v18d-clean96-pw96x4,neg_reversed_kratt_kuule,hard_negative,0.97,fpr,0.8750,64,,
2026-04-29T17:44:07Z,checkpoint-faph10-v18d-clean96-pw96x4,neg_reversed_kratt_kuule,hard_negative,0.99,fpr,0.8438,64,,
2026-04-29T17:44:07Z,checkpoint-faph10-v18d-clean96-pw96x4,neg_reversed_kratt_kuule,hard_negative,0.995,fpr,0.8438,64,,
2026-04-29T17:44:07Z,checkpoint-faph10-v18d-clean96-pw96x4,neg_reversed_kratt_kuule,hard_negative,0.996,fpr,0.8438,64,,
2026-04-29T17:44:07Z,checkpoint-faph10-v18d-clean96-pw96x4,neg_reversed_kratt_kuule,hard_negative,0.999,fpr,0.7969,64,,
2026-04-29T17:44:07Z,checkpoint-faph10-v18d-clean96-pw96x4,neg_kuule_kule_confusables,hard_negative,0.97,fpr,0.8950,600,,
2026-04-29T17:44:07Z,checkpoint-faph10-v18d-clean96-pw96x4,neg_kuule_kule_confusables,hard_negative,0.99,fpr,0.8733,600,,
2026-04-29T17:44:07Z,checkpoint-faph10-v18d-clean96-pw96x4,neg_kuule_kule_confusables,hard_negative,0.995,fpr,0.8583,600,,
2026-04-29T17:44:07Z,checkpoint-faph10-v18d-clean96-pw96x4,neg_kuule_kule_confusables,hard_negative,0.996,fpr,0.8567,600,,
2026-04-29T17:44:07Z,checkpoint-faph10-v18d-clean96-pw96x4,neg_kuule_kule_confusables,hard_negative,0.999,fpr,0.8300,600,,
2026-04-29T17:44:07Z,checkpoint-faph10-v18d-clean96-pw96x4,faph_cv_et,ambient,0.97,faph,13.0867,2000,3.82,
2026-04-29T17:44:07Z,checkpoint-faph10-v18d-clean96-pw96x4,faph_cv_et,ambient,0.99,faph,7.3285,2000,3.82,
2026-04-29T17:44:07Z,checkpoint-faph10-v18d-clean96-pw96x4,faph_cv_et,ambient,0.995,faph,4.1877,2000,3.82,
2026-04-29T17:44:07Z,checkpoint-faph10-v18d-clean96-pw96x4,faph_cv_et,ambient,0.996,faph,4.1877,2000,3.82,
2026-04-29T17:44:07Z,checkpoint-faph10-v18d-clean96-pw96x4,faph_cv_et,ambient,0.999,faph,3.1408,2000,3.82,
2026-04-29T17:44:07Z,checkpoint-faph10-v18d-clean96-pw96x4,faph_librispeech,ambient,0.97,faph,5.3365,2620,5.62,
2026-04-29T17:44:07Z,checkpoint-faph10-v18d-clean96-pw96x4,faph_librispeech,ambient,0.99,faph,3.7355,2620,5.62,
2026-04-29T17:44:07Z,checkpoint-faph10-v18d-clean96-pw96x4,faph_librispeech,ambient,0.995,faph,3.0240,2620,5.62,
2026-04-29T17:44:07Z,checkpoint-faph10-v18d-clean96-pw96x4,faph_librispeech,ambient,0.996,faph,2.8461,2620,5.62,
2026-04-29T17:44:07Z,checkpoint-faph10-v18d-clean96-pw96x4,faph_librispeech,ambient,0.999,faph,2.4903,2620,5.62,
2026-04-29T17:44:07Z,checkpoint-faph10-v18d-clean96-pw96x4,faph_macbook_bg,ambient,0.97,faph,23.9781,14,1.17,
2026-04-29T17:44:07Z,checkpoint-faph10-v18d-clean96-pw96x4,faph_macbook_bg,ambient,0.99,faph,12.8454,14,1.17,
2026-04-29T17:44:07Z,checkpoint-faph10-v18d-clean96-pw96x4,faph_macbook_bg,ambient,0.995,faph,9.4200,14,1.17,
2026-04-29T17:44:07Z,checkpoint-faph10-v18d-clean96-pw96x4,faph_macbook_bg,ambient,0.996,faph,9.4200,14,1.17,
2026-04-29T17:44:07Z,checkpoint-faph10-v18d-clean96-pw96x4,faph_macbook_bg,ambient,0.999,faph,5.9945,14,1.17,
2026-04-29T17:44:07Z,checkpoint-faph10-v18d-clean96-pw96x4,faph_dipco,ambient,0.97,faph,3.0099,6,3.32,
2026-04-29T17:44:07Z,checkpoint-faph10-v18d-clean96-pw96x4,faph_dipco,ambient,0.99,faph,1.8060,6,3.32,
2026-04-29T17:44:07Z,checkpoint-faph10-v18d-clean96-pw96x4,faph_dipco,ambient,0.995,faph,0.6020,6,3.32,
2026-04-29T17:44:07Z,checkpoint-faph10-v18d-clean96-pw96x4,faph_dipco,ambient,0.996,faph,0.6020,6,3.32,
2026-04-29T17:44:07Z,checkpoint-faph10-v18d-clean96-pw96x4,faph_dipco,ambient,0.999,faph,0.6020,6,3.32,
2026-04-29T17:44:07Z,checkpoint-faph20-v18d-clean96-pw96x4,pos_isa_xtts,positive,0.97,recall,0.7500,48,,
2026-04-29T17:44:07Z,checkpoint-faph20-v18d-clean96-pw96x4,pos_isa_xtts,positive,0.99,recall,0.7292,48,,
2026-04-29T17:44:07Z,checkpoint-faph20-v18d-clean96-pw96x4,pos_isa_xtts,positive,0.995,recall,0.7292,48,,
2026-04-29T17:44:07Z,checkpoint-faph20-v18d-clean96-pw96x4,pos_isa_xtts,positive,0.996,recall,0.7292,48,,
2026-04-29T17:44:07Z,checkpoint-faph20-v18d-clean96-pw96x4,pos_isa_xtts,positive,0.999,recall,0.6667,48,,
2026-04-29T17:44:07Z,checkpoint-faph20-v18d-clean96-pw96x4,pos_ode,positive,0.97,recall,0.9091,11,,
2026-04-29T17:44:07Z,checkpoint-faph20-v18d-clean96-pw96x4,pos_ode,positive,0.99,recall,0.9091,11,,
2026-04-29T17:44:07Z,checkpoint-faph20-v18d-clean96-pw96x4,pos_ode,positive,0.995,recall,0.9091,11,,
2026-04-29T17:44:07Z,checkpoint-faph20-v18d-clean96-pw96x4,pos_ode,positive,0.996,recall,0.9091,11,,
2026-04-29T17:44:07Z,checkpoint-faph20-v18d-clean96-pw96x4,pos_ode,positive,0.999,recall,0.9091,11,,
2026-04-29T17:44:07Z,checkpoint-faph20-v18d-clean96-pw96x4,pos_mattias_short,positive,0.97,recall,0.8508,362,,
2026-04-29T17:44:07Z,checkpoint-faph20-v18d-clean96-pw96x4,pos_mattias_short,positive,0.99,recall,0.8260,362,,
2026-04-29T17:44:07Z,checkpoint-faph20-v18d-clean96-pw96x4,pos_mattias_short,positive,0.995,recall,0.8149,362,,
2026-04-29T17:44:07Z,checkpoint-faph20-v18d-clean96-pw96x4,pos_mattias_short,positive,0.996,recall,0.8149,362,,
2026-04-29T17:44:07Z,checkpoint-faph20-v18d-clean96-pw96x4,pos_mattias_short,positive,0.999,recall,0.7928,362,,
2026-04-29T17:44:07Z,checkpoint-faph20-v18d-clean96-pw96x4,pos_friend1,positive,0.97,recall,0.5034,145,,
2026-04-29T17:44:07Z,checkpoint-faph20-v18d-clean96-pw96x4,pos_friend1,positive,0.99,recall,0.4414,145,,
2026-04-29T17:44:07Z,checkpoint-faph20-v18d-clean96-pw96x4,pos_friend1,positive,0.995,recall,0.4207,145,,
2026-04-29T17:44:07Z,checkpoint-faph20-v18d-clean96-pw96x4,pos_friend1,positive,0.996,recall,0.4207,145,,
2026-04-29T17:44:07Z,checkpoint-faph20-v18d-clean96-pw96x4,pos_friend1,positive,0.999,recall,0.3931,145,,
2026-04-29T17:44:07Z,checkpoint-faph20-v18d-clean96-pw96x4,hard_neg_mac_holdout,hard_negative,0.97,fpr,0.5333,15,,
2026-04-29T17:44:07Z,checkpoint-faph20-v18d-clean96-pw96x4,hard_neg_mac_holdout,hard_negative,0.99,fpr,0.5333,15,,
2026-04-29T17:44:07Z,checkpoint-faph20-v18d-clean96-pw96x4,hard_neg_mac_holdout,hard_negative,0.995,fpr,0.4667,15,,
2026-04-29T17:44:07Z,checkpoint-faph20-v18d-clean96-pw96x4,hard_neg_mac_holdout,hard_negative,0.996,fpr,0.4667,15,,
2026-04-29T17:44:07Z,checkpoint-faph20-v18d-clean96-pw96x4,hard_neg_mac_holdout,hard_negative,0.999,fpr,0.4667,15,,
2026-04-29T17:44:07Z,checkpoint-faph20-v18d-clean96-pw96x4,hard_neg_isa_xtts,hard_negative,0.97,fpr,0.6333,60,,
2026-04-29T17:44:07Z,checkpoint-faph20-v18d-clean96-pw96x4,hard_neg_isa_xtts,hard_negative,0.99,fpr,0.6167,60,,
2026-04-29T17:44:07Z,checkpoint-faph20-v18d-clean96-pw96x4,hard_neg_isa_xtts,hard_negative,0.995,fpr,0.6167,60,,
2026-04-29T17:44:07Z,checkpoint-faph20-v18d-clean96-pw96x4,hard_neg_isa_xtts,hard_negative,0.996,fpr,0.6167,60,,
2026-04-29T17:44:07Z,checkpoint-faph20-v18d-clean96-pw96x4,hard_neg_isa_xtts,hard_negative,0.999,fpr,0.6000,60,,
2026-04-29T17:44:07Z,checkpoint-faph20-v18d-clean96-pw96x4,hard_neg_canary,hard_negative,0.97,fpr,0.0000,5,,
2026-04-29T17:44:07Z,checkpoint-faph20-v18d-clean96-pw96x4,hard_neg_canary,hard_negative,0.99,fpr,0.0000,5,,
2026-04-29T17:44:07Z,checkpoint-faph20-v18d-clean96-pw96x4,hard_neg_canary,hard_negative,0.995,fpr,0.0000,5,,
2026-04-29T17:44:07Z,checkpoint-faph20-v18d-clean96-pw96x4,hard_neg_canary,hard_negative,0.996,fpr,0.0000,5,,
2026-04-29T17:44:07Z,checkpoint-faph20-v18d-clean96-pw96x4,hard_neg_canary,hard_negative,0.999,fpr,0.0000,5,,
2026-04-29T17:44:07Z,checkpoint-faph20-v18d-clean96-pw96x4,neg_prefix_only_mattias_short,hard_negative,0.97,fpr,0.7773,220,,
2026-04-29T17:44:07Z,checkpoint-faph20-v18d-clean96-pw96x4,neg_prefix_only_mattias_short,hard_negative,0.99,fpr,0.7455,220,,
2026-04-29T17:44:07Z,checkpoint-faph20-v18d-clean96-pw96x4,neg_prefix_only_mattias_short,hard_negative,0.995,fpr,0.7318,220,,
2026-04-29T17:44:07Z,checkpoint-faph20-v18d-clean96-pw96x4,neg_prefix_only_mattias_short,hard_negative,0.996,fpr,0.7318,220,,
2026-04-29T17:44:07Z,checkpoint-faph20-v18d-clean96-pw96x4,neg_prefix_only_mattias_short,hard_negative,0.999,fpr,0.7000,220,,
2026-04-29T17:44:07Z,checkpoint-faph20-v18d-clean96-pw96x4,neg_single_kratt_neurokone,hard_negative,0.97,fpr,0.9892,186,,
2026-04-29T17:44:07Z,checkpoint-faph20-v18d-clean96-pw96x4,neg_single_kratt_neurokone,hard_negative,0.99,fpr,0.9624,186,,
2026-04-29T17:44:07Z,checkpoint-faph20-v18d-clean96-pw96x4,neg_single_kratt_neurokone,hard_negative,0.995,fpr,0.9516,186,,
2026-04-29T17:44:07Z,checkpoint-faph20-v18d-clean96-pw96x4,neg_single_kratt_neurokone,hard_negative,0.996,fpr,0.9516,186,,
2026-04-29T17:44:07Z,checkpoint-faph20-v18d-clean96-pw96x4,neg_single_kratt_neurokone,hard_negative,0.999,fpr,0.9247,186,,
2026-04-29T17:44:07Z,checkpoint-faph20-v18d-clean96-pw96x4,neg_reversed_kratt_kuule,hard_negative,0.97,fpr,0.9375,64,,
2026-04-29T17:44:07Z,checkpoint-faph20-v18d-clean96-pw96x4,neg_reversed_kratt_kuule,hard_negative,0.99,fpr,0.9375,64,,
2026-04-29T17:44:07Z,checkpoint-faph20-v18d-clean96-pw96x4,neg_reversed_kratt_kuule,hard_negative,0.995,fpr,0.9375,64,,
2026-04-29T17:44:07Z,checkpoint-faph20-v18d-clean96-pw96x4,neg_reversed_kratt_kuule,hard_negative,0.996,fpr,0.9375,64,,
2026-04-29T17:44:07Z,checkpoint-faph20-v18d-clean96-pw96x4,neg_reversed_kratt_kuule,hard_negative,0.999,fpr,0.9375,64,,
2026-04-29T17:44:07Z,checkpoint-faph20-v18d-clean96-pw96x4,neg_kuule_kule_confusables,hard_negative,0.97,fpr,0.8500,600,,
2026-04-29T17:44:07Z,checkpoint-faph20-v18d-clean96-pw96x4,neg_kuule_kule_confusables,hard_negative,0.99,fpr,0.8067,600,,
2026-04-29T17:44:07Z,checkpoint-faph20-v18d-clean96-pw96x4,neg_kuule_kule_confusables,hard_negative,0.995,fpr,0.7833,600,,
2026-04-29T17:44:07Z,checkpoint-faph20-v18d-clean96-pw96x4,neg_kuule_kule_confusables,hard_negative,0.996,fpr,0.7800,600,,
2026-04-29T17:44:07Z,checkpoint-faph20-v18d-clean96-pw96x4,neg_kuule_kule_confusables,hard_negative,0.999,fpr,0.7567,600,,
2026-04-29T17:44:07Z,checkpoint-faph20-v18d-clean96-pw96x4,faph_cv_et,ambient,0.97,faph,45.0182,2000,3.82,
2026-04-29T17:44:07Z,checkpoint-faph20-v18d-clean96-pw96x4,faph_cv_et,ambient,0.99,faph,28.5289,2000,3.82,
2026-04-29T17:44:07Z,checkpoint-faph20-v18d-clean96-pw96x4,faph_cv_et,ambient,0.995,faph,23.2943,2000,3.82,
2026-04-29T17:44:07Z,checkpoint-faph20-v18d-clean96-pw96x4,faph_cv_et,ambient,0.996,faph,22.2473,2000,3.82,
2026-04-29T17:44:07Z,checkpoint-faph20-v18d-clean96-pw96x4,faph_cv_et,ambient,0.999,faph,14.9188,2000,3.82,
2026-04-29T17:44:07Z,checkpoint-faph20-v18d-clean96-pw96x4,faph_librispeech,ambient,0.97,faph,13.8748,2620,5.62,
2026-04-29T17:44:07Z,checkpoint-faph20-v18d-clean96-pw96x4,faph_librispeech,ambient,0.99,faph,9.2499,2620,5.62,
2026-04-29T17:44:07Z,checkpoint-faph20-v18d-clean96-pw96x4,faph_librispeech,ambient,0.995,faph,8.0047,2620,5.62,
2026-04-29T17:44:07Z,checkpoint-faph20-v18d-clean96-pw96x4,faph_librispeech,ambient,0.996,faph,7.8268,2620,5.62,
2026-04-29T17:44:07Z,checkpoint-faph20-v18d-clean96-pw96x4,faph_librispeech,ambient,0.999,faph,5.6922,2620,5.62,
2026-04-29T17:44:07Z,checkpoint-faph20-v18d-clean96-pw96x4,faph_macbook_bg,ambient,0.97,faph,83.9235,14,1.17,
2026-04-29T17:44:07Z,checkpoint-faph20-v18d-clean96-pw96x4,faph_macbook_bg,ambient,0.99,faph,57.3762,14,1.17,
2026-04-29T17:44:07Z,checkpoint-faph20-v18d-clean96-pw96x4,faph_macbook_bg,ambient,0.995,faph,52.2381,14,1.17,
2026-04-29T17:44:07Z,checkpoint-faph20-v18d-clean96-pw96x4,faph_macbook_bg,ambient,0.996,faph,51.3817,14,1.17,
2026-04-29T17:44:07Z,checkpoint-faph20-v18d-clean96-pw96x4,faph_macbook_bg,ambient,0.999,faph,44.5308,14,1.17,
2026-04-29T17:44:07Z,checkpoint-faph20-v18d-clean96-pw96x4,faph_dipco,ambient,0.97,faph,6.0199,6,3.32,
2026-04-29T17:44:07Z,checkpoint-faph20-v18d-clean96-pw96x4,faph_dipco,ambient,0.99,faph,3.3109,6,3.32,
2026-04-29T17:44:07Z,checkpoint-faph20-v18d-clean96-pw96x4,faph_dipco,ambient,0.995,faph,3.0099,6,3.32,
2026-04-29T17:44:07Z,checkpoint-faph20-v18d-clean96-pw96x4,faph_dipco,ambient,0.996,faph,3.0099,6,3.32,
2026-04-29T17:44:07Z,checkpoint-faph20-v18d-clean96-pw96x4,faph_dipco,ambient,0.999,faph,2.7089,6,3.32,
2026-04-29T17:44:07Z,checkpoint-faph10-v18d-clean96-pw96x4 + v16c,pos_isa_xtts,positive,0.97,recall,0.8125,48,,checkpoint-faph10-v18d-clean96-pw96x4 + v16c
2026-04-29T17:44:07Z,checkpoint-faph10-v18d-clean96-pw96x4 + v16c,pos_isa_xtts,positive,0.99,recall,0.7500,48,,checkpoint-faph10-v18d-clean96-pw96x4 + v16c
2026-04-29T17:44:07Z,checkpoint-faph10-v18d-clean96-pw96x4 + v16c,pos_isa_xtts,positive,0.995,recall,0.7292,48,,checkpoint-faph10-v18d-clean96-pw96x4 + v16c
2026-04-29T17:44:07Z,checkpoint-faph10-v18d-clean96-pw96x4 + v16c,pos_isa_xtts,positive,0.996,recall,0.7292,48,,checkpoint-faph10-v18d-clean96-pw96x4 + v16c
2026-04-29T17:44:07Z,checkpoint-faph10-v18d-clean96-pw96x4 + v16c,pos_isa_xtts,positive,0.999,recall,0.7292,48,,checkpoint-faph10-v18d-clean96-pw96x4 + v16c
2026-04-29T17:44:07Z,checkpoint-faph10-v18d-clean96-pw96x4 + v16c,pos_ode,positive,0.97,recall,1.0000,11,,checkpoint-faph10-v18d-clean96-pw96x4 + v16c
2026-04-29T17:44:07Z,checkpoint-faph10-v18d-clean96-pw96x4 + v16c,pos_ode,positive,0.99,recall,0.9091,11,,checkpoint-faph10-v18d-clean96-pw96x4 + v16c
2026-04-29T17:44:07Z,checkpoint-faph10-v18d-clean96-pw96x4 + v16c,pos_ode,positive,0.995,recall,0.9091,11,,checkpoint-faph10-v18d-clean96-pw96x4 + v16c
2026-04-29T17:44:07Z,checkpoint-faph10-v18d-clean96-pw96x4 + v16c,pos_ode,positive,0.996,recall,0.9091,11,,checkpoint-faph10-v18d-clean96-pw96x4 + v16c
2026-04-29T17:44:07Z,checkpoint-faph10-v18d-clean96-pw96x4 + v16c,pos_ode,positive,0.999,recall,0.9091,11,,checkpoint-faph10-v18d-clean96-pw96x4 + v16c
2026-04-29T17:44:07Z,checkpoint-faph10-v18d-clean96-pw96x4 + v16c,pos_mattias_short,positive,0.97,recall,0.7044,362,,checkpoint-faph10-v18d-clean96-pw96x4 + v16c
2026-04-29T17:44:07Z,checkpoint-faph10-v18d-clean96-pw96x4 + v16c,pos_mattias_short,positive,0.99,recall,0.6851,362,,checkpoint-faph10-v18d-clean96-pw96x4 + v16c
2026-04-29T17:44:07Z,checkpoint-faph10-v18d-clean96-pw96x4 + v16c,pos_mattias_short,positive,0.995,recall,0.6823,362,,checkpoint-faph10-v18d-clean96-pw96x4 + v16c
2026-04-29T17:44:07Z,checkpoint-faph10-v18d-clean96-pw96x4 + v16c,pos_mattias_short,positive,0.996,recall,0.6823,362,,checkpoint-faph10-v18d-clean96-pw96x4 + v16c
2026-04-29T17:44:07Z,checkpoint-faph10-v18d-clean96-pw96x4 + v16c,pos_mattias_short,positive,0.999,recall,0.6630,362,,checkpoint-faph10-v18d-clean96-pw96x4 + v16c
2026-04-29T17:44:07Z,checkpoint-faph10-v18d-clean96-pw96x4 + v16c,pos_friend1,positive,0.97,recall,0.2552,145,,checkpoint-faph10-v18d-clean96-pw96x4 + v16c
2026-04-29T17:44:07Z,checkpoint-faph10-v18d-clean96-pw96x4 + v16c,pos_friend1,positive,0.99,recall,0.2138,145,,checkpoint-faph10-v18d-clean96-pw96x4 + v16c
2026-04-29T17:44:07Z,checkpoint-faph10-v18d-clean96-pw96x4 + v16c,pos_friend1,positive,0.995,recall,0.2069,145,,checkpoint-faph10-v18d-clean96-pw96x4 + v16c
2026-04-29T17:44:07Z,checkpoint-faph10-v18d-clean96-pw96x4 + v16c,pos_friend1,positive,0.996,recall,0.2069,145,,checkpoint-faph10-v18d-clean96-pw96x4 + v16c
2026-04-29T17:44:07Z,checkpoint-faph10-v18d-clean96-pw96x4 + v16c,pos_friend1,positive,0.999,recall,0.1586,145,,checkpoint-faph10-v18d-clean96-pw96x4 + v16c
2026-04-29T17:44:07Z,checkpoint-faph10-v18d-clean96-pw96x4 + v16c,hard_neg_mac_holdout,hard_negative,0.97,fpr,0.8000,15,,checkpoint-faph10-v18d-clean96-pw96x4 + v16c
2026-04-29T17:44:07Z,checkpoint-faph10-v18d-clean96-pw96x4 + v16c,hard_neg_mac_holdout,hard_negative,0.99,fpr,0.8000,15,,checkpoint-faph10-v18d-clean96-pw96x4 + v16c
2026-04-29T17:44:07Z,checkpoint-faph10-v18d-clean96-pw96x4 + v16c,hard_neg_mac_holdout,hard_negative,0.995,fpr,0.8000,15,,checkpoint-faph10-v18d-clean96-pw96x4 + v16c
2026-04-29T17:44:07Z,checkpoint-faph10-v18d-clean96-pw96x4 + v16c,hard_neg_mac_holdout,hard_negative,0.996,fpr,0.8000,15,,checkpoint-faph10-v18d-clean96-pw96x4 + v16c
2026-04-29T17:44:07Z,checkpoint-faph10-v18d-clean96-pw96x4 + v16c,hard_neg_mac_holdout,hard_negative,0.999,fpr,0.7333,15,,checkpoint-faph10-v18d-clean96-pw96x4 + v16c
2026-04-29T17:44:07Z,checkpoint-faph10-v18d-clean96-pw96x4 + v16c,hard_neg_isa_xtts,hard_negative,0.97,fpr,0.4333,60,,checkpoint-faph10-v18d-clean96-pw96x4 + v16c
2026-04-29T17:44:07Z,checkpoint-faph10-v18d-clean96-pw96x4 + v16c,hard_neg_isa_xtts,hard_negative,0.99,fpr,0.3500,60,,checkpoint-faph10-v18d-clean96-pw96x4 + v16c
2026-04-29T17:44:07Z,checkpoint-faph10-v18d-clean96-pw96x4 + v16c,hard_neg_isa_xtts,hard_negative,0.995,fpr,0.3500,60,,checkpoint-faph10-v18d-clean96-pw96x4 + v16c
2026-04-29T17:44:07Z,checkpoint-faph10-v18d-clean96-pw96x4 + v16c,hard_neg_isa_xtts,hard_negative,0.996,fpr,0.3500,60,,checkpoint-faph10-v18d-clean96-pw96x4 + v16c
2026-04-29T17:44:07Z,checkpoint-faph10-v18d-clean96-pw96x4 + v16c,hard_neg_isa_xtts,hard_negative,0.999,fpr,0.3167,60,,checkpoint-faph10-v18d-clean96-pw96x4 + v16c
2026-04-29T17:44:07Z,checkpoint-faph10-v18d-clean96-pw96x4 + v16c,hard_neg_canary,hard_negative,0.97,fpr,0.0000,5,,checkpoint-faph10-v18d-clean96-pw96x4 + v16c
2026-04-29T17:44:07Z,checkpoint-faph10-v18d-clean96-pw96x4 + v16c,hard_neg_canary,hard_negative,0.99,fpr,0.0000,5,,checkpoint-faph10-v18d-clean96-pw96x4 + v16c
2026-04-29T17:44:07Z,checkpoint-faph10-v18d-clean96-pw96x4 + v16c,hard_neg_canary,hard_negative,0.995,fpr,0.0000,5,,checkpoint-faph10-v18d-clean96-pw96x4 + v16c
2026-04-29T17:44:07Z,checkpoint-faph10-v18d-clean96-pw96x4 + v16c,hard_neg_canary,hard_negative,0.996,fpr,0.0000,5,,checkpoint-faph10-v18d-clean96-pw96x4 + v16c
2026-04-29T17:44:07Z,checkpoint-faph10-v18d-clean96-pw96x4 + v16c,hard_neg_canary,hard_negative,0.999,fpr,0.0000,5,,checkpoint-faph10-v18d-clean96-pw96x4 + v16c
2026-04-29T17:44:07Z,checkpoint-faph10-v18d-clean96-pw96x4 + v16c,neg_prefix_only_mattias_short,hard_negative,0.97,fpr,0.6045,220,,checkpoint-faph10-v18d-clean96-pw96x4 + v16c
2026-04-29T17:44:07Z,checkpoint-faph10-v18d-clean96-pw96x4 + v16c,neg_prefix_only_mattias_short,hard_negative,0.99,fpr,0.5773,220,,checkpoint-faph10-v18d-clean96-pw96x4 + v16c
2026-04-29T17:44:07Z,checkpoint-faph10-v18d-clean96-pw96x4 + v16c,neg_prefix_only_mattias_short,hard_negative,0.995,fpr,0.5727,220,,checkpoint-faph10-v18d-clean96-pw96x4 + v16c
2026-04-29T17:44:07Z,checkpoint-faph10-v18d-clean96-pw96x4 + v16c,neg_prefix_only_mattias_short,hard_negative,0.996,fpr,0.5727,220,,checkpoint-faph10-v18d-clean96-pw96x4 + v16c
2026-04-29T17:44:07Z,checkpoint-faph10-v18d-clean96-pw96x4 + v16c,neg_prefix_only_mattias_short,hard_negative,0.999,fpr,0.5409,220,,checkpoint-faph10-v18d-clean96-pw96x4 + v16c
2026-04-29T17:44:07Z,checkpoint-faph10-v18d-clean96-pw96x4 + v16c,neg_single_kratt_neurokone,hard_negative,0.97,fpr,0.1613,186,,checkpoint-faph10-v18d-clean96-pw96x4 + v16c
2026-04-29T17:44:07Z,checkpoint-faph10-v18d-clean96-pw96x4 + v16c,neg_single_kratt_neurokone,hard_negative,0.99,fpr,0.0806,186,,checkpoint-faph10-v18d-clean96-pw96x4 + v16c
2026-04-29T17:44:07Z,checkpoint-faph10-v18d-clean96-pw96x4 + v16c,neg_single_kratt_neurokone,hard_negative,0.995,fpr,0.0806,186,,checkpoint-faph10-v18d-clean96-pw96x4 + v16c
2026-04-29T17:44:07Z,checkpoint-faph10-v18d-clean96-pw96x4 + v16c,neg_single_kratt_neurokone,hard_negative,0.996,fpr,0.0806,186,,checkpoint-faph10-v18d-clean96-pw96x4 + v16c
2026-04-29T17:44:07Z,checkpoint-faph10-v18d-clean96-pw96x4 + v16c,neg_single_kratt_neurokone,hard_negative,0.999,fpr,0.0376,186,,checkpoint-faph10-v18d-clean96-pw96x4 + v16c
2026-04-29T17:44:07Z,checkpoint-faph10-v18d-clean96-pw96x4 + v16c,neg_reversed_kratt_kuule,hard_negative,0.97,fpr,0.7969,64,,checkpoint-faph10-v18d-clean96-pw96x4 + v16c
2026-04-29T17:44:07Z,checkpoint-faph10-v18d-clean96-pw96x4 + v16c,neg_reversed_kratt_kuule,hard_negative,0.99,fpr,0.7812,64,,checkpoint-faph10-v18d-clean96-pw96x4 + v16c
2026-04-29T17:44:07Z,checkpoint-faph10-v18d-clean96-pw96x4 + v16c,neg_reversed_kratt_kuule,hard_negative,0.995,fpr,0.7812,64,,checkpoint-faph10-v18d-clean96-pw96x4 + v16c
2026-04-29T17:44:07Z,checkpoint-faph10-v18d-clean96-pw96x4 + v16c,neg_reversed_kratt_kuule,hard_negative,0.996,fpr,0.7812,64,,checkpoint-faph10-v18d-clean96-pw96x4 + v16c
2026-04-29T17:44:07Z,checkpoint-faph10-v18d-clean96-pw96x4 + v16c,neg_reversed_kratt_kuule,hard_negative,0.999,fpr,0.7344,64,,checkpoint-faph10-v18d-clean96-pw96x4 + v16c
2026-04-29T17:44:07Z,checkpoint-faph10-v18d-clean96-pw96x4 + v16c,neg_kuule_kule_confusables,hard_negative,0.97,fpr,0.8950,600,,checkpoint-faph10-v18d-clean96-pw96x4 + v16c
2026-04-29T17:44:07Z,checkpoint-faph10-v18d-clean96-pw96x4 + v16c,neg_kuule_kule_confusables,hard_negative,0.99,fpr,0.8733,600,,checkpoint-faph10-v18d-clean96-pw96x4 + v16c
2026-04-29T17:44:07Z,checkpoint-faph10-v18d-clean96-pw96x4 + v16c,neg_kuule_kule_confusables,hard_negative,0.995,fpr,0.8583,600,,checkpoint-faph10-v18d-clean96-pw96x4 + v16c
2026-04-29T17:44:07Z,checkpoint-faph10-v18d-clean96-pw96x4 + v16c,neg_kuule_kule_confusables,hard_negative,0.996,fpr,0.8567,600,,checkpoint-faph10-v18d-clean96-pw96x4 + v16c
2026-04-29T17:44:07Z,checkpoint-faph10-v18d-clean96-pw96x4 + v16c,neg_kuule_kule_confusables,hard_negative,0.999,fpr,0.8300,600,,checkpoint-faph10-v18d-clean96-pw96x4 + v16c
2026-04-29T17:44:07Z,checkpoint-faph10-v18d-clean96-pw96x4 + v16c,faph_cv_et,ambient,0.97,faph,0.7852,2000,3.82,checkpoint-faph10-v18d-clean96-pw96x4 + v16c
2026-04-29T17:44:07Z,checkpoint-faph10-v18d-clean96-pw96x4 + v16c,faph_cv_et,ambient,0.99,faph,0.2617,2000,3.82,checkpoint-faph10-v18d-clean96-pw96x4 + v16c
2026-04-29T17:44:07Z,checkpoint-faph10-v18d-clean96-pw96x4 + v16c,faph_cv_et,ambient,0.995,faph,0.2617,2000,3.82,checkpoint-faph10-v18d-clean96-pw96x4 + v16c
2026-04-29T17:44:07Z,checkpoint-faph10-v18d-clean96-pw96x4 + v16c,faph_cv_et,ambient,0.996,faph,0.2617,2000,3.82,checkpoint-faph10-v18d-clean96-pw96x4 + v16c
2026-04-29T17:44:07Z,checkpoint-faph10-v18d-clean96-pw96x4 + v16c,faph_cv_et,ambient,0.999,faph,0.2617,2000,3.82,checkpoint-faph10-v18d-clean96-pw96x4 + v16c
2026-04-29T17:44:07Z,checkpoint-faph10-v18d-clean96-pw96x4 + v16c,faph_librispeech,ambient,0.97,faph,0.0000,2620,5.62,checkpoint-faph10-v18d-clean96-pw96x4 + v16c
2026-04-29T17:44:07Z,checkpoint-faph10-v18d-clean96-pw96x4 + v16c,faph_librispeech,ambient,0.99,faph,0.0000,2620,5.62,checkpoint-faph10-v18d-clean96-pw96x4 + v16c
2026-04-29T17:44:07Z,checkpoint-faph10-v18d-clean96-pw96x4 + v16c,faph_librispeech,ambient,0.995,faph,0.0000,2620,5.62,checkpoint-faph10-v18d-clean96-pw96x4 + v16c
2026-04-29T17:44:07Z,checkpoint-faph10-v18d-clean96-pw96x4 + v16c,faph_librispeech,ambient,0.996,faph,0.0000,2620,5.62,checkpoint-faph10-v18d-clean96-pw96x4 + v16c
2026-04-29T17:44:07Z,checkpoint-faph10-v18d-clean96-pw96x4 + v16c,faph_librispeech,ambient,0.999,faph,0.0000,2620,5.62,checkpoint-faph10-v18d-clean96-pw96x4 + v16c
2026-04-29T17:44:07Z,checkpoint-faph10-v18d-clean96-pw96x4 + v16c,faph_macbook_bg,ambient,0.97,faph,0.0000,14,1.17,checkpoint-faph10-v18d-clean96-pw96x4 + v16c
2026-04-29T17:44:07Z,checkpoint-faph10-v18d-clean96-pw96x4 + v16c,faph_macbook_bg,ambient,0.99,faph,0.0000,14,1.17,checkpoint-faph10-v18d-clean96-pw96x4 + v16c
2026-04-29T17:44:07Z,checkpoint-faph10-v18d-clean96-pw96x4 + v16c,faph_macbook_bg,ambient,0.995,faph,0.0000,14,1.17,checkpoint-faph10-v18d-clean96-pw96x4 + v16c
2026-04-29T17:44:07Z,checkpoint-faph10-v18d-clean96-pw96x4 + v16c,faph_macbook_bg,ambient,0.996,faph,0.0000,14,1.17,checkpoint-faph10-v18d-clean96-pw96x4 + v16c
2026-04-29T17:44:07Z,checkpoint-faph10-v18d-clean96-pw96x4 + v16c,faph_macbook_bg,ambient,0.999,faph,0.0000,14,1.17,checkpoint-faph10-v18d-clean96-pw96x4 + v16c
2026-04-29T17:44:07Z,checkpoint-faph10-v18d-clean96-pw96x4 + v16c,faph_dipco,ambient,0.97,faph,0.3010,6,3.32,checkpoint-faph10-v18d-clean96-pw96x4 + v16c
2026-04-29T17:44:07Z,checkpoint-faph10-v18d-clean96-pw96x4 + v16c,faph_dipco,ambient,0.99,faph,0.0000,6,3.32,checkpoint-faph10-v18d-clean96-pw96x4 + v16c
2026-04-29T17:44:07Z,checkpoint-faph10-v18d-clean96-pw96x4 + v16c,faph_dipco,ambient,0.995,faph,0.0000,6,3.32,checkpoint-faph10-v18d-clean96-pw96x4 + v16c
2026-04-29T17:44:07Z,checkpoint-faph10-v18d-clean96-pw96x4 + v16c,faph_dipco,ambient,0.996,faph,0.0000,6,3.32,checkpoint-faph10-v18d-clean96-pw96x4 + v16c
2026-04-29T17:44:07Z,checkpoint-faph10-v18d-clean96-pw96x4 + v16c,faph_dipco,ambient,0.999,faph,0.0000,6,3.32,checkpoint-faph10-v18d-clean96-pw96x4 + v16c
2026-04-29T17:44:07Z,checkpoint-faph10-v18d-clean96-pw96x4 + expert-a,pos_isa_xtts,positive,0.97,recall,0.7292,48,,checkpoint-faph10-v18d-clean96-pw96x4 + expert-a
2026-04-29T17:44:07Z,checkpoint-faph10-v18d-clean96-pw96x4 + expert-a,pos_isa_xtts,positive,0.99,recall,0.6875,48,,checkpoint-faph10-v18d-clean96-pw96x4 + expert-a
2026-04-29T17:44:07Z,checkpoint-faph10-v18d-clean96-pw96x4 + expert-a,pos_isa_xtts,positive,0.995,recall,0.6667,48,,checkpoint-faph10-v18d-clean96-pw96x4 + expert-a
2026-04-29T17:44:07Z,checkpoint-faph10-v18d-clean96-pw96x4 + expert-a,pos_isa_xtts,positive,0.996,recall,0.6667,48,,checkpoint-faph10-v18d-clean96-pw96x4 + expert-a
2026-04-29T17:44:07Z,checkpoint-faph10-v18d-clean96-pw96x4 + expert-a,pos_isa_xtts,positive,0.999,recall,0.6667,48,,checkpoint-faph10-v18d-clean96-pw96x4 + expert-a
2026-04-29T17:44:07Z,checkpoint-faph10-v18d-clean96-pw96x4 + expert-a,pos_ode,positive,0.97,recall,1.0000,11,,checkpoint-faph10-v18d-clean96-pw96x4 + expert-a
2026-04-29T17:44:07Z,checkpoint-faph10-v18d-clean96-pw96x4 + expert-a,pos_ode,positive,0.99,recall,1.0000,11,,checkpoint-faph10-v18d-clean96-pw96x4 + expert-a
2026-04-29T17:44:07Z,checkpoint-faph10-v18d-clean96-pw96x4 + expert-a,pos_ode,positive,0.995,recall,0.9091,11,,checkpoint-faph10-v18d-clean96-pw96x4 + expert-a
2026-04-29T17:44:07Z,checkpoint-faph10-v18d-clean96-pw96x4 + expert-a,pos_ode,positive,0.996,recall,0.9091,11,,checkpoint-faph10-v18d-clean96-pw96x4 + expert-a
2026-04-29T17:44:07Z,checkpoint-faph10-v18d-clean96-pw96x4 + expert-a,pos_ode,positive,0.999,recall,0.9091,11,,checkpoint-faph10-v18d-clean96-pw96x4 + expert-a
2026-04-29T17:44:07Z,checkpoint-faph10-v18d-clean96-pw96x4 + expert-a,pos_mattias_short,positive,0.97,recall,0.7293,362,,checkpoint-faph10-v18d-clean96-pw96x4 + expert-a
2026-04-29T17:44:07Z,checkpoint-faph10-v18d-clean96-pw96x4 + expert-a,pos_mattias_short,positive,0.99,recall,0.7127,362,,checkpoint-faph10-v18d-clean96-pw96x4 + expert-a
2026-04-29T17:44:07Z,checkpoint-faph10-v18d-clean96-pw96x4 + expert-a,pos_mattias_short,positive,0.995,recall,0.7072,362,,checkpoint-faph10-v18d-clean96-pw96x4 + expert-a
2026-04-29T17:44:07Z,checkpoint-faph10-v18d-clean96-pw96x4 + expert-a,pos_mattias_short,positive,0.996,recall,0.7072,362,,checkpoint-faph10-v18d-clean96-pw96x4 + expert-a
2026-04-29T17:44:07Z,checkpoint-faph10-v18d-clean96-pw96x4 + expert-a,pos_mattias_short,positive,0.999,recall,0.6906,362,,checkpoint-faph10-v18d-clean96-pw96x4 + expert-a
2026-04-29T17:44:07Z,checkpoint-faph10-v18d-clean96-pw96x4 + expert-a,pos_friend1,positive,0.97,recall,0.2690,145,,checkpoint-faph10-v18d-clean96-pw96x4 + expert-a
2026-04-29T17:44:07Z,checkpoint-faph10-v18d-clean96-pw96x4 + expert-a,pos_friend1,positive,0.99,recall,0.2207,145,,checkpoint-faph10-v18d-clean96-pw96x4 + expert-a
2026-04-29T17:44:07Z,checkpoint-faph10-v18d-clean96-pw96x4 + expert-a,pos_friend1,positive,0.995,recall,0.2138,145,,checkpoint-faph10-v18d-clean96-pw96x4 + expert-a
2026-04-29T17:44:07Z,checkpoint-faph10-v18d-clean96-pw96x4 + expert-a,pos_friend1,positive,0.996,recall,0.2138,145,,checkpoint-faph10-v18d-clean96-pw96x4 + expert-a
2026-04-29T17:44:07Z,checkpoint-faph10-v18d-clean96-pw96x4 + expert-a,pos_friend1,positive,0.999,recall,0.1655,145,,checkpoint-faph10-v18d-clean96-pw96x4 + expert-a
2026-04-29T17:44:07Z,checkpoint-faph10-v18d-clean96-pw96x4 + expert-a,hard_neg_mac_holdout,hard_negative,0.97,fpr,0.8000,15,,checkpoint-faph10-v18d-clean96-pw96x4 + expert-a
2026-04-29T17:44:07Z,checkpoint-faph10-v18d-clean96-pw96x4 + expert-a,hard_neg_mac_holdout,hard_negative,0.99,fpr,0.8000,15,,checkpoint-faph10-v18d-clean96-pw96x4 + expert-a
2026-04-29T17:44:07Z,checkpoint-faph10-v18d-clean96-pw96x4 + expert-a,hard_neg_mac_holdout,hard_negative,0.995,fpr,0.8000,15,,checkpoint-faph10-v18d-clean96-pw96x4 + expert-a
2026-04-29T17:44:07Z,checkpoint-faph10-v18d-clean96-pw96x4 + expert-a,hard_neg_mac_holdout,hard_negative,0.996,fpr,0.8000,15,,checkpoint-faph10-v18d-clean96-pw96x4 + expert-a
2026-04-29T17:44:07Z,checkpoint-faph10-v18d-clean96-pw96x4 + expert-a,hard_neg_mac_holdout,hard_negative,0.999,fpr,0.7333,15,,checkpoint-faph10-v18d-clean96-pw96x4 + expert-a
2026-04-29T17:44:07Z,checkpoint-faph10-v18d-clean96-pw96x4 + expert-a,hard_neg_isa_xtts,hard_negative,0.97,fpr,0.4333,60,,checkpoint-faph10-v18d-clean96-pw96x4 + expert-a
2026-04-29T17:44:07Z,checkpoint-faph10-v18d-clean96-pw96x4 + expert-a,hard_neg_isa_xtts,hard_negative,0.99,fpr,0.3500,60,,checkpoint-faph10-v18d-clean96-pw96x4 + expert-a
2026-04-29T17:44:07Z,checkpoint-faph10-v18d-clean96-pw96x4 + expert-a,hard_neg_isa_xtts,hard_negative,0.995,fpr,0.3500,60,,checkpoint-faph10-v18d-clean96-pw96x4 + expert-a
2026-04-29T17:44:07Z,checkpoint-faph10-v18d-clean96-pw96x4 + expert-a,hard_neg_isa_xtts,hard_negative,0.996,fpr,0.3500,60,,checkpoint-faph10-v18d-clean96-pw96x4 + expert-a
2026-04-29T17:44:07Z,checkpoint-faph10-v18d-clean96-pw96x4 + expert-a,hard_neg_isa_xtts,hard_negative,0.999,fpr,0.3167,60,,checkpoint-faph10-v18d-clean96-pw96x4 + expert-a
2026-04-29T17:44:07Z,checkpoint-faph10-v18d-clean96-pw96x4 + expert-a,hard_neg_canary,hard_negative,0.97,fpr,0.0000,5,,checkpoint-faph10-v18d-clean96-pw96x4 + expert-a
2026-04-29T17:44:07Z,checkpoint-faph10-v18d-clean96-pw96x4 + expert-a,hard_neg_canary,hard_negative,0.99,fpr,0.0000,5,,checkpoint-faph10-v18d-clean96-pw96x4 + expert-a
2026-04-29T17:44:07Z,checkpoint-faph10-v18d-clean96-pw96x4 + expert-a,hard_neg_canary,hard_negative,0.995,fpr,0.0000,5,,checkpoint-faph10-v18d-clean96-pw96x4 + expert-a
2026-04-29T17:44:07Z,checkpoint-faph10-v18d-clean96-pw96x4 + expert-a,hard_neg_canary,hard_negative,0.996,fpr,0.0000,5,,checkpoint-faph10-v18d-clean96-pw96x4 + expert-a
2026-04-29T17:44:07Z,checkpoint-faph10-v18d-clean96-pw96x4 + expert-a,hard_neg_canary,hard_negative,0.999,fpr,0.0000,5,,checkpoint-faph10-v18d-clean96-pw96x4 + expert-a
2026-04-29T17:44:07Z,checkpoint-faph10-v18d-clean96-pw96x4 + expert-a,neg_prefix_only_mattias_short,hard_negative,0.97,fpr,0.6045,220,,checkpoint-faph10-v18d-clean96-pw96x4 + expert-a
2026-04-29T17:44:07Z,checkpoint-faph10-v18d-clean96-pw96x4 + expert-a,neg_prefix_only_mattias_short,hard_negative,0.99,fpr,0.5773,220,,checkpoint-faph10-v18d-clean96-pw96x4 + expert-a
2026-04-29T17:44:07Z,checkpoint-faph10-v18d-clean96-pw96x4 + expert-a,neg_prefix_only_mattias_short,hard_negative,0.995,fpr,0.5727,220,,checkpoint-faph10-v18d-clean96-pw96x4 + expert-a
2026-04-29T17:44:07Z,checkpoint-faph10-v18d-clean96-pw96x4 + expert-a,neg_prefix_only_mattias_short,hard_negative,0.996,fpr,0.5727,220,,checkpoint-faph10-v18d-clean96-pw96x4 + expert-a
2026-04-29T17:44:07Z,checkpoint-faph10-v18d-clean96-pw96x4 + expert-a,neg_prefix_only_mattias_short,hard_negative,0.999,fpr,0.5500,220,,checkpoint-faph10-v18d-clean96-pw96x4 + expert-a
2026-04-29T17:44:07Z,checkpoint-faph10-v18d-clean96-pw96x4 + expert-a,neg_single_kratt_neurokone,hard_negative,0.97,fpr,0.9247,186,,checkpoint-faph10-v18d-clean96-pw96x4 + expert-a
2026-04-29T17:44:07Z,checkpoint-faph10-v18d-clean96-pw96x4 + expert-a,neg_single_kratt_neurokone,hard_negative,0.99,fpr,0.8763,186,,checkpoint-faph10-v18d-clean96-pw96x4 + expert-a
2026-04-29T17:44:07Z,checkpoint-faph10-v18d-clean96-pw96x4 + expert-a,neg_single_kratt_neurokone,hard_negative,0.995,fpr,0.8602,186,,checkpoint-faph10-v18d-clean96-pw96x4 + expert-a
2026-04-29T17:44:07Z,checkpoint-faph10-v18d-clean96-pw96x4 + expert-a,neg_single_kratt_neurokone,hard_negative,0.996,fpr,0.8602,186,,checkpoint-faph10-v18d-clean96-pw96x4 + expert-a
2026-04-29T17:44:07Z,checkpoint-faph10-v18d-clean96-pw96x4 + expert-a,neg_single_kratt_neurokone,hard_negative,0.999,fpr,0.8118,186,,checkpoint-faph10-v18d-clean96-pw96x4 + expert-a
2026-04-29T17:44:07Z,checkpoint-faph10-v18d-clean96-pw96x4 + expert-a,neg_reversed_kratt_kuule,hard_negative,0.97,fpr,0.8750,64,,checkpoint-faph10-v18d-clean96-pw96x4 + expert-a
2026-04-29T17:44:07Z,checkpoint-faph10-v18d-clean96-pw96x4 + expert-a,neg_reversed_kratt_kuule,hard_negative,0.99,fpr,0.8438,64,,checkpoint-faph10-v18d-clean96-pw96x4 + expert-a
2026-04-29T17:44:07Z,checkpoint-faph10-v18d-clean96-pw96x4 + expert-a,neg_reversed_kratt_kuule,hard_negative,0.995,fpr,0.8438,64,,checkpoint-faph10-v18d-clean96-pw96x4 + expert-a
2026-04-29T17:44:07Z,checkpoint-faph10-v18d-clean96-pw96x4 + expert-a,neg_reversed_kratt_kuule,hard_negative,0.996,fpr,0.8438,64,,checkpoint-faph10-v18d-clean96-pw96x4 + expert-a
2026-04-29T17:44:07Z,checkpoint-faph10-v18d-clean96-pw96x4 + expert-a,neg_reversed_kratt_kuule,hard_negative,0.999,fpr,0.7969,64,,checkpoint-faph10-v18d-clean96-pw96x4 + expert-a
2026-04-29T17:44:07Z,checkpoint-faph10-v18d-clean96-pw96x4 + expert-a,neg_kuule_kule_confusables,hard_negative,0.97,fpr,0.8950,600,,checkpoint-faph10-v18d-clean96-pw96x4 + expert-a
2026-04-29T17:44:07Z,checkpoint-faph10-v18d-clean96-pw96x4 + expert-a,neg_kuule_kule_confusables,hard_negative,0.99,fpr,0.8717,600,,checkpoint-faph10-v18d-clean96-pw96x4 + expert-a
2026-04-29T17:44:07Z,checkpoint-faph10-v18d-clean96-pw96x4 + expert-a,neg_kuule_kule_confusables,hard_negative,0.995,fpr,0.8583,600,,checkpoint-faph10-v18d-clean96-pw96x4 + expert-a
2026-04-29T17:44:07Z,checkpoint-faph10-v18d-clean96-pw96x4 + expert-a,neg_kuule_kule_confusables,hard_negative,0.996,fpr,0.8567,600,,checkpoint-faph10-v18d-clean96-pw96x4 + expert-a
2026-04-29T17:44:07Z,checkpoint-faph10-v18d-clean96-pw96x4 + expert-a,neg_kuule_kule_confusables,hard_negative,0.999,fpr,0.8300,600,,checkpoint-faph10-v18d-clean96-pw96x4 + expert-a
2026-04-29T17:44:07Z,checkpoint-faph10-v18d-clean96-pw96x4 + expert-a,faph_cv_et,ambient,0.97,faph,0.5235,2000,3.82,checkpoint-faph10-v18d-clean96-pw96x4 + expert-a
2026-04-29T17:44:07Z,checkpoint-faph10-v18d-clean96-pw96x4 + expert-a,faph_cv_et,ambient,0.99,faph,0.2617,2000,3.82,checkpoint-faph10-v18d-clean96-pw96x4 + expert-a
2026-04-29T17:44:07Z,checkpoint-faph10-v18d-clean96-pw96x4 + expert-a,faph_cv_et,ambient,0.995,faph,0.2617,2000,3.82,checkpoint-faph10-v18d-clean96-pw96x4 + expert-a
2026-04-29T17:44:07Z,checkpoint-faph10-v18d-clean96-pw96x4 + expert-a,faph_cv_et,ambient,0.996,faph,0.2617,2000,3.82,checkpoint-faph10-v18d-clean96-pw96x4 + expert-a
2026-04-29T17:44:07Z,checkpoint-faph10-v18d-clean96-pw96x4 + expert-a,faph_cv_et,ambient,0.999,faph,0.0000,2000,3.82,checkpoint-faph10-v18d-clean96-pw96x4 + expert-a
2026-04-29T17:44:07Z,checkpoint-faph10-v18d-clean96-pw96x4 + expert-a,faph_librispeech,ambient,0.97,faph,0.0000,2620,5.62,checkpoint-faph10-v18d-clean96-pw96x4 + expert-a
2026-04-29T17:44:07Z,checkpoint-faph10-v18d-clean96-pw96x4 + expert-a,faph_librispeech,ambient,0.99,faph,0.0000,2620,5.62,checkpoint-faph10-v18d-clean96-pw96x4 + expert-a
2026-04-29T17:44:07Z,checkpoint-faph10-v18d-clean96-pw96x4 + expert-a,faph_librispeech,ambient,0.995,faph,0.0000,2620,5.62,checkpoint-faph10-v18d-clean96-pw96x4 + expert-a
2026-04-29T17:44:07Z,checkpoint-faph10-v18d-clean96-pw96x4 + expert-a,faph_librispeech,ambient,0.996,faph,0.0000,2620,5.62,checkpoint-faph10-v18d-clean96-pw96x4 + expert-a
2026-04-29T17:44:07Z,checkpoint-faph10-v18d-clean96-pw96x4 + expert-a,faph_librispeech,ambient,0.999,faph,0.0000,2620,5.62,checkpoint-faph10-v18d-clean96-pw96x4 + expert-a
2026-04-29T17:44:07Z,checkpoint-faph10-v18d-clean96-pw96x4 + expert-a,faph_macbook_bg,ambient,0.97,faph,0.0000,14,1.17,checkpoint-faph10-v18d-clean96-pw96x4 + expert-a
2026-04-29T17:44:07Z,checkpoint-faph10-v18d-clean96-pw96x4 + expert-a,faph_macbook_bg,ambient,0.99,faph,0.0000,14,1.17,checkpoint-faph10-v18d-clean96-pw96x4 + expert-a
2026-04-29T17:44:07Z,checkpoint-faph10-v18d-clean96-pw96x4 + expert-a,faph_macbook_bg,ambient,0.995,faph,0.0000,14,1.17,checkpoint-faph10-v18d-clean96-pw96x4 + expert-a
2026-04-29T17:44:07Z,checkpoint-faph10-v18d-clean96-pw96x4 + expert-a,faph_macbook_bg,ambient,0.996,faph,0.0000,14,1.17,checkpoint-faph10-v18d-clean96-pw96x4 + expert-a
2026-04-29T17:44:07Z,checkpoint-faph10-v18d-clean96-pw96x4 + expert-a,faph_macbook_bg,ambient,0.999,faph,0.0000,14,1.17,checkpoint-faph10-v18d-clean96-pw96x4 + expert-a
2026-04-29T17:44:07Z,checkpoint-faph10-v18d-clean96-pw96x4 + expert-a,faph_dipco,ambient,0.97,faph,0.3010,6,3.32,checkpoint-faph10-v18d-clean96-pw96x4 + expert-a
2026-04-29T17:44:07Z,checkpoint-faph10-v18d-clean96-pw96x4 + expert-a,faph_dipco,ambient,0.99,faph,0.0000,6,3.32,checkpoint-faph10-v18d-clean96-pw96x4 + expert-a
2026-04-29T17:44:07Z,checkpoint-faph10-v18d-clean96-pw96x4 + expert-a,faph_dipco,ambient,0.995,faph,0.0000,6,3.32,checkpoint-faph10-v18d-clean96-pw96x4 + expert-a
2026-04-29T17:44:07Z,checkpoint-faph10-v18d-clean96-pw96x4 + expert-a,faph_dipco,ambient,0.996,faph,0.0000,6,3.32,checkpoint-faph10-v18d-clean96-pw96x4 + expert-a
2026-04-29T17:44:07Z,checkpoint-faph10-v18d-clean96-pw96x4 + expert-a,faph_dipco,ambient,0.999,faph,0.0000,6,3.32,checkpoint-faph10-v18d-clean96-pw96x4 + expert-a
2026-04-29T17:44:07Z,checkpoint-faph10-v18d-clean96-pw96x4 + v6-residual,pos_isa_xtts,positive,0.97,recall,0.8125,48,,checkpoint-faph10-v18d-clean96-pw96x4 + v6-residual
2026-04-29T17:44:07Z,checkpoint-faph10-v18d-clean96-pw96x4 + v6-residual,pos_isa_xtts,positive,0.99,recall,0.7500,48,,checkpoint-faph10-v18d-clean96-pw96x4 + v6-residual
2026-04-29T17:44:07Z,checkpoint-faph10-v18d-clean96-pw96x4 + v6-residual,pos_isa_xtts,positive,0.995,recall,0.7292,48,,checkpoint-faph10-v18d-clean96-pw96x4 + v6-residual
2026-04-29T17:44:07Z,checkpoint-faph10-v18d-clean96-pw96x4 + v6-residual,pos_isa_xtts,positive,0.996,recall,0.7292,48,,checkpoint-faph10-v18d-clean96-pw96x4 + v6-residual
2026-04-29T17:44:07Z,checkpoint-faph10-v18d-clean96-pw96x4 + v6-residual,pos_isa_xtts,positive,0.999,recall,0.7292,48,,checkpoint-faph10-v18d-clean96-pw96x4 + v6-residual
2026-04-29T17:44:07Z,checkpoint-faph10-v18d-clean96-pw96x4 + v6-residual,pos_ode,positive,0.97,recall,1.0000,11,,checkpoint-faph10-v18d-clean96-pw96x4 + v6-residual
2026-04-29T17:44:07Z,checkpoint-faph10-v18d-clean96-pw96x4 + v6-residual,pos_ode,positive,0.99,recall,1.0000,11,,checkpoint-faph10-v18d-clean96-pw96x4 + v6-residual
2026-04-29T17:44:07Z,checkpoint-faph10-v18d-clean96-pw96x4 + v6-residual,pos_ode,positive,0.995,recall,1.0000,11,,checkpoint-faph10-v18d-clean96-pw96x4 + v6-residual
2026-04-29T17:44:07Z,checkpoint-faph10-v18d-clean96-pw96x4 + v6-residual,pos_ode,positive,0.996,recall,1.0000,11,,checkpoint-faph10-v18d-clean96-pw96x4 + v6-residual
2026-04-29T17:44:07Z,checkpoint-faph10-v18d-clean96-pw96x4 + v6-residual,pos_ode,positive,0.999,recall,1.0000,11,,checkpoint-faph10-v18d-clean96-pw96x4 + v6-residual
2026-04-29T17:44:07Z,checkpoint-faph10-v18d-clean96-pw96x4 + v6-residual,pos_mattias_short,positive,0.97,recall,0.6326,362,,checkpoint-faph10-v18d-clean96-pw96x4 + v6-residual
2026-04-29T17:44:07Z,checkpoint-faph10-v18d-clean96-pw96x4 + v6-residual,pos_mattias_short,positive,0.99,recall,0.6022,362,,checkpoint-faph10-v18d-clean96-pw96x4 + v6-residual
2026-04-29T17:44:07Z,checkpoint-faph10-v18d-clean96-pw96x4 + v6-residual,pos_mattias_short,positive,0.995,recall,0.5939,362,,checkpoint-faph10-v18d-clean96-pw96x4 + v6-residual
2026-04-29T17:44:07Z,checkpoint-faph10-v18d-clean96-pw96x4 + v6-residual,pos_mattias_short,positive,0.996,recall,0.5939,362,,checkpoint-faph10-v18d-clean96-pw96x4 + v6-residual
2026-04-29T17:44:07Z,checkpoint-faph10-v18d-clean96-pw96x4 + v6-residual,pos_mattias_short,positive,0.999,recall,0.5635,362,,checkpoint-faph10-v18d-clean96-pw96x4 + v6-residual
2026-04-29T17:44:07Z,checkpoint-faph10-v18d-clean96-pw96x4 + v6-residual,pos_friend1,positive,0.97,recall,0.2690,145,,checkpoint-faph10-v18d-clean96-pw96x4 + v6-residual
2026-04-29T17:44:07Z,checkpoint-faph10-v18d-clean96-pw96x4 + v6-residual,pos_friend1,positive,0.99,recall,0.2207,145,,checkpoint-faph10-v18d-clean96-pw96x4 + v6-residual
2026-04-29T17:44:07Z,checkpoint-faph10-v18d-clean96-pw96x4 + v6-residual,pos_friend1,positive,0.995,recall,0.2138,145,,checkpoint-faph10-v18d-clean96-pw96x4 + v6-residual
2026-04-29T17:44:07Z,checkpoint-faph10-v18d-clean96-pw96x4 + v6-residual,pos_friend1,positive,0.996,recall,0.2138,145,,checkpoint-faph10-v18d-clean96-pw96x4 + v6-residual
2026-04-29T17:44:07Z,checkpoint-faph10-v18d-clean96-pw96x4 + v6-residual,pos_friend1,positive,0.999,recall,0.1586,145,,checkpoint-faph10-v18d-clean96-pw96x4 + v6-residual
2026-04-29T17:44:07Z,checkpoint-faph10-v18d-clean96-pw96x4 + v6-residual,hard_neg_mac_holdout,hard_negative,0.97,fpr,0.8000,15,,checkpoint-faph10-v18d-clean96-pw96x4 + v6-residual
2026-04-29T17:44:07Z,checkpoint-faph10-v18d-clean96-pw96x4 + v6-residual,hard_neg_mac_holdout,hard_negative,0.99,fpr,0.8000,15,,checkpoint-faph10-v18d-clean96-pw96x4 + v6-residual
2026-04-29T17:44:07Z,checkpoint-faph10-v18d-clean96-pw96x4 + v6-residual,hard_neg_mac_holdout,hard_negative,0.995,fpr,0.8000,15,,checkpoint-faph10-v18d-clean96-pw96x4 + v6-residual
2026-04-29T17:44:07Z,checkpoint-faph10-v18d-clean96-pw96x4 + v6-residual,hard_neg_mac_holdout,hard_negative,0.996,fpr,0.8000,15,,checkpoint-faph10-v18d-clean96-pw96x4 + v6-residual
2026-04-29T17:44:07Z,checkpoint-faph10-v18d-clean96-pw96x4 + v6-residual,hard_neg_mac_holdout,hard_negative,0.999,fpr,0.7333,15,,checkpoint-faph10-v18d-clean96-pw96x4 + v6-residual
2026-04-29T17:44:07Z,checkpoint-faph10-v18d-clean96-pw96x4 + v6-residual,hard_neg_isa_xtts,hard_negative,0.97,fpr,0.4333,60,,checkpoint-faph10-v18d-clean96-pw96x4 + v6-residual
2026-04-29T17:44:07Z,checkpoint-faph10-v18d-clean96-pw96x4 + v6-residual,hard_neg_isa_xtts,hard_negative,0.99,fpr,0.3500,60,,checkpoint-faph10-v18d-clean96-pw96x4 + v6-residual
2026-04-29T17:44:07Z,checkpoint-faph10-v18d-clean96-pw96x4 + v6-residual,hard_neg_isa_xtts,hard_negative,0.995,fpr,0.3500,60,,checkpoint-faph10-v18d-clean96-pw96x4 + v6-residual
2026-04-29T17:44:07Z,checkpoint-faph10-v18d-clean96-pw96x4 + v6-residual,hard_neg_isa_xtts,hard_negative,0.996,fpr,0.3500,60,,checkpoint-faph10-v18d-clean96-pw96x4 + v6-residual
2026-04-29T17:44:07Z,checkpoint-faph10-v18d-clean96-pw96x4 + v6-residual,hard_neg_isa_xtts,hard_negative,0.999,fpr,0.3167,60,,checkpoint-faph10-v18d-clean96-pw96x4 + v6-residual
2026-04-29T17:44:07Z,checkpoint-faph10-v18d-clean96-pw96x4 + v6-residual,hard_neg_canary,hard_negative,0.97,fpr,0.0000,5,,checkpoint-faph10-v18d-clean96-pw96x4 + v6-residual
2026-04-29T17:44:07Z,checkpoint-faph10-v18d-clean96-pw96x4 + v6-residual,hard_neg_canary,hard_negative,0.99,fpr,0.0000,5,,checkpoint-faph10-v18d-clean96-pw96x4 + v6-residual
2026-04-29T17:44:07Z,checkpoint-faph10-v18d-clean96-pw96x4 + v6-residual,hard_neg_canary,hard_negative,0.995,fpr,0.0000,5,,checkpoint-faph10-v18d-clean96-pw96x4 + v6-residual
2026-04-29T17:44:07Z,checkpoint-faph10-v18d-clean96-pw96x4 + v6-residual,hard_neg_canary,hard_negative,0.996,fpr,0.0000,5,,checkpoint-faph10-v18d-clean96-pw96x4 + v6-residual
2026-04-29T17:44:07Z,checkpoint-faph10-v18d-clean96-pw96x4 + v6-residual,hard_neg_canary,hard_negative,0.999,fpr,0.0000,5,,checkpoint-faph10-v18d-clean96-pw96x4 + v6-residual
2026-04-29T17:44:07Z,checkpoint-faph10-v18d-clean96-pw96x4 + v6-residual,neg_prefix_only_mattias_short,hard_negative,0.97,fpr,0.5636,220,,checkpoint-faph10-v18d-clean96-pw96x4 + v6-residual
2026-04-29T17:44:07Z,checkpoint-faph10-v18d-clean96-pw96x4 + v6-residual,neg_prefix_only_mattias_short,hard_negative,0.99,fpr,0.5364,220,,checkpoint-faph10-v18d-clean96-pw96x4 + v6-residual
2026-04-29T17:44:07Z,checkpoint-faph10-v18d-clean96-pw96x4 + v6-residual,neg_prefix_only_mattias_short,hard_negative,0.995,fpr,0.5318,220,,checkpoint-faph10-v18d-clean96-pw96x4 + v6-residual
2026-04-29T17:44:07Z,checkpoint-faph10-v18d-clean96-pw96x4 + v6-residual,neg_prefix_only_mattias_short,hard_negative,0.996,fpr,0.5318,220,,checkpoint-faph10-v18d-clean96-pw96x4 + v6-residual
2026-04-29T17:44:07Z,checkpoint-faph10-v18d-clean96-pw96x4 + v6-residual,neg_prefix_only_mattias_short,hard_negative,0.999,fpr,0.5045,220,,checkpoint-faph10-v18d-clean96-pw96x4 + v6-residual
2026-04-29T17:44:07Z,checkpoint-faph10-v18d-clean96-pw96x4 + v6-residual,neg_single_kratt_neurokone,hard_negative,0.97,fpr,0.7634,186,,checkpoint-faph10-v18d-clean96-pw96x4 + v6-residual
2026-04-29T17:44:07Z,checkpoint-faph10-v18d-clean96-pw96x4 + v6-residual,neg_single_kratt_neurokone,hard_negative,0.99,fpr,0.6720,186,,checkpoint-faph10-v18d-clean96-pw96x4 + v6-residual
2026-04-29T17:44:07Z,checkpoint-faph10-v18d-clean96-pw96x4 + v6-residual,neg_single_kratt_neurokone,hard_negative,0.995,fpr,0.6452,186,,checkpoint-faph10-v18d-clean96-pw96x4 + v6-residual
2026-04-29T17:44:07Z,checkpoint-faph10-v18d-clean96-pw96x4 + v6-residual,neg_single_kratt_neurokone,hard_negative,0.996,fpr,0.6344,186,,checkpoint-faph10-v18d-clean96-pw96x4 + v6-residual
2026-04-29T17:44:07Z,checkpoint-faph10-v18d-clean96-pw96x4 + v6-residual,neg_single_kratt_neurokone,hard_negative,0.999,fpr,0.5645,186,,checkpoint-faph10-v18d-clean96-pw96x4 + v6-residual
2026-04-29T17:44:07Z,checkpoint-faph10-v18d-clean96-pw96x4 + v6-residual,neg_reversed_kratt_kuule,hard_negative,0.97,fpr,0.8438,64,,checkpoint-faph10-v18d-clean96-pw96x4 + v6-residual
2026-04-29T17:44:07Z,checkpoint-faph10-v18d-clean96-pw96x4 + v6-residual,neg_reversed_kratt_kuule,hard_negative,0.99,fpr,0.7344,64,,checkpoint-faph10-v18d-clean96-pw96x4 + v6-residual
2026-04-29T17:44:07Z,checkpoint-faph10-v18d-clean96-pw96x4 + v6-residual,neg_reversed_kratt_kuule,hard_negative,0.995,fpr,0.7344,64,,checkpoint-faph10-v18d-clean96-pw96x4 + v6-residual
2026-04-29T17:44:07Z,checkpoint-faph10-v18d-clean96-pw96x4 + v6-residual,neg_reversed_kratt_kuule,hard_negative,0.996,fpr,0.7344,64,,checkpoint-faph10-v18d-clean96-pw96x4 + v6-residual
2026-04-29T17:44:07Z,checkpoint-faph10-v18d-clean96-pw96x4 + v6-residual,neg_reversed_kratt_kuule,hard_negative,0.999,fpr,0.6094,64,,checkpoint-faph10-v18d-clean96-pw96x4 + v6-residual
2026-04-29T17:44:07Z,checkpoint-faph10-v18d-clean96-pw96x4 + v6-residual,neg_kuule_kule_confusables,hard_negative,0.97,fpr,0.8950,600,,checkpoint-faph10-v18d-clean96-pw96x4 + v6-residual
2026-04-29T17:44:07Z,checkpoint-faph10-v18d-clean96-pw96x4 + v6-residual,neg_kuule_kule_confusables,hard_negative,0.99,fpr,0.8700,600,,checkpoint-faph10-v18d-clean96-pw96x4 + v6-residual
2026-04-29T17:44:07Z,checkpoint-faph10-v18d-clean96-pw96x4 + v6-residual,neg_kuule_kule_confusables,hard_negative,0.995,fpr,0.8550,600,,checkpoint-faph10-v18d-clean96-pw96x4 + v6-residual
2026-04-29T17:44:07Z,checkpoint-faph10-v18d-clean96-pw96x4 + v6-residual,neg_kuule_kule_confusables,hard_negative,0.996,fpr,0.8533,600,,checkpoint-faph10-v18d-clean96-pw96x4 + v6-residual
2026-04-29T17:44:07Z,checkpoint-faph10-v18d-clean96-pw96x4 + v6-residual,neg_kuule_kule_confusables,hard_negative,0.999,fpr,0.8267,600,,checkpoint-faph10-v18d-clean96-pw96x4 + v6-residual
2026-04-29T17:44:07Z,checkpoint-faph10-v18d-clean96-pw96x4 + v6-residual,faph_cv_et,ambient,0.97,faph,0.2617,2000,3.82,checkpoint-faph10-v18d-clean96-pw96x4 + v6-residual
2026-04-29T17:44:07Z,checkpoint-faph10-v18d-clean96-pw96x4 + v6-residual,faph_cv_et,ambient,0.99,faph,0.0000,2000,3.82,checkpoint-faph10-v18d-clean96-pw96x4 + v6-residual
2026-04-29T17:44:07Z,checkpoint-faph10-v18d-clean96-pw96x4 + v6-residual,faph_cv_et,ambient,0.995,faph,0.0000,2000,3.82,checkpoint-faph10-v18d-clean96-pw96x4 + v6-residual
2026-04-29T17:44:07Z,checkpoint-faph10-v18d-clean96-pw96x4 + v6-residual,faph_cv_et,ambient,0.996,faph,0.0000,2000,3.82,checkpoint-faph10-v18d-clean96-pw96x4 + v6-residual
2026-04-29T17:44:07Z,checkpoint-faph10-v18d-clean96-pw96x4 + v6-residual,faph_cv_et,ambient,0.999,faph,0.0000,2000,3.82,checkpoint-faph10-v18d-clean96-pw96x4 + v6-residual
2026-04-29T17:44:07Z,checkpoint-faph10-v18d-clean96-pw96x4 + v6-residual,faph_librispeech,ambient,0.97,faph,0.0000,2620,5.62,checkpoint-faph10-v18d-clean96-pw96x4 + v6-residual
2026-04-29T17:44:07Z,checkpoint-faph10-v18d-clean96-pw96x4 + v6-residual,faph_librispeech,ambient,0.99,faph,0.0000,2620,5.62,checkpoint-faph10-v18d-clean96-pw96x4 + v6-residual
2026-04-29T17:44:07Z,checkpoint-faph10-v18d-clean96-pw96x4 + v6-residual,faph_librispeech,ambient,0.995,faph,0.0000,2620,5.62,checkpoint-faph10-v18d-clean96-pw96x4 + v6-residual
2026-04-29T17:44:07Z,checkpoint-faph10-v18d-clean96-pw96x4 + v6-residual,faph_librispeech,ambient,0.996,faph,0.0000,2620,5.62,checkpoint-faph10-v18d-clean96-pw96x4 + v6-residual
2026-04-29T17:44:07Z,checkpoint-faph10-v18d-clean96-pw96x4 + v6-residual,faph_librispeech,ambient,0.999,faph,0.0000,2620,5.62,checkpoint-faph10-v18d-clean96-pw96x4 + v6-residual
2026-04-29T17:44:07Z,checkpoint-faph10-v18d-clean96-pw96x4 + v6-residual,faph_macbook_bg,ambient,0.97,faph,0.0000,14,1.17,checkpoint-faph10-v18d-clean96-pw96x4 + v6-residual
2026-04-29T17:44:07Z,checkpoint-faph10-v18d-clean96-pw96x4 + v6-residual,faph_macbook_bg,ambient,0.99,faph,0.0000,14,1.17,checkpoint-faph10-v18d-clean96-pw96x4 + v6-residual
2026-04-29T17:44:07Z,checkpoint-faph10-v18d-clean96-pw96x4 + v6-residual,faph_macbook_bg,ambient,0.995,faph,0.0000,14,1.17,checkpoint-faph10-v18d-clean96-pw96x4 + v6-residual
2026-04-29T17:44:07Z,checkpoint-faph10-v18d-clean96-pw96x4 + v6-residual,faph_macbook_bg,ambient,0.996,faph,0.0000,14,1.17,checkpoint-faph10-v18d-clean96-pw96x4 + v6-residual
2026-04-29T17:44:07Z,checkpoint-faph10-v18d-clean96-pw96x4 + v6-residual,faph_macbook_bg,ambient,0.999,faph,0.0000,14,1.17,checkpoint-faph10-v18d-clean96-pw96x4 + v6-residual
2026-04-29T17:44:07Z,checkpoint-faph10-v18d-clean96-pw96x4 + v6-residual,faph_dipco,ambient,0.97,faph,0.0000,6,3.32,checkpoint-faph10-v18d-clean96-pw96x4 + v6-residual
2026-04-29T17:44:07Z,checkpoint-faph10-v18d-clean96-pw96x4 + v6-residual,faph_dipco,ambient,0.99,faph,0.0000,6,3.32,checkpoint-faph10-v18d-clean96-pw96x4 + v6-residual
2026-04-29T17:44:07Z,checkpoint-faph10-v18d-clean96-pw96x4 + v6-residual,faph_dipco,ambient,0.995,faph,0.0000,6,3.32,checkpoint-faph10-v18d-clean96-pw96x4 + v6-residual
2026-04-29T17:44:07Z,checkpoint-faph10-v18d-clean96-pw96x4 + v6-residual,faph_dipco,ambient,0.996,faph,0.0000,6,3.32,checkpoint-faph10-v18d-clean96-pw96x4 + v6-residual
2026-04-29T17:44:07Z,checkpoint-faph10-v18d-clean96-pw96x4 + v6-residual,faph_dipco,ambient,0.999,faph,0.0000,6,3.32,checkpoint-faph10-v18d-clean96-pw96x4 + v6-residual
2026-04-29T17:44:07Z,checkpoint-faph20-v18d-clean96-pw96x4 + v16c,pos_isa_xtts,positive,0.97,recall,0.7500,48,,checkpoint-faph20-v18d-clean96-pw96x4 + v16c
2026-04-29T17:44:07Z,checkpoint-faph20-v18d-clean96-pw96x4 + v16c,pos_isa_xtts,positive,0.99,recall,0.7292,48,,checkpoint-faph20-v18d-clean96-pw96x4 + v16c
2026-04-29T17:44:07Z,checkpoint-faph20-v18d-clean96-pw96x4 + v16c,pos_isa_xtts,positive,0.995,recall,0.7292,48,,checkpoint-faph20-v18d-clean96-pw96x4 + v16c
2026-04-29T17:44:07Z,checkpoint-faph20-v18d-clean96-pw96x4 + v16c,pos_isa_xtts,positive,0.996,recall,0.7292,48,,checkpoint-faph20-v18d-clean96-pw96x4 + v16c
2026-04-29T17:44:07Z,checkpoint-faph20-v18d-clean96-pw96x4 + v16c,pos_isa_xtts,positive,0.999,recall,0.6667,48,,checkpoint-faph20-v18d-clean96-pw96x4 + v16c
2026-04-29T17:44:07Z,checkpoint-faph20-v18d-clean96-pw96x4 + v16c,pos_ode,positive,0.97,recall,0.9091,11,,checkpoint-faph20-v18d-clean96-pw96x4 + v16c
2026-04-29T17:44:07Z,checkpoint-faph20-v18d-clean96-pw96x4 + v16c,pos_ode,positive,0.99,recall,0.9091,11,,checkpoint-faph20-v18d-clean96-pw96x4 + v16c
2026-04-29T17:44:07Z,checkpoint-faph20-v18d-clean96-pw96x4 + v16c,pos_ode,positive,0.995,recall,0.9091,11,,checkpoint-faph20-v18d-clean96-pw96x4 + v16c
2026-04-29T17:44:07Z,checkpoint-faph20-v18d-clean96-pw96x4 + v16c,pos_ode,positive,0.996,recall,0.9091,11,,checkpoint-faph20-v18d-clean96-pw96x4 + v16c
2026-04-29T17:44:07Z,checkpoint-faph20-v18d-clean96-pw96x4 + v16c,pos_ode,positive,0.999,recall,0.9091,11,,checkpoint-faph20-v18d-clean96-pw96x4 + v16c
2026-04-29T17:44:07Z,checkpoint-faph20-v18d-clean96-pw96x4 + v16c,pos_mattias_short,positive,0.97,recall,0.7790,362,,checkpoint-faph20-v18d-clean96-pw96x4 + v16c
2026-04-29T17:44:07Z,checkpoint-faph20-v18d-clean96-pw96x4 + v16c,pos_mattias_short,positive,0.99,recall,0.7569,362,,checkpoint-faph20-v18d-clean96-pw96x4 + v16c
2026-04-29T17:44:07Z,checkpoint-faph20-v18d-clean96-pw96x4 + v16c,pos_mattias_short,positive,0.995,recall,0.7459,362,,checkpoint-faph20-v18d-clean96-pw96x4 + v16c
2026-04-29T17:44:07Z,checkpoint-faph20-v18d-clean96-pw96x4 + v16c,pos_mattias_short,positive,0.996,recall,0.7459,362,,checkpoint-faph20-v18d-clean96-pw96x4 + v16c
2026-04-29T17:44:07Z,checkpoint-faph20-v18d-clean96-pw96x4 + v16c,pos_mattias_short,positive,0.999,recall,0.7238,362,,checkpoint-faph20-v18d-clean96-pw96x4 + v16c
2026-04-29T17:44:07Z,checkpoint-faph20-v18d-clean96-pw96x4 + v16c,pos_friend1,positive,0.97,recall,0.4897,145,,checkpoint-faph20-v18d-clean96-pw96x4 + v16c
2026-04-29T17:44:07Z,checkpoint-faph20-v18d-clean96-pw96x4 + v16c,pos_friend1,positive,0.99,recall,0.4207,145,,checkpoint-faph20-v18d-clean96-pw96x4 + v16c
2026-04-29T17:44:07Z,checkpoint-faph20-v18d-clean96-pw96x4 + v16c,pos_friend1,positive,0.995,recall,0.4000,145,,checkpoint-faph20-v18d-clean96-pw96x4 + v16c
2026-04-29T17:44:07Z,checkpoint-faph20-v18d-clean96-pw96x4 + v16c,pos_friend1,positive,0.996,recall,0.4000,145,,checkpoint-faph20-v18d-clean96-pw96x4 + v16c
2026-04-29T17:44:07Z,checkpoint-faph20-v18d-clean96-pw96x4 + v16c,pos_friend1,positive,0.999,recall,0.3724,145,,checkpoint-faph20-v18d-clean96-pw96x4 + v16c
2026-04-29T17:44:07Z,checkpoint-faph20-v18d-clean96-pw96x4 + v16c,hard_neg_mac_holdout,hard_negative,0.97,fpr,0.5333,15,,checkpoint-faph20-v18d-clean96-pw96x4 + v16c
2026-04-29T17:44:07Z,checkpoint-faph20-v18d-clean96-pw96x4 + v16c,hard_neg_mac_holdout,hard_negative,0.99,fpr,0.5333,15,,checkpoint-faph20-v18d-clean96-pw96x4 + v16c
2026-04-29T17:44:07Z,checkpoint-faph20-v18d-clean96-pw96x4 + v16c,hard_neg_mac_holdout,hard_negative,0.995,fpr,0.4667,15,,checkpoint-faph20-v18d-clean96-pw96x4 + v16c
2026-04-29T17:44:07Z,checkpoint-faph20-v18d-clean96-pw96x4 + v16c,hard_neg_mac_holdout,hard_negative,0.996,fpr,0.4667,15,,checkpoint-faph20-v18d-clean96-pw96x4 + v16c
2026-04-29T17:44:07Z,checkpoint-faph20-v18d-clean96-pw96x4 + v16c,hard_neg_mac_holdout,hard_negative,0.999,fpr,0.4667,15,,checkpoint-faph20-v18d-clean96-pw96x4 + v16c
2026-04-29T17:44:07Z,checkpoint-faph20-v18d-clean96-pw96x4 + v16c,hard_neg_isa_xtts,hard_negative,0.97,fpr,0.6167,60,,checkpoint-faph20-v18d-clean96-pw96x4 + v16c
2026-04-29T17:44:07Z,checkpoint-faph20-v18d-clean96-pw96x4 + v16c,hard_neg_isa_xtts,hard_negative,0.99,fpr,0.6000,60,,checkpoint-faph20-v18d-clean96-pw96x4 + v16c
2026-04-29T17:44:07Z,checkpoint-faph20-v18d-clean96-pw96x4 + v16c,hard_neg_isa_xtts,hard_negative,0.995,fpr,0.6000,60,,checkpoint-faph20-v18d-clean96-pw96x4 + v16c
2026-04-29T17:44:07Z,checkpoint-faph20-v18d-clean96-pw96x4 + v16c,hard_neg_isa_xtts,hard_negative,0.996,fpr,0.6000,60,,checkpoint-faph20-v18d-clean96-pw96x4 + v16c
2026-04-29T17:44:07Z,checkpoint-faph20-v18d-clean96-pw96x4 + v16c,hard_neg_isa_xtts,hard_negative,0.999,fpr,0.5667,60,,checkpoint-faph20-v18d-clean96-pw96x4 + v16c
2026-04-29T17:44:07Z,checkpoint-faph20-v18d-clean96-pw96x4 + v16c,hard_neg_canary,hard_negative,0.97,fpr,0.0000,5,,checkpoint-faph20-v18d-clean96-pw96x4 + v16c
2026-04-29T17:44:07Z,checkpoint-faph20-v18d-clean96-pw96x4 + v16c,hard_neg_canary,hard_negative,0.99,fpr,0.0000,5,,checkpoint-faph20-v18d-clean96-pw96x4 + v16c
2026-04-29T17:44:07Z,checkpoint-faph20-v18d-clean96-pw96x4 + v16c,hard_neg_canary,hard_negative,0.995,fpr,0.0000,5,,checkpoint-faph20-v18d-clean96-pw96x4 + v16c
2026-04-29T17:44:07Z,checkpoint-faph20-v18d-clean96-pw96x4 + v16c,hard_neg_canary,hard_negative,0.996,fpr,0.0000,5,,checkpoint-faph20-v18d-clean96-pw96x4 + v16c
2026-04-29T17:44:07Z,checkpoint-faph20-v18d-clean96-pw96x4 + v16c,hard_neg_canary,hard_negative,0.999,fpr,0.0000,5,,checkpoint-faph20-v18d-clean96-pw96x4 + v16c
2026-04-29T17:44:07Z,checkpoint-faph20-v18d-clean96-pw96x4 + v16c,neg_prefix_only_mattias_short,hard_negative,0.97,fpr,0.7182,220,,checkpoint-faph20-v18d-clean96-pw96x4 + v16c
2026-04-29T17:44:07Z,checkpoint-faph20-v18d-clean96-pw96x4 + v16c,neg_prefix_only_mattias_short,hard_negative,0.99,fpr,0.6955,220,,checkpoint-faph20-v18d-clean96-pw96x4 + v16c
2026-04-29T17:44:07Z,checkpoint-faph20-v18d-clean96-pw96x4 + v16c,neg_prefix_only_mattias_short,hard_negative,0.995,fpr,0.6818,220,,checkpoint-faph20-v18d-clean96-pw96x4 + v16c
2026-04-29T17:44:07Z,checkpoint-faph20-v18d-clean96-pw96x4 + v16c,neg_prefix_only_mattias_short,hard_negative,0.996,fpr,0.6818,220,,checkpoint-faph20-v18d-clean96-pw96x4 + v16c
2026-04-29T17:44:07Z,checkpoint-faph20-v18d-clean96-pw96x4 + v16c,neg_prefix_only_mattias_short,hard_negative,0.999,fpr,0.6545,220,,checkpoint-faph20-v18d-clean96-pw96x4 + v16c
2026-04-29T17:44:07Z,checkpoint-faph20-v18d-clean96-pw96x4 + v16c,neg_single_kratt_neurokone,hard_negative,0.97,fpr,0.1720,186,,checkpoint-faph20-v18d-clean96-pw96x4 + v16c
2026-04-29T17:44:07Z,checkpoint-faph20-v18d-clean96-pw96x4 + v16c,neg_single_kratt_neurokone,hard_negative,0.99,fpr,0.0968,186,,checkpoint-faph20-v18d-clean96-pw96x4 + v16c
2026-04-29T17:44:07Z,checkpoint-faph20-v18d-clean96-pw96x4 + v16c,neg_single_kratt_neurokone,hard_negative,0.995,fpr,0.0968,186,,checkpoint-faph20-v18d-clean96-pw96x4 + v16c
2026-04-29T17:44:07Z,checkpoint-faph20-v18d-clean96-pw96x4 + v16c,neg_single_kratt_neurokone,hard_negative,0.996,fpr,0.0968,186,,checkpoint-faph20-v18d-clean96-pw96x4 + v16c
2026-04-29T17:44:07Z,checkpoint-faph20-v18d-clean96-pw96x4 + v16c,neg_single_kratt_neurokone,hard_negative,0.999,fpr,0.0645,186,,checkpoint-faph20-v18d-clean96-pw96x4 + v16c
2026-04-29T17:44:07Z,checkpoint-faph20-v18d-clean96-pw96x4 + v16c,neg_reversed_kratt_kuule,hard_negative,0.97,fpr,0.8594,64,,checkpoint-faph20-v18d-clean96-pw96x4 + v16c
2026-04-29T17:44:07Z,checkpoint-faph20-v18d-clean96-pw96x4 + v16c,neg_reversed_kratt_kuule,hard_negative,0.99,fpr,0.8594,64,,checkpoint-faph20-v18d-clean96-pw96x4 + v16c
2026-04-29T17:44:07Z,checkpoint-faph20-v18d-clean96-pw96x4 + v16c,neg_reversed_kratt_kuule,hard_negative,0.995,fpr,0.8594,64,,checkpoint-faph20-v18d-clean96-pw96x4 + v16c
2026-04-29T17:44:07Z,checkpoint-faph20-v18d-clean96-pw96x4 + v16c,neg_reversed_kratt_kuule,hard_negative,0.996,fpr,0.8594,64,,checkpoint-faph20-v18d-clean96-pw96x4 + v16c
2026-04-29T17:44:07Z,checkpoint-faph20-v18d-clean96-pw96x4 + v16c,neg_reversed_kratt_kuule,hard_negative,0.999,fpr,0.8594,64,,checkpoint-faph20-v18d-clean96-pw96x4 + v16c
2026-04-29T17:44:07Z,checkpoint-faph20-v18d-clean96-pw96x4 + v16c,neg_kuule_kule_confusables,hard_negative,0.97,fpr,0.8500,600,,checkpoint-faph20-v18d-clean96-pw96x4 + v16c
2026-04-29T17:44:07Z,checkpoint-faph20-v18d-clean96-pw96x4 + v16c,neg_kuule_kule_confusables,hard_negative,0.99,fpr,0.8050,600,,checkpoint-faph20-v18d-clean96-pw96x4 + v16c
2026-04-29T17:44:07Z,checkpoint-faph20-v18d-clean96-pw96x4 + v16c,neg_kuule_kule_confusables,hard_negative,0.995,fpr,0.7817,600,,checkpoint-faph20-v18d-clean96-pw96x4 + v16c
2026-04-29T17:44:07Z,checkpoint-faph20-v18d-clean96-pw96x4 + v16c,neg_kuule_kule_confusables,hard_negative,0.996,fpr,0.7783,600,,checkpoint-faph20-v18d-clean96-pw96x4 + v16c
2026-04-29T17:44:07Z,checkpoint-faph20-v18d-clean96-pw96x4 + v16c,neg_kuule_kule_confusables,hard_negative,0.999,fpr,0.7550,600,,checkpoint-faph20-v18d-clean96-pw96x4 + v16c
2026-04-29T17:44:07Z,checkpoint-faph20-v18d-clean96-pw96x4 + v16c,faph_cv_et,ambient,0.97,faph,0.7852,2000,3.82,checkpoint-faph20-v18d-clean96-pw96x4 + v16c
2026-04-29T17:44:07Z,checkpoint-faph20-v18d-clean96-pw96x4 + v16c,faph_cv_et,ambient,0.99,faph,0.5235,2000,3.82,checkpoint-faph20-v18d-clean96-pw96x4 + v16c
2026-04-29T17:44:07Z,checkpoint-faph20-v18d-clean96-pw96x4 + v16c,faph_cv_et,ambient,0.995,faph,0.5235,2000,3.82,checkpoint-faph20-v18d-clean96-pw96x4 + v16c
2026-04-29T17:44:07Z,checkpoint-faph20-v18d-clean96-pw96x4 + v16c,faph_cv_et,ambient,0.996,faph,0.5235,2000,3.82,checkpoint-faph20-v18d-clean96-pw96x4 + v16c
2026-04-29T17:44:07Z,checkpoint-faph20-v18d-clean96-pw96x4 + v16c,faph_cv_et,ambient,0.999,faph,0.5235,2000,3.82,checkpoint-faph20-v18d-clean96-pw96x4 + v16c
2026-04-29T17:44:07Z,checkpoint-faph20-v18d-clean96-pw96x4 + v16c,faph_librispeech,ambient,0.97,faph,0.0000,2620,5.62,checkpoint-faph20-v18d-clean96-pw96x4 + v16c
2026-04-29T17:44:07Z,checkpoint-faph20-v18d-clean96-pw96x4 + v16c,faph_librispeech,ambient,0.99,faph,0.0000,2620,5.62,checkpoint-faph20-v18d-clean96-pw96x4 + v16c
2026-04-29T17:44:07Z,checkpoint-faph20-v18d-clean96-pw96x4 + v16c,faph_librispeech,ambient,0.995,faph,0.0000,2620,5.62,checkpoint-faph20-v18d-clean96-pw96x4 + v16c
2026-04-29T17:44:07Z,checkpoint-faph20-v18d-clean96-pw96x4 + v16c,faph_librispeech,ambient,0.996,faph,0.0000,2620,5.62,checkpoint-faph20-v18d-clean96-pw96x4 + v16c
2026-04-29T17:44:07Z,checkpoint-faph20-v18d-clean96-pw96x4 + v16c,faph_librispeech,ambient,0.999,faph,0.0000,2620,5.62,checkpoint-faph20-v18d-clean96-pw96x4 + v16c
2026-04-29T17:44:07Z,checkpoint-faph20-v18d-clean96-pw96x4 + v16c,faph_macbook_bg,ambient,0.97,faph,0.0000,14,1.17,checkpoint-faph20-v18d-clean96-pw96x4 + v16c
2026-04-29T17:44:07Z,checkpoint-faph20-v18d-clean96-pw96x4 + v16c,faph_macbook_bg,ambient,0.99,faph,0.0000,14,1.17,checkpoint-faph20-v18d-clean96-pw96x4 + v16c
2026-04-29T17:44:07Z,checkpoint-faph20-v18d-clean96-pw96x4 + v16c,faph_macbook_bg,ambient,0.995,faph,0.0000,14,1.17,checkpoint-faph20-v18d-clean96-pw96x4 + v16c
2026-04-29T17:44:07Z,checkpoint-faph20-v18d-clean96-pw96x4 + v16c,faph_macbook_bg,ambient,0.996,faph,0.0000,14,1.17,checkpoint-faph20-v18d-clean96-pw96x4 + v16c
2026-04-29T17:44:07Z,checkpoint-faph20-v18d-clean96-pw96x4 + v16c,faph_macbook_bg,ambient,0.999,faph,0.0000,14,1.17,checkpoint-faph20-v18d-clean96-pw96x4 + v16c
2026-04-29T17:44:07Z,checkpoint-faph20-v18d-clean96-pw96x4 + v16c,faph_dipco,ambient,0.97,faph,0.0000,6,3.32,checkpoint-faph20-v18d-clean96-pw96x4 + v16c
2026-04-29T17:44:07Z,checkpoint-faph20-v18d-clean96-pw96x4 + v16c,faph_dipco,ambient,0.99,faph,0.0000,6,3.32,checkpoint-faph20-v18d-clean96-pw96x4 + v16c
2026-04-29T17:44:07Z,checkpoint-faph20-v18d-clean96-pw96x4 + v16c,faph_dipco,ambient,0.995,faph,0.0000,6,3.32,checkpoint-faph20-v18d-clean96-pw96x4 + v16c
2026-04-29T17:44:07Z,checkpoint-faph20-v18d-clean96-pw96x4 + v16c,faph_dipco,ambient,0.996,faph,0.0000,6,3.32,checkpoint-faph20-v18d-clean96-pw96x4 + v16c
2026-04-29T17:44:07Z,checkpoint-faph20-v18d-clean96-pw96x4 + v16c,faph_dipco,ambient,0.999,faph,0.0000,6,3.32,checkpoint-faph20-v18d-clean96-pw96x4 + v16c
2026-04-29T17:44:07Z,checkpoint-faph20-v18d-clean96-pw96x4 + expert-a,pos_isa_xtts,positive,0.97,recall,0.6875,48,,checkpoint-faph20-v18d-clean96-pw96x4 + expert-a
2026-04-29T17:44:07Z,checkpoint-faph20-v18d-clean96-pw96x4 + expert-a,pos_isa_xtts,positive,0.99,recall,0.6875,48,,checkpoint-faph20-v18d-clean96-pw96x4 + expert-a
2026-04-29T17:44:07Z,checkpoint-faph20-v18d-clean96-pw96x4 + expert-a,pos_isa_xtts,positive,0.995,recall,0.6667,48,,checkpoint-faph20-v18d-clean96-pw96x4 + expert-a
2026-04-29T17:44:07Z,checkpoint-faph20-v18d-clean96-pw96x4 + expert-a,pos_isa_xtts,positive,0.996,recall,0.6667,48,,checkpoint-faph20-v18d-clean96-pw96x4 + expert-a
2026-04-29T17:44:07Z,checkpoint-faph20-v18d-clean96-pw96x4 + expert-a,pos_isa_xtts,positive,0.999,recall,0.6250,48,,checkpoint-faph20-v18d-clean96-pw96x4 + expert-a
2026-04-29T17:44:07Z,checkpoint-faph20-v18d-clean96-pw96x4 + expert-a,pos_ode,positive,0.97,recall,0.9091,11,,checkpoint-faph20-v18d-clean96-pw96x4 + expert-a
2026-04-29T17:44:07Z,checkpoint-faph20-v18d-clean96-pw96x4 + expert-a,pos_ode,positive,0.99,recall,0.9091,11,,checkpoint-faph20-v18d-clean96-pw96x4 + expert-a
2026-04-29T17:44:07Z,checkpoint-faph20-v18d-clean96-pw96x4 + expert-a,pos_ode,positive,0.995,recall,0.9091,11,,checkpoint-faph20-v18d-clean96-pw96x4 + expert-a
2026-04-29T17:44:07Z,checkpoint-faph20-v18d-clean96-pw96x4 + expert-a,pos_ode,positive,0.996,recall,0.9091,11,,checkpoint-faph20-v18d-clean96-pw96x4 + expert-a
2026-04-29T17:44:07Z,checkpoint-faph20-v18d-clean96-pw96x4 + expert-a,pos_ode,positive,0.999,recall,0.9091,11,,checkpoint-faph20-v18d-clean96-pw96x4 + expert-a
2026-04-29T17:44:07Z,checkpoint-faph20-v18d-clean96-pw96x4 + expert-a,pos_mattias_short,positive,0.97,recall,0.8149,362,,checkpoint-faph20-v18d-clean96-pw96x4 + expert-a
2026-04-29T17:44:07Z,checkpoint-faph20-v18d-clean96-pw96x4 + expert-a,pos_mattias_short,positive,0.99,recall,0.7901,362,,checkpoint-faph20-v18d-clean96-pw96x4 + expert-a
2026-04-29T17:44:07Z,checkpoint-faph20-v18d-clean96-pw96x4 + expert-a,pos_mattias_short,positive,0.995,recall,0.7762,362,,checkpoint-faph20-v18d-clean96-pw96x4 + expert-a
2026-04-29T17:44:07Z,checkpoint-faph20-v18d-clean96-pw96x4 + expert-a,pos_mattias_short,positive,0.996,recall,0.7762,362,,checkpoint-faph20-v18d-clean96-pw96x4 + expert-a
2026-04-29T17:44:07Z,checkpoint-faph20-v18d-clean96-pw96x4 + expert-a,pos_mattias_short,positive,0.999,recall,0.7569,362,,checkpoint-faph20-v18d-clean96-pw96x4 + expert-a
2026-04-29T17:44:07Z,checkpoint-faph20-v18d-clean96-pw96x4 + expert-a,pos_friend1,positive,0.97,recall,0.4966,145,,checkpoint-faph20-v18d-clean96-pw96x4 + expert-a
2026-04-29T17:44:07Z,checkpoint-faph20-v18d-clean96-pw96x4 + expert-a,pos_friend1,positive,0.99,recall,0.4345,145,,checkpoint-faph20-v18d-clean96-pw96x4 + expert-a
2026-04-29T17:44:07Z,checkpoint-faph20-v18d-clean96-pw96x4 + expert-a,pos_friend1,positive,0.995,recall,0.4138,145,,checkpoint-faph20-v18d-clean96-pw96x4 + expert-a
2026-04-29T17:44:07Z,checkpoint-faph20-v18d-clean96-pw96x4 + expert-a,pos_friend1,positive,0.996,recall,0.4138,145,,checkpoint-faph20-v18d-clean96-pw96x4 + expert-a
2026-04-29T17:44:07Z,checkpoint-faph20-v18d-clean96-pw96x4 + expert-a,pos_friend1,positive,0.999,recall,0.3862,145,,checkpoint-faph20-v18d-clean96-pw96x4 + expert-a
2026-04-29T17:44:07Z,checkpoint-faph20-v18d-clean96-pw96x4 + expert-a,hard_neg_mac_holdout,hard_negative,0.97,fpr,0.5333,15,,checkpoint-faph20-v18d-clean96-pw96x4 + expert-a
2026-04-29T17:44:07Z,checkpoint-faph20-v18d-clean96-pw96x4 + expert-a,hard_neg_mac_holdout,hard_negative,0.99,fpr,0.5333,15,,checkpoint-faph20-v18d-clean96-pw96x4 + expert-a
2026-04-29T17:44:07Z,checkpoint-faph20-v18d-clean96-pw96x4 + expert-a,hard_neg_mac_holdout,hard_negative,0.995,fpr,0.4667,15,,checkpoint-faph20-v18d-clean96-pw96x4 + expert-a
2026-04-29T17:44:07Z,checkpoint-faph20-v18d-clean96-pw96x4 + expert-a,hard_neg_mac_holdout,hard_negative,0.996,fpr,0.4667,15,,checkpoint-faph20-v18d-clean96-pw96x4 + expert-a
2026-04-29T17:44:07Z,checkpoint-faph20-v18d-clean96-pw96x4 + expert-a,hard_neg_mac_holdout,hard_negative,0.999,fpr,0.4667,15,,checkpoint-faph20-v18d-clean96-pw96x4 + expert-a
2026-04-29T17:44:07Z,checkpoint-faph20-v18d-clean96-pw96x4 + expert-a,hard_neg_isa_xtts,hard_negative,0.97,fpr,0.6000,60,,checkpoint-faph20-v18d-clean96-pw96x4 + expert-a
2026-04-29T17:44:07Z,checkpoint-faph20-v18d-clean96-pw96x4 + expert-a,hard_neg_isa_xtts,hard_negative,0.99,fpr,0.5833,60,,checkpoint-faph20-v18d-clean96-pw96x4 + expert-a
2026-04-29T17:44:07Z,checkpoint-faph20-v18d-clean96-pw96x4 + expert-a,hard_neg_isa_xtts,hard_negative,0.995,fpr,0.5833,60,,checkpoint-faph20-v18d-clean96-pw96x4 + expert-a
2026-04-29T17:44:07Z,checkpoint-faph20-v18d-clean96-pw96x4 + expert-a,hard_neg_isa_xtts,hard_negative,0.996,fpr,0.5833,60,,checkpoint-faph20-v18d-clean96-pw96x4 + expert-a
2026-04-29T17:44:07Z,checkpoint-faph20-v18d-clean96-pw96x4 + expert-a,hard_neg_isa_xtts,hard_negative,0.999,fpr,0.5667,60,,checkpoint-faph20-v18d-clean96-pw96x4 + expert-a
2026-04-29T17:44:07Z,checkpoint-faph20-v18d-clean96-pw96x4 + expert-a,hard_neg_canary,hard_negative,0.97,fpr,0.0000,5,,checkpoint-faph20-v18d-clean96-pw96x4 + expert-a
2026-04-29T17:44:07Z,checkpoint-faph20-v18d-clean96-pw96x4 + expert-a,hard_neg_canary,hard_negative,0.99,fpr,0.0000,5,,checkpoint-faph20-v18d-clean96-pw96x4 + expert-a
2026-04-29T17:44:07Z,checkpoint-faph20-v18d-clean96-pw96x4 + expert-a,hard_neg_canary,hard_negative,0.995,fpr,0.0000,5,,checkpoint-faph20-v18d-clean96-pw96x4 + expert-a
2026-04-29T17:44:07Z,checkpoint-faph20-v18d-clean96-pw96x4 + expert-a,hard_neg_canary,hard_negative,0.996,fpr,0.0000,5,,checkpoint-faph20-v18d-clean96-pw96x4 + expert-a
2026-04-29T17:44:07Z,checkpoint-faph20-v18d-clean96-pw96x4 + expert-a,hard_neg_canary,hard_negative,0.999,fpr,0.0000,5,,checkpoint-faph20-v18d-clean96-pw96x4 + expert-a
2026-04-29T17:44:07Z,checkpoint-faph20-v18d-clean96-pw96x4 + expert-a,neg_prefix_only_mattias_short,hard_negative,0.97,fpr,0.7364,220,,checkpoint-faph20-v18d-clean96-pw96x4 + expert-a
2026-04-29T17:44:07Z,checkpoint-faph20-v18d-clean96-pw96x4 + expert-a,neg_prefix_only_mattias_short,hard_negative,0.99,fpr,0.7045,220,,checkpoint-faph20-v18d-clean96-pw96x4 + expert-a
2026-04-29T17:44:07Z,checkpoint-faph20-v18d-clean96-pw96x4 + expert-a,neg_prefix_only_mattias_short,hard_negative,0.995,fpr,0.6909,220,,checkpoint-faph20-v18d-clean96-pw96x4 + expert-a
2026-04-29T17:44:07Z,checkpoint-faph20-v18d-clean96-pw96x4 + expert-a,neg_prefix_only_mattias_short,hard_negative,0.996,fpr,0.6909,220,,checkpoint-faph20-v18d-clean96-pw96x4 + expert-a
2026-04-29T17:44:07Z,checkpoint-faph20-v18d-clean96-pw96x4 + expert-a,neg_prefix_only_mattias_short,hard_negative,0.999,fpr,0.6636,220,,checkpoint-faph20-v18d-clean96-pw96x4 + expert-a
2026-04-29T17:44:07Z,checkpoint-faph20-v18d-clean96-pw96x4 + expert-a,neg_single_kratt_neurokone,hard_negative,0.97,fpr,0.9892,186,,checkpoint-faph20-v18d-clean96-pw96x4 + expert-a
2026-04-29T17:44:07Z,checkpoint-faph20-v18d-clean96-pw96x4 + expert-a,neg_single_kratt_neurokone,hard_negative,0.99,fpr,0.9624,186,,checkpoint-faph20-v18d-clean96-pw96x4 + expert-a
2026-04-29T17:44:07Z,checkpoint-faph20-v18d-clean96-pw96x4 + expert-a,neg_single_kratt_neurokone,hard_negative,0.995,fpr,0.9516,186,,checkpoint-faph20-v18d-clean96-pw96x4 + expert-a
2026-04-29T17:44:07Z,checkpoint-faph20-v18d-clean96-pw96x4 + expert-a,neg_single_kratt_neurokone,hard_negative,0.996,fpr,0.9516,186,,checkpoint-faph20-v18d-clean96-pw96x4 + expert-a
2026-04-29T17:44:07Z,checkpoint-faph20-v18d-clean96-pw96x4 + expert-a,neg_single_kratt_neurokone,hard_negative,0.999,fpr,0.9247,186,,checkpoint-faph20-v18d-clean96-pw96x4 + expert-a
2026-04-29T17:44:07Z,checkpoint-faph20-v18d-clean96-pw96x4 + expert-a,neg_reversed_kratt_kuule,hard_negative,0.97,fpr,0.9375,64,,checkpoint-faph20-v18d-clean96-pw96x4 + expert-a
2026-04-29T17:44:07Z,checkpoint-faph20-v18d-clean96-pw96x4 + expert-a,neg_reversed_kratt_kuule,hard_negative,0.99,fpr,0.9375,64,,checkpoint-faph20-v18d-clean96-pw96x4 + expert-a
2026-04-29T17:44:07Z,checkpoint-faph20-v18d-clean96-pw96x4 + expert-a,neg_reversed_kratt_kuule,hard_negative,0.995,fpr,0.9375,64,,checkpoint-faph20-v18d-clean96-pw96x4 + expert-a
2026-04-29T17:44:07Z,checkpoint-faph20-v18d-clean96-pw96x4 + expert-a,neg_reversed_kratt_kuule,hard_negative,0.996,fpr,0.9375,64,,checkpoint-faph20-v18d-clean96-pw96x4 + expert-a
2026-04-29T17:44:07Z,checkpoint-faph20-v18d-clean96-pw96x4 + expert-a,neg_reversed_kratt_kuule,hard_negative,0.999,fpr,0.9375,64,,checkpoint-faph20-v18d-clean96-pw96x4 + expert-a
2026-04-29T17:44:07Z,checkpoint-faph20-v18d-clean96-pw96x4 + expert-a,neg_kuule_kule_confusables,hard_negative,0.97,fpr,0.8500,600,,checkpoint-faph20-v18d-clean96-pw96x4 + expert-a
2026-04-29T17:44:07Z,checkpoint-faph20-v18d-clean96-pw96x4 + expert-a,neg_kuule_kule_confusables,hard_negative,0.99,fpr,0.8067,600,,checkpoint-faph20-v18d-clean96-pw96x4 + expert-a
2026-04-29T17:44:07Z,checkpoint-faph20-v18d-clean96-pw96x4 + expert-a,neg_kuule_kule_confusables,hard_negative,0.995,fpr,0.7833,600,,checkpoint-faph20-v18d-clean96-pw96x4 + expert-a
2026-04-29T17:44:07Z,checkpoint-faph20-v18d-clean96-pw96x4 + expert-a,neg_kuule_kule_confusables,hard_negative,0.996,fpr,0.7800,600,,checkpoint-faph20-v18d-clean96-pw96x4 + expert-a
2026-04-29T17:44:07Z,checkpoint-faph20-v18d-clean96-pw96x4 + expert-a,neg_kuule_kule_confusables,hard_negative,0.999,fpr,0.7567,600,,checkpoint-faph20-v18d-clean96-pw96x4 + expert-a
2026-04-29T17:44:07Z,checkpoint-faph20-v18d-clean96-pw96x4 + expert-a,faph_cv_et,ambient,0.97,faph,1.3087,2000,3.82,checkpoint-faph20-v18d-clean96-pw96x4 + expert-a
2026-04-29T17:44:07Z,checkpoint-faph20-v18d-clean96-pw96x4 + expert-a,faph_cv_et,ambient,0.99,faph,0.5235,2000,3.82,checkpoint-faph20-v18d-clean96-pw96x4 + expert-a
2026-04-29T17:44:07Z,checkpoint-faph20-v18d-clean96-pw96x4 + expert-a,faph_cv_et,ambient,0.995,faph,0.2617,2000,3.82,checkpoint-faph20-v18d-clean96-pw96x4 + expert-a
2026-04-29T17:44:07Z,checkpoint-faph20-v18d-clean96-pw96x4 + expert-a,faph_cv_et,ambient,0.996,faph,0.2617,2000,3.82,checkpoint-faph20-v18d-clean96-pw96x4 + expert-a
2026-04-29T17:44:07Z,checkpoint-faph20-v18d-clean96-pw96x4 + expert-a,faph_cv_et,ambient,0.999,faph,0.2617,2000,3.82,checkpoint-faph20-v18d-clean96-pw96x4 + expert-a
2026-04-29T17:44:07Z,checkpoint-faph20-v18d-clean96-pw96x4 + expert-a,faph_librispeech,ambient,0.97,faph,0.0000,2620,5.62,checkpoint-faph20-v18d-clean96-pw96x4 + expert-a
2026-04-29T17:44:07Z,checkpoint-faph20-v18d-clean96-pw96x4 + expert-a,faph_librispeech,ambient,0.99,faph,0.0000,2620,5.62,checkpoint-faph20-v18d-clean96-pw96x4 + expert-a
2026-04-29T17:44:07Z,checkpoint-faph20-v18d-clean96-pw96x4 + expert-a,faph_librispeech,ambient,0.995,faph,0.0000,2620,5.62,checkpoint-faph20-v18d-clean96-pw96x4 + expert-a
2026-04-29T17:44:07Z,checkpoint-faph20-v18d-clean96-pw96x4 + expert-a,faph_librispeech,ambient,0.996,faph,0.0000,2620,5.62,checkpoint-faph20-v18d-clean96-pw96x4 + expert-a
2026-04-29T17:44:07Z,checkpoint-faph20-v18d-clean96-pw96x4 + expert-a,faph_librispeech,ambient,0.999,faph,0.0000,2620,5.62,checkpoint-faph20-v18d-clean96-pw96x4 + expert-a
2026-04-29T17:44:07Z,checkpoint-faph20-v18d-clean96-pw96x4 + expert-a,faph_macbook_bg,ambient,0.97,faph,2.5691,14,1.17,checkpoint-faph20-v18d-clean96-pw96x4 + expert-a
2026-04-29T17:44:07Z,checkpoint-faph20-v18d-clean96-pw96x4 + expert-a,faph_macbook_bg,ambient,0.99,faph,2.5691,14,1.17,checkpoint-faph20-v18d-clean96-pw96x4 + expert-a
2026-04-29T17:44:07Z,checkpoint-faph20-v18d-clean96-pw96x4 + expert-a,faph_macbook_bg,ambient,0.995,faph,1.7127,14,1.17,checkpoint-faph20-v18d-clean96-pw96x4 + expert-a
2026-04-29T17:44:07Z,checkpoint-faph20-v18d-clean96-pw96x4 + expert-a,faph_macbook_bg,ambient,0.996,faph,1.7127,14,1.17,checkpoint-faph20-v18d-clean96-pw96x4 + expert-a
2026-04-29T17:44:07Z,checkpoint-faph20-v18d-clean96-pw96x4 + expert-a,faph_macbook_bg,ambient,0.999,faph,0.0000,14,1.17,checkpoint-faph20-v18d-clean96-pw96x4 + expert-a
2026-04-29T17:44:07Z,checkpoint-faph20-v18d-clean96-pw96x4 + expert-a,faph_dipco,ambient,0.97,faph,0.0000,6,3.32,checkpoint-faph20-v18d-clean96-pw96x4 + expert-a
2026-04-29T17:44:07Z,checkpoint-faph20-v18d-clean96-pw96x4 + expert-a,faph_dipco,ambient,0.99,faph,0.0000,6,3.32,checkpoint-faph20-v18d-clean96-pw96x4 + expert-a
2026-04-29T17:44:07Z,checkpoint-faph20-v18d-clean96-pw96x4 + expert-a,faph_dipco,ambient,0.995,faph,0.0000,6,3.32,checkpoint-faph20-v18d-clean96-pw96x4 + expert-a
2026-04-29T17:44:07Z,checkpoint-faph20-v18d-clean96-pw96x4 + expert-a,faph_dipco,ambient,0.996,faph,0.0000,6,3.32,checkpoint-faph20-v18d-clean96-pw96x4 + expert-a
2026-04-29T17:44:07Z,checkpoint-faph20-v18d-clean96-pw96x4 + expert-a,faph_dipco,ambient,0.999,faph,0.0000,6,3.32,checkpoint-faph20-v18d-clean96-pw96x4 + expert-a
2026-04-29T17:44:07Z,checkpoint-faph20-v18d-clean96-pw96x4 + v6-residual,pos_isa_xtts,positive,0.97,recall,0.7500,48,,checkpoint-faph20-v18d-clean96-pw96x4 + v6-residual
2026-04-29T17:44:07Z,checkpoint-faph20-v18d-clean96-pw96x4 + v6-residual,pos_isa_xtts,positive,0.99,recall,0.7292,48,,checkpoint-faph20-v18d-clean96-pw96x4 + v6-residual
2026-04-29T17:44:07Z,checkpoint-faph20-v18d-clean96-pw96x4 + v6-residual,pos_isa_xtts,positive,0.995,recall,0.7292,48,,checkpoint-faph20-v18d-clean96-pw96x4 + v6-residual
2026-04-29T17:44:07Z,checkpoint-faph20-v18d-clean96-pw96x4 + v6-residual,pos_isa_xtts,positive,0.996,recall,0.7292,48,,checkpoint-faph20-v18d-clean96-pw96x4 + v6-residual
2026-04-29T17:44:07Z,checkpoint-faph20-v18d-clean96-pw96x4 + v6-residual,pos_isa_xtts,positive,0.999,recall,0.6667,48,,checkpoint-faph20-v18d-clean96-pw96x4 + v6-residual
2026-04-29T17:44:07Z,checkpoint-faph20-v18d-clean96-pw96x4 + v6-residual,pos_ode,positive,0.97,recall,0.9091,11,,checkpoint-faph20-v18d-clean96-pw96x4 + v6-residual
2026-04-29T17:44:07Z,checkpoint-faph20-v18d-clean96-pw96x4 + v6-residual,pos_ode,positive,0.99,recall,0.9091,11,,checkpoint-faph20-v18d-clean96-pw96x4 + v6-residual
2026-04-29T17:44:07Z,checkpoint-faph20-v18d-clean96-pw96x4 + v6-residual,pos_ode,positive,0.995,recall,0.9091,11,,checkpoint-faph20-v18d-clean96-pw96x4 + v6-residual
2026-04-29T17:44:07Z,checkpoint-faph20-v18d-clean96-pw96x4 + v6-residual,pos_ode,positive,0.996,recall,0.9091,11,,checkpoint-faph20-v18d-clean96-pw96x4 + v6-residual
2026-04-29T17:44:07Z,checkpoint-faph20-v18d-clean96-pw96x4 + v6-residual,pos_ode,positive,0.999,recall,0.9091,11,,checkpoint-faph20-v18d-clean96-pw96x4 + v6-residual
2026-04-29T17:44:07Z,checkpoint-faph20-v18d-clean96-pw96x4 + v6-residual,pos_mattias_short,positive,0.97,recall,0.7017,362,,checkpoint-faph20-v18d-clean96-pw96x4 + v6-residual
2026-04-29T17:44:07Z,checkpoint-faph20-v18d-clean96-pw96x4 + v6-residual,pos_mattias_short,positive,0.99,recall,0.6685,362,,checkpoint-faph20-v18d-clean96-pw96x4 + v6-residual
2026-04-29T17:44:07Z,checkpoint-faph20-v18d-clean96-pw96x4 + v6-residual,pos_mattias_short,positive,0.995,recall,0.6519,362,,checkpoint-faph20-v18d-clean96-pw96x4 + v6-residual
2026-04-29T17:44:07Z,checkpoint-faph20-v18d-clean96-pw96x4 + v6-residual,pos_mattias_short,positive,0.996,recall,0.6519,362,,checkpoint-faph20-v18d-clean96-pw96x4 + v6-residual
2026-04-29T17:44:07Z,checkpoint-faph20-v18d-clean96-pw96x4 + v6-residual,pos_mattias_short,positive,0.999,recall,0.6160,362,,checkpoint-faph20-v18d-clean96-pw96x4 + v6-residual
2026-04-29T17:44:07Z,checkpoint-faph20-v18d-clean96-pw96x4 + v6-residual,pos_friend1,positive,0.97,recall,0.5034,145,,checkpoint-faph20-v18d-clean96-pw96x4 + v6-residual
2026-04-29T17:44:07Z,checkpoint-faph20-v18d-clean96-pw96x4 + v6-residual,pos_friend1,positive,0.99,recall,0.4414,145,,checkpoint-faph20-v18d-clean96-pw96x4 + v6-residual
2026-04-29T17:44:07Z,checkpoint-faph20-v18d-clean96-pw96x4 + v6-residual,pos_friend1,positive,0.995,recall,0.4207,145,,checkpoint-faph20-v18d-clean96-pw96x4 + v6-residual
2026-04-29T17:44:07Z,checkpoint-faph20-v18d-clean96-pw96x4 + v6-residual,pos_friend1,positive,0.996,recall,0.4207,145,,checkpoint-faph20-v18d-clean96-pw96x4 + v6-residual
2026-04-29T17:44:07Z,checkpoint-faph20-v18d-clean96-pw96x4 + v6-residual,pos_friend1,positive,0.999,recall,0.3931,145,,checkpoint-faph20-v18d-clean96-pw96x4 + v6-residual
2026-04-29T17:44:07Z,checkpoint-faph20-v18d-clean96-pw96x4 + v6-residual,hard_neg_mac_holdout,hard_negative,0.97,fpr,0.5333,15,,checkpoint-faph20-v18d-clean96-pw96x4 + v6-residual
2026-04-29T17:44:07Z,checkpoint-faph20-v18d-clean96-pw96x4 + v6-residual,hard_neg_mac_holdout,hard_negative,0.99,fpr,0.5333,15,,checkpoint-faph20-v18d-clean96-pw96x4 + v6-residual
2026-04-29T17:44:07Z,checkpoint-faph20-v18d-clean96-pw96x4 + v6-residual,hard_neg_mac_holdout,hard_negative,0.995,fpr,0.4667,15,,checkpoint-faph20-v18d-clean96-pw96x4 + v6-residual
2026-04-29T17:44:07Z,checkpoint-faph20-v18d-clean96-pw96x4 + v6-residual,hard_neg_mac_holdout,hard_negative,0.996,fpr,0.4667,15,,checkpoint-faph20-v18d-clean96-pw96x4 + v6-residual
2026-04-29T17:44:07Z,checkpoint-faph20-v18d-clean96-pw96x4 + v6-residual,hard_neg_mac_holdout,hard_negative,0.999,fpr,0.4667,15,,checkpoint-faph20-v18d-clean96-pw96x4 + v6-residual
2026-04-29T17:44:07Z,checkpoint-faph20-v18d-clean96-pw96x4 + v6-residual,hard_neg_isa_xtts,hard_negative,0.97,fpr,0.5833,60,,checkpoint-faph20-v18d-clean96-pw96x4 + v6-residual
2026-04-29T17:44:07Z,checkpoint-faph20-v18d-clean96-pw96x4 + v6-residual,hard_neg_isa_xtts,hard_negative,0.99,fpr,0.5667,60,,checkpoint-faph20-v18d-clean96-pw96x4 + v6-residual
2026-04-29T17:44:07Z,checkpoint-faph20-v18d-clean96-pw96x4 + v6-residual,hard_neg_isa_xtts,hard_negative,0.995,fpr,0.5667,60,,checkpoint-faph20-v18d-clean96-pw96x4 + v6-residual
2026-04-29T17:44:07Z,checkpoint-faph20-v18d-clean96-pw96x4 + v6-residual,hard_neg_isa_xtts,hard_negative,0.996,fpr,0.5667,60,,checkpoint-faph20-v18d-clean96-pw96x4 + v6-residual
2026-04-29T17:44:07Z,checkpoint-faph20-v18d-clean96-pw96x4 + v6-residual,hard_neg_isa_xtts,hard_negative,0.999,fpr,0.5333,60,,checkpoint-faph20-v18d-clean96-pw96x4 + v6-residual
2026-04-29T17:44:07Z,checkpoint-faph20-v18d-clean96-pw96x4 + v6-residual,hard_neg_canary,hard_negative,0.97,fpr,0.0000,5,,checkpoint-faph20-v18d-clean96-pw96x4 + v6-residual
2026-04-29T17:44:07Z,checkpoint-faph20-v18d-clean96-pw96x4 + v6-residual,hard_neg_canary,hard_negative,0.99,fpr,0.0000,5,,checkpoint-faph20-v18d-clean96-pw96x4 + v6-residual
2026-04-29T17:44:07Z,checkpoint-faph20-v18d-clean96-pw96x4 + v6-residual,hard_neg_canary,hard_negative,0.995,fpr,0.0000,5,,checkpoint-faph20-v18d-clean96-pw96x4 + v6-residual
2026-04-29T17:44:07Z,checkpoint-faph20-v18d-clean96-pw96x4 + v6-residual,hard_neg_canary,hard_negative,0.996,fpr,0.0000,5,,checkpoint-faph20-v18d-clean96-pw96x4 + v6-residual
2026-04-29T17:44:07Z,checkpoint-faph20-v18d-clean96-pw96x4 + v6-residual,hard_neg_canary,hard_negative,0.999,fpr,0.0000,5,,checkpoint-faph20-v18d-clean96-pw96x4 + v6-residual
2026-04-29T17:44:07Z,checkpoint-faph20-v18d-clean96-pw96x4 + v6-residual,neg_prefix_only_mattias_short,hard_negative,0.97,fpr,0.6727,220,,checkpoint-faph20-v18d-clean96-pw96x4 + v6-residual
2026-04-29T17:44:07Z,checkpoint-faph20-v18d-clean96-pw96x4 + v6-residual,neg_prefix_only_mattias_short,hard_negative,0.99,fpr,0.6455,220,,checkpoint-faph20-v18d-clean96-pw96x4 + v6-residual
2026-04-29T17:44:07Z,checkpoint-faph20-v18d-clean96-pw96x4 + v6-residual,neg_prefix_only_mattias_short,hard_negative,0.995,fpr,0.6318,220,,checkpoint-faph20-v18d-clean96-pw96x4 + v6-residual
2026-04-29T17:44:07Z,checkpoint-faph20-v18d-clean96-pw96x4 + v6-residual,neg_prefix_only_mattias_short,hard_negative,0.996,fpr,0.6318,220,,checkpoint-faph20-v18d-clean96-pw96x4 + v6-residual
2026-04-29T17:44:07Z,checkpoint-faph20-v18d-clean96-pw96x4 + v6-residual,neg_prefix_only_mattias_short,hard_negative,0.999,fpr,0.6000,220,,checkpoint-faph20-v18d-clean96-pw96x4 + v6-residual
2026-04-29T17:44:07Z,checkpoint-faph20-v18d-clean96-pw96x4 + v6-residual,neg_single_kratt_neurokone,hard_negative,0.97,fpr,0.8011,186,,checkpoint-faph20-v18d-clean96-pw96x4 + v6-residual
2026-04-29T17:44:07Z,checkpoint-faph20-v18d-clean96-pw96x4 + v6-residual,neg_single_kratt_neurokone,hard_negative,0.99,fpr,0.7204,186,,checkpoint-faph20-v18d-clean96-pw96x4 + v6-residual
2026-04-29T17:44:07Z,checkpoint-faph20-v18d-clean96-pw96x4 + v6-residual,neg_single_kratt_neurokone,hard_negative,0.995,fpr,0.6989,186,,checkpoint-faph20-v18d-clean96-pw96x4 + v6-residual
2026-04-29T17:44:07Z,checkpoint-faph20-v18d-clean96-pw96x4 + v6-residual,neg_single_kratt_neurokone,hard_negative,0.996,fpr,0.6882,186,,checkpoint-faph20-v18d-clean96-pw96x4 + v6-residual
2026-04-29T17:44:07Z,checkpoint-faph20-v18d-clean96-pw96x4 + v6-residual,neg_single_kratt_neurokone,hard_negative,0.999,fpr,0.6398,186,,checkpoint-faph20-v18d-clean96-pw96x4 + v6-residual
2026-04-29T17:44:07Z,checkpoint-faph20-v18d-clean96-pw96x4 + v6-residual,neg_reversed_kratt_kuule,hard_negative,0.97,fpr,0.8906,64,,checkpoint-faph20-v18d-clean96-pw96x4 + v6-residual
2026-04-29T17:44:07Z,checkpoint-faph20-v18d-clean96-pw96x4 + v6-residual,neg_reversed_kratt_kuule,hard_negative,0.99,fpr,0.8125,64,,checkpoint-faph20-v18d-clean96-pw96x4 + v6-residual
2026-04-29T17:44:07Z,checkpoint-faph20-v18d-clean96-pw96x4 + v6-residual,neg_reversed_kratt_kuule,hard_negative,0.995,fpr,0.8125,64,,checkpoint-faph20-v18d-clean96-pw96x4 + v6-residual
2026-04-29T17:44:07Z,checkpoint-faph20-v18d-clean96-pw96x4 + v6-residual,neg_reversed_kratt_kuule,hard_negative,0.996,fpr,0.8125,64,,checkpoint-faph20-v18d-clean96-pw96x4 + v6-residual
2026-04-29T17:44:07Z,checkpoint-faph20-v18d-clean96-pw96x4 + v6-residual,neg_reversed_kratt_kuule,hard_negative,0.999,fpr,0.7344,64,,checkpoint-faph20-v18d-clean96-pw96x4 + v6-residual
2026-04-29T17:44:07Z,checkpoint-faph20-v18d-clean96-pw96x4 + v6-residual,neg_kuule_kule_confusables,hard_negative,0.97,fpr,0.8500,600,,checkpoint-faph20-v18d-clean96-pw96x4 + v6-residual
2026-04-29T17:44:07Z,checkpoint-faph20-v18d-clean96-pw96x4 + v6-residual,neg_kuule_kule_confusables,hard_negative,0.99,fpr,0.8067,600,,checkpoint-faph20-v18d-clean96-pw96x4 + v6-residual
2026-04-29T17:44:07Z,checkpoint-faph20-v18d-clean96-pw96x4 + v6-residual,neg_kuule_kule_confusables,hard_negative,0.995,fpr,0.7817,600,,checkpoint-faph20-v18d-clean96-pw96x4 + v6-residual
2026-04-29T17:44:07Z,checkpoint-faph20-v18d-clean96-pw96x4 + v6-residual,neg_kuule_kule_confusables,hard_negative,0.996,fpr,0.7783,600,,checkpoint-faph20-v18d-clean96-pw96x4 + v6-residual
2026-04-29T17:44:07Z,checkpoint-faph20-v18d-clean96-pw96x4 + v6-residual,neg_kuule_kule_confusables,hard_negative,0.999,fpr,0.7550,600,,checkpoint-faph20-v18d-clean96-pw96x4 + v6-residual
2026-04-29T17:44:07Z,checkpoint-faph20-v18d-clean96-pw96x4 + v6-residual,faph_cv_et,ambient,0.97,faph,0.5235,2000,3.82,checkpoint-faph20-v18d-clean96-pw96x4 + v6-residual
2026-04-29T17:44:07Z,checkpoint-faph20-v18d-clean96-pw96x4 + v6-residual,faph_cv_et,ambient,0.99,faph,0.2617,2000,3.82,checkpoint-faph20-v18d-clean96-pw96x4 + v6-residual
2026-04-29T17:44:07Z,checkpoint-faph20-v18d-clean96-pw96x4 + v6-residual,faph_cv_et,ambient,0.995,faph,0.2617,2000,3.82,checkpoint-faph20-v18d-clean96-pw96x4 + v6-residual
2026-04-29T17:44:07Z,checkpoint-faph20-v18d-clean96-pw96x4 + v6-residual,faph_cv_et,ambient,0.996,faph,0.2617,2000,3.82,checkpoint-faph20-v18d-clean96-pw96x4 + v6-residual
2026-04-29T17:44:07Z,checkpoint-faph20-v18d-clean96-pw96x4 + v6-residual,faph_cv_et,ambient,0.999,faph,0.0000,2000,3.82,checkpoint-faph20-v18d-clean96-pw96x4 + v6-residual
2026-04-29T17:44:07Z,checkpoint-faph20-v18d-clean96-pw96x4 + v6-residual,faph_librispeech,ambient,0.97,faph,0.0000,2620,5.62,checkpoint-faph20-v18d-clean96-pw96x4 + v6-residual
2026-04-29T17:44:07Z,checkpoint-faph20-v18d-clean96-pw96x4 + v6-residual,faph_librispeech,ambient,0.99,faph,0.0000,2620,5.62,checkpoint-faph20-v18d-clean96-pw96x4 + v6-residual
2026-04-29T17:44:07Z,checkpoint-faph20-v18d-clean96-pw96x4 + v6-residual,faph_librispeech,ambient,0.995,faph,0.0000,2620,5.62,checkpoint-faph20-v18d-clean96-pw96x4 + v6-residual
2026-04-29T17:44:07Z,checkpoint-faph20-v18d-clean96-pw96x4 + v6-residual,faph_librispeech,ambient,0.996,faph,0.0000,2620,5.62,checkpoint-faph20-v18d-clean96-pw96x4 + v6-residual
2026-04-29T17:44:07Z,checkpoint-faph20-v18d-clean96-pw96x4 + v6-residual,faph_librispeech,ambient,0.999,faph,0.0000,2620,5.62,checkpoint-faph20-v18d-clean96-pw96x4 + v6-residual
2026-04-29T17:44:07Z,checkpoint-faph20-v18d-clean96-pw96x4 + v6-residual,faph_macbook_bg,ambient,0.97,faph,0.0000,14,1.17,checkpoint-faph20-v18d-clean96-pw96x4 + v6-residual
2026-04-29T17:44:07Z,checkpoint-faph20-v18d-clean96-pw96x4 + v6-residual,faph_macbook_bg,ambient,0.99,faph,0.0000,14,1.17,checkpoint-faph20-v18d-clean96-pw96x4 + v6-residual
2026-04-29T17:44:07Z,checkpoint-faph20-v18d-clean96-pw96x4 + v6-residual,faph_macbook_bg,ambient,0.995,faph,0.0000,14,1.17,checkpoint-faph20-v18d-clean96-pw96x4 + v6-residual
2026-04-29T17:44:07Z,checkpoint-faph20-v18d-clean96-pw96x4 + v6-residual,faph_macbook_bg,ambient,0.996,faph,0.0000,14,1.17,checkpoint-faph20-v18d-clean96-pw96x4 + v6-residual
2026-04-29T17:44:07Z,checkpoint-faph20-v18d-clean96-pw96x4 + v6-residual,faph_macbook_bg,ambient,0.999,faph,0.0000,14,1.17,checkpoint-faph20-v18d-clean96-pw96x4 + v6-residual
2026-04-29T17:44:07Z,checkpoint-faph20-v18d-clean96-pw96x4 + v6-residual,faph_dipco,ambient,0.97,faph,0.0000,6,3.32,checkpoint-faph20-v18d-clean96-pw96x4 + v6-residual
2026-04-29T17:44:07Z,checkpoint-faph20-v18d-clean96-pw96x4 + v6-residual,faph_dipco,ambient,0.99,faph,0.0000,6,3.32,checkpoint-faph20-v18d-clean96-pw96x4 + v6-residual
2026-04-29T17:44:07Z,checkpoint-faph20-v18d-clean96-pw96x4 + v6-residual,faph_dipco,ambient,0.995,faph,0.0000,6,3.32,checkpoint-faph20-v18d-clean96-pw96x4 + v6-residual
2026-04-29T17:44:07Z,checkpoint-faph20-v18d-clean96-pw96x4 + v6-residual,faph_dipco,ambient,0.996,faph,0.0000,6,3.32,checkpoint-faph20-v18d-clean96-pw96x4 + v6-residual
2026-04-29T17:44:07Z,checkpoint-faph20-v18d-clean96-pw96x4 + v6-residual,faph_dipco,ambient,0.999,faph,0.0000,6,3.32,checkpoint-faph20-v18d-clean96-pw96x4 + v6-residual
2026-04-29T17:44:07Z,checkpoint-faph20-v18d-clean96-pw96x4 + checkpoint-faph10-v18d-clean96-pw96x4,pos_isa_xtts,positive,0.97,recall,0.6875,48,,checkpoint-faph20-v18d-clean96-pw96x4 + checkpoint-faph10-v18d-clean96-pw96x4
2026-04-29T17:44:07Z,checkpoint-faph20-v18d-clean96-pw96x4 + checkpoint-faph10-v18d-clean96-pw96x4,pos_isa_xtts,positive,0.99,recall,0.6458,48,,checkpoint-faph20-v18d-clean96-pw96x4 + checkpoint-faph10-v18d-clean96-pw96x4
2026-04-29T17:44:07Z,checkpoint-faph20-v18d-clean96-pw96x4 + checkpoint-faph10-v18d-clean96-pw96x4,pos_isa_xtts,positive,0.995,recall,0.6458,48,,checkpoint-faph20-v18d-clean96-pw96x4 + checkpoint-faph10-v18d-clean96-pw96x4
2026-04-29T17:44:07Z,checkpoint-faph20-v18d-clean96-pw96x4 + checkpoint-faph10-v18d-clean96-pw96x4,pos_isa_xtts,positive,0.996,recall,0.6458,48,,checkpoint-faph20-v18d-clean96-pw96x4 + checkpoint-faph10-v18d-clean96-pw96x4
2026-04-29T17:44:07Z,checkpoint-faph20-v18d-clean96-pw96x4 + checkpoint-faph10-v18d-clean96-pw96x4,pos_isa_xtts,positive,0.999,recall,0.5833,48,,checkpoint-faph20-v18d-clean96-pw96x4 + checkpoint-faph10-v18d-clean96-pw96x4
2026-04-29T17:44:07Z,checkpoint-faph20-v18d-clean96-pw96x4 + checkpoint-faph10-v18d-clean96-pw96x4,pos_ode,positive,0.97,recall,0.9091,11,,checkpoint-faph20-v18d-clean96-pw96x4 + checkpoint-faph10-v18d-clean96-pw96x4
2026-04-29T17:44:07Z,checkpoint-faph20-v18d-clean96-pw96x4 + checkpoint-faph10-v18d-clean96-pw96x4,pos_ode,positive,0.99,recall,0.9091,11,,checkpoint-faph20-v18d-clean96-pw96x4 + checkpoint-faph10-v18d-clean96-pw96x4
2026-04-29T17:44:07Z,checkpoint-faph20-v18d-clean96-pw96x4 + checkpoint-faph10-v18d-clean96-pw96x4,pos_ode,positive,0.995,recall,0.9091,11,,checkpoint-faph20-v18d-clean96-pw96x4 + checkpoint-faph10-v18d-clean96-pw96x4
2026-04-29T17:44:07Z,checkpoint-faph20-v18d-clean96-pw96x4 + checkpoint-faph10-v18d-clean96-pw96x4,pos_ode,positive,0.996,recall,0.9091,11,,checkpoint-faph20-v18d-clean96-pw96x4 + checkpoint-faph10-v18d-clean96-pw96x4
2026-04-29T17:44:07Z,checkpoint-faph20-v18d-clean96-pw96x4 + checkpoint-faph10-v18d-clean96-pw96x4,pos_ode,positive,0.999,recall,0.9091,11,,checkpoint-faph20-v18d-clean96-pw96x4 + checkpoint-faph10-v18d-clean96-pw96x4
2026-04-29T17:44:07Z,checkpoint-faph20-v18d-clean96-pw96x4 + checkpoint-faph10-v18d-clean96-pw96x4,pos_mattias_short,positive,0.97,recall,0.6934,362,,checkpoint-faph20-v18d-clean96-pw96x4 + checkpoint-faph10-v18d-clean96-pw96x4
2026-04-29T17:44:07Z,checkpoint-faph20-v18d-clean96-pw96x4 + checkpoint-faph10-v18d-clean96-pw96x4,pos_mattias_short,positive,0.99,recall,0.6685,362,,checkpoint-faph20-v18d-clean96-pw96x4 + checkpoint-faph10-v18d-clean96-pw96x4
2026-04-29T17:44:07Z,checkpoint-faph20-v18d-clean96-pw96x4 + checkpoint-faph10-v18d-clean96-pw96x4,pos_mattias_short,positive,0.995,recall,0.6630,362,,checkpoint-faph20-v18d-clean96-pw96x4 + checkpoint-faph10-v18d-clean96-pw96x4
2026-04-29T17:44:07Z,checkpoint-faph20-v18d-clean96-pw96x4 + checkpoint-faph10-v18d-clean96-pw96x4,pos_mattias_short,positive,0.996,recall,0.6630,362,,checkpoint-faph20-v18d-clean96-pw96x4 + checkpoint-faph10-v18d-clean96-pw96x4
2026-04-29T17:44:07Z,checkpoint-faph20-v18d-clean96-pw96x4 + checkpoint-faph10-v18d-clean96-pw96x4,pos_mattias_short,positive,0.999,recall,0.6409,362,,checkpoint-faph20-v18d-clean96-pw96x4 + checkpoint-faph10-v18d-clean96-pw96x4
2026-04-29T17:44:07Z,checkpoint-faph20-v18d-clean96-pw96x4 + checkpoint-faph10-v18d-clean96-pw96x4,pos_friend1,positive,0.97,recall,0.2069,145,,checkpoint-faph20-v18d-clean96-pw96x4 + checkpoint-faph10-v18d-clean96-pw96x4
2026-04-29T17:44:07Z,checkpoint-faph20-v18d-clean96-pw96x4 + checkpoint-faph10-v18d-clean96-pw96x4,pos_friend1,positive,0.99,recall,0.1655,145,,checkpoint-faph20-v18d-clean96-pw96x4 + checkpoint-faph10-v18d-clean96-pw96x4
2026-04-29T17:44:07Z,checkpoint-faph20-v18d-clean96-pw96x4 + checkpoint-faph10-v18d-clean96-pw96x4,pos_friend1,positive,0.995,recall,0.1517,145,,checkpoint-faph20-v18d-clean96-pw96x4 + checkpoint-faph10-v18d-clean96-pw96x4
2026-04-29T17:44:07Z,checkpoint-faph20-v18d-clean96-pw96x4 + checkpoint-faph10-v18d-clean96-pw96x4,pos_friend1,positive,0.996,recall,0.1517,145,,checkpoint-faph20-v18d-clean96-pw96x4 + checkpoint-faph10-v18d-clean96-pw96x4
2026-04-29T17:44:07Z,checkpoint-faph20-v18d-clean96-pw96x4 + checkpoint-faph10-v18d-clean96-pw96x4,pos_friend1,positive,0.999,recall,0.1172,145,,checkpoint-faph20-v18d-clean96-pw96x4 + checkpoint-faph10-v18d-clean96-pw96x4
2026-04-29T17:44:07Z,checkpoint-faph20-v18d-clean96-pw96x4 + checkpoint-faph10-v18d-clean96-pw96x4,hard_neg_mac_holdout,hard_negative,0.97,fpr,0.5333,15,,checkpoint-faph20-v18d-clean96-pw96x4 + checkpoint-faph10-v18d-clean96-pw96x4
2026-04-29T17:44:07Z,checkpoint-faph20-v18d-clean96-pw96x4 + checkpoint-faph10-v18d-clean96-pw96x4,hard_neg_mac_holdout,hard_negative,0.99,fpr,0.5333,15,,checkpoint-faph20-v18d-clean96-pw96x4 + checkpoint-faph10-v18d-clean96-pw96x4
2026-04-29T17:44:07Z,checkpoint-faph20-v18d-clean96-pw96x4 + checkpoint-faph10-v18d-clean96-pw96x4,hard_neg_mac_holdout,hard_negative,0.995,fpr,0.4667,15,,checkpoint-faph20-v18d-clean96-pw96x4 + checkpoint-faph10-v18d-clean96-pw96x4
2026-04-29T17:44:07Z,checkpoint-faph20-v18d-clean96-pw96x4 + checkpoint-faph10-v18d-clean96-pw96x4,hard_neg_mac_holdout,hard_negative,0.996,fpr,0.4667,15,,checkpoint-faph20-v18d-clean96-pw96x4 + checkpoint-faph10-v18d-clean96-pw96x4
2026-04-29T17:44:07Z,checkpoint-faph20-v18d-clean96-pw96x4 + checkpoint-faph10-v18d-clean96-pw96x4,hard_neg_mac_holdout,hard_negative,0.999,fpr,0.4667,15,,checkpoint-faph20-v18d-clean96-pw96x4 + checkpoint-faph10-v18d-clean96-pw96x4
2026-04-29T17:44:07Z,checkpoint-faph20-v18d-clean96-pw96x4 + checkpoint-faph10-v18d-clean96-pw96x4,hard_neg_isa_xtts,hard_negative,0.97,fpr,0.4000,60,,checkpoint-faph20-v18d-clean96-pw96x4 + checkpoint-faph10-v18d-clean96-pw96x4
2026-04-29T17:44:07Z,checkpoint-faph20-v18d-clean96-pw96x4 + checkpoint-faph10-v18d-clean96-pw96x4,hard_neg_isa_xtts,hard_negative,0.99,fpr,0.3000,60,,checkpoint-faph20-v18d-clean96-pw96x4 + checkpoint-faph10-v18d-clean96-pw96x4
2026-04-29T17:44:07Z,checkpoint-faph20-v18d-clean96-pw96x4 + checkpoint-faph10-v18d-clean96-pw96x4,hard_neg_isa_xtts,hard_negative,0.995,fpr,0.3000,60,,checkpoint-faph20-v18d-clean96-pw96x4 + checkpoint-faph10-v18d-clean96-pw96x4
2026-04-29T17:44:07Z,checkpoint-faph20-v18d-clean96-pw96x4 + checkpoint-faph10-v18d-clean96-pw96x4,hard_neg_isa_xtts,hard_negative,0.996,fpr,0.3000,60,,checkpoint-faph20-v18d-clean96-pw96x4 + checkpoint-faph10-v18d-clean96-pw96x4
2026-04-29T17:44:07Z,checkpoint-faph20-v18d-clean96-pw96x4 + checkpoint-faph10-v18d-clean96-pw96x4,hard_neg_isa_xtts,hard_negative,0.999,fpr,0.2667,60,,checkpoint-faph20-v18d-clean96-pw96x4 + checkpoint-faph10-v18d-clean96-pw96x4
2026-04-29T17:44:07Z,checkpoint-faph20-v18d-clean96-pw96x4 + checkpoint-faph10-v18d-clean96-pw96x4,hard_neg_canary,hard_negative,0.97,fpr,0.0000,5,,checkpoint-faph20-v18d-clean96-pw96x4 + checkpoint-faph10-v18d-clean96-pw96x4
2026-04-29T17:44:07Z,checkpoint-faph20-v18d-clean96-pw96x4 + checkpoint-faph10-v18d-clean96-pw96x4,hard_neg_canary,hard_negative,0.99,fpr,0.0000,5,,checkpoint-faph20-v18d-clean96-pw96x4 + checkpoint-faph10-v18d-clean96-pw96x4
2026-04-29T17:44:07Z,checkpoint-faph20-v18d-clean96-pw96x4 + checkpoint-faph10-v18d-clean96-pw96x4,hard_neg_canary,hard_negative,0.995,fpr,0.0000,5,,checkpoint-faph20-v18d-clean96-pw96x4 + checkpoint-faph10-v18d-clean96-pw96x4
2026-04-29T17:44:07Z,checkpoint-faph20-v18d-clean96-pw96x4 + checkpoint-faph10-v18d-clean96-pw96x4,hard_neg_canary,hard_negative,0.996,fpr,0.0000,5,,checkpoint-faph20-v18d-clean96-pw96x4 + checkpoint-faph10-v18d-clean96-pw96x4
2026-04-29T17:44:07Z,checkpoint-faph20-v18d-clean96-pw96x4 + checkpoint-faph10-v18d-clean96-pw96x4,hard_neg_canary,hard_negative,0.999,fpr,0.0000,5,,checkpoint-faph20-v18d-clean96-pw96x4 + checkpoint-faph10-v18d-clean96-pw96x4
2026-04-29T17:44:07Z,checkpoint-faph20-v18d-clean96-pw96x4 + checkpoint-faph10-v18d-clean96-pw96x4,neg_prefix_only_mattias_short,hard_negative,0.97,fpr,0.5318,220,,checkpoint-faph20-v18d-clean96-pw96x4 + checkpoint-faph10-v18d-clean96-pw96x4
2026-04-29T17:44:07Z,checkpoint-faph20-v18d-clean96-pw96x4 + checkpoint-faph10-v18d-clean96-pw96x4,neg_prefix_only_mattias_short,hard_negative,0.99,fpr,0.5045,220,,checkpoint-faph20-v18d-clean96-pw96x4 + checkpoint-faph10-v18d-clean96-pw96x4
2026-04-29T17:44:07Z,checkpoint-faph20-v18d-clean96-pw96x4 + checkpoint-faph10-v18d-clean96-pw96x4,neg_prefix_only_mattias_short,hard_negative,0.995,fpr,0.5000,220,,checkpoint-faph20-v18d-clean96-pw96x4 + checkpoint-faph10-v18d-clean96-pw96x4
2026-04-29T17:44:07Z,checkpoint-faph20-v18d-clean96-pw96x4 + checkpoint-faph10-v18d-clean96-pw96x4,neg_prefix_only_mattias_short,hard_negative,0.996,fpr,0.5000,220,,checkpoint-faph20-v18d-clean96-pw96x4 + checkpoint-faph10-v18d-clean96-pw96x4
2026-04-29T17:44:07Z,checkpoint-faph20-v18d-clean96-pw96x4 + checkpoint-faph10-v18d-clean96-pw96x4,neg_prefix_only_mattias_short,hard_negative,0.999,fpr,0.4682,220,,checkpoint-faph20-v18d-clean96-pw96x4 + checkpoint-faph10-v18d-clean96-pw96x4
2026-04-29T17:44:07Z,checkpoint-faph20-v18d-clean96-pw96x4 + checkpoint-faph10-v18d-clean96-pw96x4,neg_single_kratt_neurokone,hard_negative,0.97,fpr,0.9194,186,,checkpoint-faph20-v18d-clean96-pw96x4 + checkpoint-faph10-v18d-clean96-pw96x4
2026-04-29T17:44:07Z,checkpoint-faph20-v18d-clean96-pw96x4 + checkpoint-faph10-v18d-clean96-pw96x4,neg_single_kratt_neurokone,hard_negative,0.99,fpr,0.8548,186,,checkpoint-faph20-v18d-clean96-pw96x4 + checkpoint-faph10-v18d-clean96-pw96x4
2026-04-29T17:44:07Z,checkpoint-faph20-v18d-clean96-pw96x4 + checkpoint-faph10-v18d-clean96-pw96x4,neg_single_kratt_neurokone,hard_negative,0.995,fpr,0.8280,186,,checkpoint-faph20-v18d-clean96-pw96x4 + checkpoint-faph10-v18d-clean96-pw96x4
2026-04-29T17:44:07Z,checkpoint-faph20-v18d-clean96-pw96x4 + checkpoint-faph10-v18d-clean96-pw96x4,neg_single_kratt_neurokone,hard_negative,0.996,fpr,0.8280,186,,checkpoint-faph20-v18d-clean96-pw96x4 + checkpoint-faph10-v18d-clean96-pw96x4
2026-04-29T17:44:07Z,checkpoint-faph20-v18d-clean96-pw96x4 + checkpoint-faph10-v18d-clean96-pw96x4,neg_single_kratt_neurokone,hard_negative,0.999,fpr,0.7581,186,,checkpoint-faph20-v18d-clean96-pw96x4 + checkpoint-faph10-v18d-clean96-pw96x4
2026-04-29T17:44:07Z,checkpoint-faph20-v18d-clean96-pw96x4 + checkpoint-faph10-v18d-clean96-pw96x4,neg_reversed_kratt_kuule,hard_negative,0.97,fpr,0.8594,64,,checkpoint-faph20-v18d-clean96-pw96x4 + checkpoint-faph10-v18d-clean96-pw96x4
2026-04-29T17:44:07Z,checkpoint-faph20-v18d-clean96-pw96x4 + checkpoint-faph10-v18d-clean96-pw96x4,neg_reversed_kratt_kuule,hard_negative,0.99,fpr,0.8438,64,,checkpoint-faph20-v18d-clean96-pw96x4 + checkpoint-faph10-v18d-clean96-pw96x4
2026-04-29T17:44:07Z,checkpoint-faph20-v18d-clean96-pw96x4 + checkpoint-faph10-v18d-clean96-pw96x4,neg_reversed_kratt_kuule,hard_negative,0.995,fpr,0.8438,64,,checkpoint-faph20-v18d-clean96-pw96x4 + checkpoint-faph10-v18d-clean96-pw96x4
2026-04-29T17:44:07Z,checkpoint-faph20-v18d-clean96-pw96x4 + checkpoint-faph10-v18d-clean96-pw96x4,neg_reversed_kratt_kuule,hard_negative,0.996,fpr,0.8438,64,,checkpoint-faph20-v18d-clean96-pw96x4 + checkpoint-faph10-v18d-clean96-pw96x4
2026-04-29T17:44:07Z,checkpoint-faph20-v18d-clean96-pw96x4 + checkpoint-faph10-v18d-clean96-pw96x4,neg_reversed_kratt_kuule,hard_negative,0.999,fpr,0.7969,64,,checkpoint-faph20-v18d-clean96-pw96x4 + checkpoint-faph10-v18d-clean96-pw96x4
2026-04-29T17:44:07Z,checkpoint-faph20-v18d-clean96-pw96x4 + checkpoint-faph10-v18d-clean96-pw96x4,neg_kuule_kule_confusables,hard_negative,0.97,fpr,0.7967,600,,checkpoint-faph20-v18d-clean96-pw96x4 + checkpoint-faph10-v18d-clean96-pw96x4
2026-04-29T17:44:07Z,checkpoint-faph20-v18d-clean96-pw96x4 + checkpoint-faph10-v18d-clean96-pw96x4,neg_kuule_kule_confusables,hard_negative,0.99,fpr,0.7483,600,,checkpoint-faph20-v18d-clean96-pw96x4 + checkpoint-faph10-v18d-clean96-pw96x4
2026-04-29T17:44:07Z,checkpoint-faph20-v18d-clean96-pw96x4 + checkpoint-faph10-v18d-clean96-pw96x4,neg_kuule_kule_confusables,hard_negative,0.995,fpr,0.7283,600,,checkpoint-faph20-v18d-clean96-pw96x4 + checkpoint-faph10-v18d-clean96-pw96x4
2026-04-29T17:44:07Z,checkpoint-faph20-v18d-clean96-pw96x4 + checkpoint-faph10-v18d-clean96-pw96x4,neg_kuule_kule_confusables,hard_negative,0.996,fpr,0.7250,600,,checkpoint-faph20-v18d-clean96-pw96x4 + checkpoint-faph10-v18d-clean96-pw96x4
2026-04-29T17:44:07Z,checkpoint-faph20-v18d-clean96-pw96x4 + checkpoint-faph10-v18d-clean96-pw96x4,neg_kuule_kule_confusables,hard_negative,0.999,fpr,0.6867,600,,checkpoint-faph20-v18d-clean96-pw96x4 + checkpoint-faph10-v18d-clean96-pw96x4
2026-04-29T17:44:07Z,checkpoint-faph20-v18d-clean96-pw96x4 + checkpoint-faph10-v18d-clean96-pw96x4,faph_cv_et,ambient,0.97,faph,1.5704,2000,3.82,checkpoint-faph20-v18d-clean96-pw96x4 + checkpoint-faph10-v18d-clean96-pw96x4
2026-04-29T17:44:07Z,checkpoint-faph20-v18d-clean96-pw96x4 + checkpoint-faph10-v18d-clean96-pw96x4,faph_cv_et,ambient,0.99,faph,0.5235,2000,3.82,checkpoint-faph20-v18d-clean96-pw96x4 + checkpoint-faph10-v18d-clean96-pw96x4
2026-04-29T17:44:07Z,checkpoint-faph20-v18d-clean96-pw96x4 + checkpoint-faph10-v18d-clean96-pw96x4,faph_cv_et,ambient,0.995,faph,0.5235,2000,3.82,checkpoint-faph20-v18d-clean96-pw96x4 + checkpoint-faph10-v18d-clean96-pw96x4
2026-04-29T17:44:07Z,checkpoint-faph20-v18d-clean96-pw96x4 + checkpoint-faph10-v18d-clean96-pw96x4,faph_cv_et,ambient,0.996,faph,0.5235,2000,3.82,checkpoint-faph20-v18d-clean96-pw96x4 + checkpoint-faph10-v18d-clean96-pw96x4
2026-04-29T17:44:07Z,checkpoint-faph20-v18d-clean96-pw96x4 + checkpoint-faph10-v18d-clean96-pw96x4,faph_cv_et,ambient,0.999,faph,0.0000,2000,3.82,checkpoint-faph20-v18d-clean96-pw96x4 + checkpoint-faph10-v18d-clean96-pw96x4
2026-04-29T17:44:07Z,checkpoint-faph20-v18d-clean96-pw96x4 + checkpoint-faph10-v18d-clean96-pw96x4,faph_librispeech,ambient,0.97,faph,0.5336,2620,5.62,checkpoint-faph20-v18d-clean96-pw96x4 + checkpoint-faph10-v18d-clean96-pw96x4
2026-04-29T17:44:07Z,checkpoint-faph20-v18d-clean96-pw96x4 + checkpoint-faph10-v18d-clean96-pw96x4,faph_librispeech,ambient,0.99,faph,0.3558,2620,5.62,checkpoint-faph20-v18d-clean96-pw96x4 + checkpoint-faph10-v18d-clean96-pw96x4
2026-04-29T17:44:07Z,checkpoint-faph20-v18d-clean96-pw96x4 + checkpoint-faph10-v18d-clean96-pw96x4,faph_librispeech,ambient,0.995,faph,0.1779,2620,5.62,checkpoint-faph20-v18d-clean96-pw96x4 + checkpoint-faph10-v18d-clean96-pw96x4
2026-04-29T17:44:07Z,checkpoint-faph20-v18d-clean96-pw96x4 + checkpoint-faph10-v18d-clean96-pw96x4,faph_librispeech,ambient,0.996,faph,0.1779,2620,5.62,checkpoint-faph20-v18d-clean96-pw96x4 + checkpoint-faph10-v18d-clean96-pw96x4
2026-04-29T17:44:07Z,checkpoint-faph20-v18d-clean96-pw96x4 + checkpoint-faph10-v18d-clean96-pw96x4,faph_librispeech,ambient,0.999,faph,0.1779,2620,5.62,checkpoint-faph20-v18d-clean96-pw96x4 + checkpoint-faph10-v18d-clean96-pw96x4
2026-04-29T17:44:07Z,checkpoint-faph20-v18d-clean96-pw96x4 + checkpoint-faph10-v18d-clean96-pw96x4,faph_macbook_bg,ambient,0.97,faph,5.1382,14,1.17,checkpoint-faph20-v18d-clean96-pw96x4 + checkpoint-faph10-v18d-clean96-pw96x4
2026-04-29T17:44:07Z,checkpoint-faph20-v18d-clean96-pw96x4 + checkpoint-faph10-v18d-clean96-pw96x4,faph_macbook_bg,ambient,0.99,faph,2.5691,14,1.17,checkpoint-faph20-v18d-clean96-pw96x4 + checkpoint-faph10-v18d-clean96-pw96x4
2026-04-29T17:44:07Z,checkpoint-faph20-v18d-clean96-pw96x4 + checkpoint-faph10-v18d-clean96-pw96x4,faph_macbook_bg,ambient,0.995,faph,0.8564,14,1.17,checkpoint-faph20-v18d-clean96-pw96x4 + checkpoint-faph10-v18d-clean96-pw96x4
2026-04-29T17:44:07Z,checkpoint-faph20-v18d-clean96-pw96x4 + checkpoint-faph10-v18d-clean96-pw96x4,faph_macbook_bg,ambient,0.996,faph,0.8564,14,1.17,checkpoint-faph20-v18d-clean96-pw96x4 + checkpoint-faph10-v18d-clean96-pw96x4
2026-04-29T17:44:07Z,checkpoint-faph20-v18d-clean96-pw96x4 + checkpoint-faph10-v18d-clean96-pw96x4,faph_macbook_bg,ambient,0.999,faph,0.0000,14,1.17,checkpoint-faph20-v18d-clean96-pw96x4 + checkpoint-faph10-v18d-clean96-pw96x4
2026-04-29T17:44:07Z,checkpoint-faph20-v18d-clean96-pw96x4 + checkpoint-faph10-v18d-clean96-pw96x4,faph_dipco,ambient,0.97,faph,0.0000,6,3.32,checkpoint-faph20-v18d-clean96-pw96x4 + checkpoint-faph10-v18d-clean96-pw96x4
2026-04-29T17:44:07Z,checkpoint-faph20-v18d-clean96-pw96x4 + checkpoint-faph10-v18d-clean96-pw96x4,faph_dipco,ambient,0.99,faph,0.0000,6,3.32,checkpoint-faph20-v18d-clean96-pw96x4 + checkpoint-faph10-v18d-clean96-pw96x4
2026-04-29T17:44:07Z,checkpoint-faph20-v18d-clean96-pw96x4 + checkpoint-faph10-v18d-clean96-pw96x4,faph_dipco,ambient,0.995,faph,0.0000,6,3.32,checkpoint-faph20-v18d-clean96-pw96x4 + checkpoint-faph10-v18d-clean96-pw96x4
2026-04-29T17:44:07Z,checkpoint-faph20-v18d-clean96-pw96x4 + checkpoint-faph10-v18d-clean96-pw96x4,faph_dipco,ambient,0.996,faph,0.0000,6,3.32,checkpoint-faph20-v18d-clean96-pw96x4 + checkpoint-faph10-v18d-clean96-pw96x4
2026-04-29T17:44:07Z,checkpoint-faph20-v18d-clean96-pw96x4 + checkpoint-faph10-v18d-clean96-pw96x4,faph_dipco,ambient,0.999,faph,0.0000,6,3.32,checkpoint-faph20-v18d-clean96-pw96x4 + checkpoint-faph10-v18d-clean96-pw96x4
2026-05-05T16:33:04Z,v19a-kratt-only,pos_isa_xtts,positive,0.97,recall,0.0000,48,,
2026-05-05T16:33:04Z,v19a-kratt-only,pos_isa_xtts,positive,0.99,recall,0.0000,48,,
2026-05-05T16:33:04Z,v19a-kratt-only,pos_isa_xtts,positive,0.995,recall,0.0000,48,,
2026-05-05T16:33:04Z,v19a-kratt-only,pos_isa_xtts,positive,0.999,recall,0.0000,48,,
2026-05-05T16:33:04Z,v19a-kratt-only,pos_ode,positive,0.97,recall,0.0909,11,,
2026-05-05T16:33:04Z,v19a-kratt-only,pos_ode,positive,0.99,recall,0.0909,11,,
2026-05-05T16:33:04Z,v19a-kratt-only,pos_ode,positive,0.995,recall,0.0909,11,,
2026-05-05T16:33:04Z,v19a-kratt-only,pos_ode,positive,0.999,recall,0.0000,11,,
2026-05-05T16:33:04Z,v19a-kratt-only,pos_friend1,positive,0.97,recall,0.0000,145,,
2026-05-05T16:33:04Z,v19a-kratt-only,pos_friend1,positive,0.99,recall,0.0000,145,,
2026-05-05T16:33:04Z,v19a-kratt-only,pos_friend1,positive,0.995,recall,0.0000,145,,
2026-05-05T16:33:04Z,v19a-kratt-only,pos_friend1,positive,0.999,recall,0.0000,145,,
2026-05-05T16:33:04Z,v19a-kratt-only,pos_mattias_short,positive,0.97,recall,0.2099,362,,
2026-05-05T16:33:04Z,v19a-kratt-only,pos_mattias_short,positive,0.99,recall,0.1823,362,,
2026-05-05T16:33:04Z,v19a-kratt-only,pos_mattias_short,positive,0.995,recall,0.1657,362,,
2026-05-05T16:33:04Z,v19a-kratt-only,pos_mattias_short,positive,0.999,recall,0.1519,362,,
2026-05-05T16:33:04Z,v19a-kratt-only,pos_single_kratt_neurokone,positive,0.97,recall,0.9946,186,,
2026-05-05T16:33:04Z,v19a-kratt-only,pos_single_kratt_neurokone,positive,0.99,recall,0.9892,186,,
2026-05-05T16:33:04Z,v19a-kratt-only,pos_single_kratt_neurokone,positive,0.995,recall,0.9892,186,,
2026-05-05T16:33:04Z,v19a-kratt-only,pos_single_kratt_neurokone,positive,0.999,recall,0.9892,186,,
2026-05-05T16:33:04Z,v19a-kratt-only,pos_reversed_kratt_kuule,positive,0.97,recall,0.7188,64,,
2026-05-05T16:33:04Z,v19a-kratt-only,pos_reversed_kratt_kuule,positive,0.99,recall,0.7031,64,,
2026-05-05T16:33:04Z,v19a-kratt-only,pos_reversed_kratt_kuule,positive,0.995,recall,0.6875,64,,
2026-05-05T16:33:04Z,v19a-kratt-only,pos_reversed_kratt_kuule,positive,0.999,recall,0.6875,64,,
2026-05-05T16:33:04Z,v19a-kratt-only,hard_neg_mac_holdout,hard_negative,0.97,fpr,0.0667,15,,
2026-05-05T16:33:04Z,v19a-kratt-only,hard_neg_mac_holdout,hard_negative,0.99,fpr,0.0000,15,,
2026-05-05T16:33:04Z,v19a-kratt-only,hard_neg_mac_holdout,hard_negative,0.995,fpr,0.0000,15,,
2026-05-05T16:33:04Z,v19a-kratt-only,hard_neg_mac_holdout,hard_negative,0.999,fpr,0.0000,15,,
2026-05-05T16:33:04Z,v19a-kratt-only,hard_neg_isa_xtts,hard_negative,0.97,fpr,0.0000,45,,
2026-05-05T16:33:04Z,v19a-kratt-only,hard_neg_isa_xtts,hard_negative,0.99,fpr,0.0000,45,,
2026-05-05T16:33:04Z,v19a-kratt-only,hard_neg_isa_xtts,hard_negative,0.995,fpr,0.0000,45,,
2026-05-05T16:33:04Z,v19a-kratt-only,hard_neg_isa_xtts,hard_negative,0.999,fpr,0.0000,45,,
2026-05-05T16:33:04Z,v19a-kratt-only,neg_kuule_kule_confusables_target_free,hard_negative,0.97,fpr,0.1533,600,,
2026-05-05T16:33:04Z,v19a-kratt-only,neg_kuule_kule_confusables_target_free,hard_negative,0.99,fpr,0.1350,600,,
2026-05-05T16:33:04Z,v19a-kratt-only,neg_kuule_kule_confusables_target_free,hard_negative,0.995,fpr,0.1300,600,,
2026-05-05T16:33:04Z,v19a-kratt-only,neg_kuule_kule_confusables_target_free,hard_negative,0.999,fpr,0.1167,600,,
2026-05-05T16:33:04Z,v19a-kratt-only,faph_cv_et,ambient,0.97,faph,1.3087,2000,3.82,
2026-05-05T16:33:04Z,v19a-kratt-only,faph_cv_et,ambient,0.99,faph,0.7852,2000,3.82,
2026-05-05T16:33:04Z,v19a-kratt-only,faph_cv_et,ambient,0.995,faph,0.7852,2000,3.82,
2026-05-05T16:33:04Z,v19a-kratt-only,faph_cv_et,ambient,0.999,faph,0.5235,2000,3.82,
2026-05-05T16:33:04Z,v19a-kratt-only,faph_librispeech,ambient,0.97,faph,1.9567,2620,5.62,
2026-05-05T16:33:04Z,v19a-kratt-only,faph_librispeech,ambient,0.99,faph,1.6009,2620,5.62,
2026-05-05T16:33:04Z,v19a-kratt-only,faph_librispeech,ambient,0.995,faph,1.4231,2620,5.62,
2026-05-05T16:33:04Z,v19a-kratt-only,faph_librispeech,ambient,0.999,faph,0.8894,2620,5.62,
2026-05-05T16:33:04Z,v19a-kratt-only,faph_macbook_bg,ambient,0.97,faph,10.2763,14,1.17,
2026-05-05T16:33:04Z,v19a-kratt-only,faph_macbook_bg,ambient,0.99,faph,5.9945,14,1.17,
2026-05-05T16:33:04Z,v19a-kratt-only,faph_macbook_bg,ambient,0.995,faph,4.2818,14,1.17,
2026-05-05T16:33:04Z,v19a-kratt-only,faph_macbook_bg,ambient,0.999,faph,3.4254,14,1.17,
2026-05-05T16:33:04Z,v19a-kratt-only,faph_dipco,ambient,0.97,faph,0.6020,6,3.32,
2026-05-05T16:33:04Z,v19a-kratt-only,faph_dipco,ambient,0.99,faph,0.0000,6,3.32,
2026-05-05T16:33:04Z,v19a-kratt-only,faph_dipco,ambient,0.995,faph,0.0000,6,3.32,
2026-05-05T16:33:04Z,v19a-kratt-only,faph_dipco,ambient,0.999,faph,0.0000,6,3.32,
2026-05-11T21:39:06Z,v16c,faph_praam_quick_20260510,ambient,0.97,faph,0.0000,1,0.70,
2026-05-11T21:39:06Z,v16c,faph_praam_quick_20260510,ambient,0.99,faph,0.0000,1,0.70,
2026-05-11T21:39:06Z,v16c,faph_praam_quick_20260510,ambient,0.995,faph,0.0000,1,0.70,
2026-05-11T21:39:06Z,v16c,faph_praam_quick_20260510,ambient,0.996,faph,0.0000,1,0.70,
2026-05-11T21:39:06Z,v16c,faph_praam_quick_20260510,ambient,0.999,faph,0.0000,1,0.70,
2026-05-11T21:39:06Z,expert-a,faph_praam_quick_20260510,ambient,0.97,faph,0.0000,1,0.70,
2026-05-11T21:39:06Z,expert-a,faph_praam_quick_20260510,ambient,0.99,faph,0.0000,1,0.70,
2026-05-11T21:39:06Z,expert-a,faph_praam_quick_20260510,ambient,0.995,faph,0.0000,1,0.70,
2026-05-11T21:39:06Z,expert-a,faph_praam_quick_20260510,ambient,0.996,faph,0.0000,1,0.70,
2026-05-11T21:39:06Z,expert-a,faph_praam_quick_20260510,ambient,0.999,faph,0.0000,1,0.70,
2026-05-11T21:39:06Z,expert-b2,faph_praam_quick_20260510,ambient,0.97,faph,4.2824,1,0.70,
2026-05-11T21:39:06Z,expert-b2,faph_praam_quick_20260510,ambient,0.99,faph,4.2824,1,0.70,
2026-05-11T21:39:06Z,expert-b2,faph_praam_quick_20260510,ambient,0.995,faph,2.8550,1,0.70,
2026-05-11T21:39:06Z,expert-b2,faph_praam_quick_20260510,ambient,0.996,faph,2.8550,1,0.70,
2026-05-11T21:39:06Z,expert-b2,faph_praam_quick_20260510,ambient,0.999,faph,2.8550,1,0.70,
2026-05-11T21:39:06Z,v6-residual,faph_praam_quick_20260510,ambient,0.97,faph,2.8550,1,0.70,
2026-05-11T21:39:06Z,v6-residual,faph_praam_quick_20260510,ambient,0.99,faph,2.8550,1,0.70,
2026-05-11T21:39:06Z,v6-residual,faph_praam_quick_20260510,ambient,0.995,faph,2.8550,1,0.70,
2026-05-11T21:39:06Z,v6-residual,faph_praam_quick_20260510,ambient,0.996,faph,2.8550,1,0.70,
2026-05-11T21:39:06Z,v6-residual,faph_praam_quick_20260510,ambient,0.999,faph,2.8550,1,0.70,
2026-05-11T21:39:06Z,v10,faph_praam_quick_20260510,ambient,0.97,faph,2.8550,1,0.70,
2026-05-11T21:39:06Z,v10,faph_praam_quick_20260510,ambient,0.99,faph,1.4275,1,0.70,
2026-05-11T21:39:06Z,v10,faph_praam_quick_20260510,ambient,0.995,faph,0.0000,1,0.70,
2026-05-11T21:39:06Z,v10,faph_praam_quick_20260510,ambient,0.996,faph,0.0000,1,0.70,
2026-05-11T21:39:06Z,v10,faph_praam_quick_20260510,ambient,0.999,faph,0.0000,1,0.70,
2026-05-11T21:39:06Z,v15,faph_praam_quick_20260510,ambient,0.97,faph,1.4275,1,0.70,
2026-05-11T21:39:06Z,v15,faph_praam_quick_20260510,ambient,0.99,faph,1.4275,1,0.70,
2026-05-11T21:39:06Z,v15,faph_praam_quick_20260510,ambient,0.995,faph,1.4275,1,0.70,
2026-05-11T21:39:06Z,v15,faph_praam_quick_20260510,ambient,0.996,faph,1.4275,1,0.70,
2026-05-11T21:39:06Z,v15,faph_praam_quick_20260510,ambient,0.999,faph,0.0000,1,0.70,
2026-05-11T21:39:06Z,v11,faph_praam_quick_20260510,ambient,0.97,faph,4.2824,1,0.70,
2026-05-11T21:39:06Z,v11,faph_praam_quick_20260510,ambient,0.99,faph,4.2824,1,0.70,
2026-05-11T21:39:06Z,v11,faph_praam_quick_20260510,ambient,0.995,faph,4.2824,1,0.70,
2026-05-11T21:39:06Z,v11,faph_praam_quick_20260510,ambient,0.996,faph,4.2824,1,0.70,
2026-05-11T21:39:06Z,v11,faph_praam_quick_20260510,ambient,0.999,faph,4.2824,1,0.70,
2026-05-11T21:39:06Z,v18b-clean48-sa,faph_praam_quick_20260510,ambient,0.97,faph,39.9694,1,0.70,
2026-05-11T21:39:06Z,v18b-clean48-sa,faph_praam_quick_20260510,ambient,0.99,faph,22.8397,1,0.70,
2026-05-11T21:39:06Z,v18b-clean48-sa,faph_praam_quick_20260510,ambient,0.995,faph,19.9847,1,0.70,
2026-05-11T21:39:06Z,v18b-clean48-sa,faph_praam_quick_20260510,ambient,0.996,faph,18.5572,1,0.70,
2026-05-11T21:39:06Z,v18b-clean48-sa,faph_praam_quick_20260510,ambient,0.999,faph,14.2748,1,0.70,
2026-05-11T21:39:06Z,checkpoint-faph10-v18d-clean96-pw96x4,faph_praam_quick_20260510,ambient,0.97,faph,0.0000,1,0.70,
2026-05-11T21:39:06Z,checkpoint-faph10-v18d-clean96-pw96x4,faph_praam_quick_20260510,ambient,0.99,faph,0.0000,1,0.70,
2026-05-11T21:39:06Z,checkpoint-faph10-v18d-clean96-pw96x4,faph_praam_quick_20260510,ambient,0.995,faph,0.0000,1,0.70,
2026-05-11T21:39:06Z,checkpoint-faph10-v18d-clean96-pw96x4,faph_praam_quick_20260510,ambient,0.996,faph,0.0000,1,0.70,
2026-05-11T21:39:06Z,checkpoint-faph10-v18d-clean96-pw96x4,faph_praam_quick_20260510,ambient,0.999,faph,0.0000,1,0.70,
2026-05-11T21:39:06Z,v19a-kratt-only,faph_praam_quick_20260510,ambient,0.97,faph,0.0000,1,0.70,
2026-05-11T21:39:06Z,v19a-kratt-only,faph_praam_quick_20260510,ambient,0.99,faph,0.0000,1,0.70,
2026-05-11T21:39:06Z,v19a-kratt-only,faph_praam_quick_20260510,ambient,0.995,faph,0.0000,1,0.70,
2026-05-11T21:39:06Z,v19a-kratt-only,faph_praam_quick_20260510,ambient,0.996,faph,0.0000,1,0.70,
2026-05-11T21:39:06Z,v19a-kratt-only,faph_praam_quick_20260510,ambient,0.999,faph,0.0000,1,0.70,
2026-05-11T21:39:06Z,ex3a,faph_praam_quick_20260510,ambient,0.97,faph,1.4275,1,0.70,
2026-05-11T21:39:06Z,ex3a,faph_praam_quick_20260510,ambient,0.99,faph,1.4275,1,0.70,
2026-05-11T21:39:06Z,ex3a,faph_praam_quick_20260510,ambient,0.995,faph,1.4275,1,0.70,
2026-05-11T21:39:06Z,ex3a,faph_praam_quick_20260510,ambient,0.996,faph,1.4275,1,0.70,
2026-05-11T21:39:06Z,ex3a,faph_praam_quick_20260510,ambient,0.999,faph,1.4275,1,0.70,
2026-05-11T21:39:06Z,expert-a + expert-b2,faph_praam_quick_20260510,ambient,0.97,faph,0.0000,1,0.70,expert-a + expert-b2
2026-05-11T21:39:06Z,expert-a + expert-b2,faph_praam_quick_20260510,ambient,0.99,faph,0.0000,1,0.70,expert-a + expert-b2
2026-05-11T21:39:06Z,expert-a + expert-b2,faph_praam_quick_20260510,ambient,0.995,faph,0.0000,1,0.70,expert-a + expert-b2
2026-05-11T21:39:06Z,expert-a + expert-b2,faph_praam_quick_20260510,ambient,0.996,faph,0.0000,1,0.70,expert-a + expert-b2
2026-05-11T21:39:06Z,expert-a + expert-b2,faph_praam_quick_20260510,ambient,0.999,faph,0.0000,1,0.70,expert-a + expert-b2
2026-05-11T21:39:06Z,v18b-clean48-sa + expert-a,faph_praam_quick_20260510,ambient,0.97,faph,0.0000,1,0.70,v18b-clean48-sa + expert-a
2026-05-11T21:39:06Z,v18b-clean48-sa + expert-a,faph_praam_quick_20260510,ambient,0.99,faph,0.0000,1,0.70,v18b-clean48-sa + expert-a
2026-05-11T21:39:06Z,v18b-clean48-sa + expert-a,faph_praam_quick_20260510,ambient,0.995,faph,0.0000,1,0.70,v18b-clean48-sa + expert-a
2026-05-11T21:39:06Z,v18b-clean48-sa + expert-a,faph_praam_quick_20260510,ambient,0.996,faph,0.0000,1,0.70,v18b-clean48-sa + expert-a
2026-05-11T21:39:06Z,v18b-clean48-sa + expert-a,faph_praam_quick_20260510,ambient,0.999,faph,0.0000,1,0.70,v18b-clean48-sa + expert-a
2026-05-11T21:39:06Z,checkpoint-faph10-v18d-clean96-pw96x4 + v16c,faph_praam_quick_20260510,ambient,0.97,faph,0.0000,1,0.70,checkpoint-faph10-v18d-clean96-pw96x4 + v16c
2026-05-11T21:39:06Z,checkpoint-faph10-v18d-clean96-pw96x4 + v16c,faph_praam_quick_20260510,ambient,0.99,faph,0.0000,1,0.70,checkpoint-faph10-v18d-clean96-pw96x4 + v16c
2026-05-11T21:39:06Z,checkpoint-faph10-v18d-clean96-pw96x4 + v16c,faph_praam_quick_20260510,ambient,0.995,faph,0.0000,1,0.70,checkpoint-faph10-v18d-clean96-pw96x4 + v16c
2026-05-11T21:39:06Z,checkpoint-faph10-v18d-clean96-pw96x4 + v16c,faph_praam_quick_20260510,ambient,0.996,faph,0.0000,1,0.70,checkpoint-faph10-v18d-clean96-pw96x4 + v16c
2026-05-11T21:39:06Z,checkpoint-faph10-v18d-clean96-pw96x4 + v16c,faph_praam_quick_20260510,ambient,0.999,faph,0.0000,1,0.70,checkpoint-faph10-v18d-clean96-pw96x4 + v16c
2026-05-11T21:39:06Z,v6-residual + expert-a,faph_praam_quick_20260510,ambient,0.97,faph,0.0000,1,0.70,v6-residual + expert-a
2026-05-11T21:39:06Z,v6-residual + expert-a,faph_praam_quick_20260510,ambient,0.99,faph,0.0000,1,0.70,v6-residual + expert-a
2026-05-11T21:39:06Z,v6-residual + expert-a,faph_praam_quick_20260510,ambient,0.995,faph,0.0000,1,0.70,v6-residual + expert-a
2026-05-11T21:39:06Z,v6-residual + expert-a,faph_praam_quick_20260510,ambient,0.996,faph,0.0000,1,0.70,v6-residual + expert-a
2026-05-11T21:39:06Z,v6-residual + expert-a,faph_praam_quick_20260510,ambient,0.999,faph,0.0000,1,0.70,v6-residual + expert-a
2026-05-11T21:39:06Z,ex3a + expert-a,faph_praam_quick_20260510,ambient,0.97,faph,0.0000,1,0.70,ex3a + expert-a
2026-05-11T21:39:06Z,ex3a + expert-a,faph_praam_quick_20260510,ambient,0.99,faph,0.0000,1,0.70,ex3a + expert-a
2026-05-11T21:39:06Z,ex3a + expert-a,faph_praam_quick_20260510,ambient,0.995,faph,0.0000,1,0.70,ex3a + expert-a
2026-05-11T21:39:06Z,ex3a + expert-a,faph_praam_quick_20260510,ambient,0.996,faph,0.0000,1,0.70,ex3a + expert-a
2026-05-11T21:39:06Z,ex3a + expert-a,faph_praam_quick_20260510,ambient,0.999,faph,0.0000,1,0.70,ex3a + expert-a
2026-05-11T21:39:06Z,ex3a + expert-a + expert-b2,faph_praam_quick_20260510,ambient,0.97,faph,0.0000,1,0.70,ex3a + expert-a + expert-b2
2026-05-11T21:39:06Z,ex3a + expert-a + expert-b2,faph_praam_quick_20260510,ambient,0.99,faph,0.0000,1,0.70,ex3a + expert-a + expert-b2
2026-05-11T21:39:06Z,ex3a + expert-a + expert-b2,faph_praam_quick_20260510,ambient,0.995,faph,0.0000,1,0.70,ex3a + expert-a + expert-b2
2026-05-11T21:39:06Z,ex3a + expert-a + expert-b2,faph_praam_quick_20260510,ambient,0.996,faph,0.0000,1,0.70,ex3a + expert-a + expert-b2
2026-05-11T21:39:06Z,ex3a + expert-a + expert-b2,faph_praam_quick_20260510,ambient,0.999,faph,0.0000,1,0.70,ex3a + expert-a + expert-b2
2026-05-15T18:39:51Z,oww-v17-official-50k,pos_isa_xtts,positive,0.001,recall,1.0,48,,
2026-05-15T18:39:51Z,oww-v17-official-50k,pos_isa_xtts,positive,0.003,recall,1.0,48,,
2026-05-15T18:39:51Z,oww-v17-official-50k,pos_isa_xtts,positive,0.005,recall,1.0,48,,
2026-05-15T18:39:51Z,oww-v17-official-50k,pos_isa_xtts,positive,0.008,recall,0.9791666666666666,48,,
2026-05-15T18:39:51Z,oww-v17-official-50k,pos_isa_xtts,positive,0.01,recall,0.9791666666666666,48,,
2026-05-15T18:39:51Z,oww-v17-official-50k,pos_isa_xtts,positive,0.02,recall,0.9166666666666666,48,,
2026-05-15T18:39:51Z,oww-v17-official-50k,pos_isa_xtts,positive,0.05,recall,0.875,48,,
2026-05-15T18:39:51Z,oww-v17-official-50k,pos_isa_xtts,positive,0.1,recall,0.8125,48,,
2026-05-15T18:39:51Z,oww-v17-official-50k,pos_isa_xtts,positive,0.2,recall,0.7916666666666666,48,,
2026-05-15T18:39:51Z,oww-v17-official-50k,pos_isa_xtts,positive,0.3,recall,0.7291666666666666,48,,
2026-05-15T18:39:51Z,oww-v17-official-50k,pos_isa_xtts,positive,0.5,recall,0.625,48,,
2026-05-15T18:39:51Z,oww-v17-official-50k,pos_isa_xtts,positive,0.7,recall,0.4791666666666667,48,,
2026-05-15T18:39:51Z,oww-v17-official-50k,pos_isa_xtts,positive,0.9,recall,0.3958333333333333,48,,
2026-05-15T18:39:51Z,oww-v17-official-50k,pos_isa_xtts,positive,0.95,recall,0.2708333333333333,48,,
2026-05-15T18:39:51Z,oww-v17-official-50k,pos_isa_xtts,positive,0.97,recall,0.041666666666666664,48,,
2026-05-15T18:39:51Z,oww-v17-official-50k,pos_isa_xtts,positive,0.99,recall,0.0,48,,
2026-05-15T18:39:51Z,oww-v17-official-50k,pos_isa_xtts,positive,0.995,recall,0.0,48,,
2026-05-15T18:39:51Z,oww-v17-official-50k,pos_isa_xtts,positive,0.996,recall,0.0,48,,
2026-05-15T18:39:51Z,oww-v17-official-50k,pos_isa_xtts,positive,0.999,recall,0.0,48,,
2026-05-15T18:39:51Z,oww-v17-official-50k,pos_ode,positive,0.001,recall,1.0,11,,
2026-05-15T18:39:51Z,oww-v17-official-50k,pos_ode,positive,0.003,recall,0.9090909090909091,11,,
2026-05-15T18:39:51Z,oww-v17-official-50k,pos_ode,positive,0.005,recall,0.9090909090909091,11,,
2026-05-15T18:39:51Z,oww-v17-official-50k,pos_ode,positive,0.008,recall,0.9090909090909091,11,,
2026-05-15T18:39:51Z,oww-v17-official-50k,pos_ode,positive,0.01,recall,0.9090909090909091,11,,
2026-05-15T18:39:51Z,oww-v17-official-50k,pos_ode,positive,0.02,recall,0.9090909090909091,11,,
2026-05-15T18:39:51Z,oww-v17-official-50k,pos_ode,positive,0.05,recall,0.9090909090909091,11,,
2026-05-15T18:39:51Z,oww-v17-official-50k,pos_ode,positive,0.1,recall,0.9090909090909091,11,,
2026-05-15T18:39:51Z,oww-v17-official-50k,pos_ode,positive,0.2,recall,0.9090909090909091,11,,
2026-05-15T18:39:51Z,oww-v17-official-50k,pos_ode,positive,0.3,recall,0.9090909090909091,11,,
2026-05-15T18:39:51Z,oww-v17-official-50k,pos_ode,positive,0.5,recall,0.9090909090909091,11,,
2026-05-15T18:39:51Z,oww-v17-official-50k,pos_ode,positive,0.7,recall,0.9090909090909091,11,,
2026-05-15T18:39:51Z,oww-v17-official-50k,pos_ode,positive,0.9,recall,0.9090909090909091,11,,
2026-05-15T18:39:51Z,oww-v17-official-50k,pos_ode,positive,0.95,recall,0.9090909090909091,11,,
2026-05-15T18:39:51Z,oww-v17-official-50k,pos_ode,positive,0.97,recall,0.8181818181818182,11,,
2026-05-15T18:39:51Z,oww-v17-official-50k,pos_ode,positive,0.99,recall,0.0,11,,
2026-05-15T18:39:51Z,oww-v17-official-50k,pos_ode,positive,0.995,recall,0.0,11,,
2026-05-15T18:39:51Z,oww-v17-official-50k,pos_ode,positive,0.996,recall,0.0,11,,
2026-05-15T18:39:51Z,oww-v17-official-50k,pos_ode,positive,0.999,recall,0.0,11,,
2026-05-15T18:39:51Z,oww-v17-official-50k,pos_mattias_short,positive,0.001,recall,1.0,135,,
2026-05-15T18:39:51Z,oww-v17-official-50k,pos_mattias_short,positive,0.003,recall,1.0,135,,
2026-05-15T18:39:51Z,oww-v17-official-50k,pos_mattias_short,positive,0.005,recall,1.0,135,,
2026-05-15T18:39:51Z,oww-v17-official-50k,pos_mattias_short,positive,0.008,recall,0.9851851851851852,135,,
2026-05-15T18:39:51Z,oww-v17-official-50k,pos_mattias_short,positive,0.01,recall,0.9629629629629629,135,,
2026-05-15T18:39:51Z,oww-v17-official-50k,pos_mattias_short,positive,0.02,recall,0.9481481481481482,135,,
2026-05-15T18:39:51Z,oww-v17-official-50k,pos_mattias_short,positive,0.05,recall,0.8814814814814815,135,,
2026-05-15T18:39:51Z,oww-v17-official-50k,pos_mattias_short,positive,0.1,recall,0.8518518518518519,135,,
2026-05-15T18:39:51Z,oww-v17-official-50k,pos_mattias_short,positive,0.2,recall,0.8148148148148148,135,,
2026-05-15T18:39:51Z,oww-v17-official-50k,pos_mattias_short,positive,0.3,recall,0.7925925925925926,135,,
2026-05-15T18:39:51Z,oww-v17-official-50k,pos_mattias_short,positive,0.5,recall,0.7407407407407407,135,,
2026-05-15T18:39:51Z,oww-v17-official-50k,pos_mattias_short,positive,0.7,recall,0.6814814814814815,135,,
2026-05-15T18:39:51Z,oww-v17-official-50k,pos_mattias_short,positive,0.9,recall,0.5333333333333333,135,,
2026-05-15T18:39:51Z,oww-v17-official-50k,pos_mattias_short,positive,0.95,recall,0.4148148148148148,135,,
2026-05-15T18:39:51Z,oww-v17-official-50k,pos_mattias_short,positive,0.97,recall,0.31851851851851853,135,,
2026-05-15T18:39:51Z,oww-v17-official-50k,pos_mattias_short,positive,0.99,recall,0.0,135,,
2026-05-15T18:39:51Z,oww-v17-official-50k,pos_mattias_short,positive,0.995,recall,0.0,135,,
2026-05-15T18:39:51Z,oww-v17-official-50k,pos_mattias_short,positive,0.996,recall,0.0,135,,
2026-05-15T18:39:51Z,oww-v17-official-50k,pos_mattias_short,positive,0.999,recall,0.0,135,,
2026-05-15T18:39:51Z,oww-v17-official-50k,pos_mattias_short_n50,positive,0.001,recall,1.0,50,,
2026-05-15T18:39:51Z,oww-v17-official-50k,pos_mattias_short_n50,positive,0.003,recall,1.0,50,,
2026-05-15T18:39:51Z,oww-v17-official-50k,pos_mattias_short_n50,positive,0.005,recall,1.0,50,,
2026-05-15T18:39:51Z,oww-v17-official-50k,pos_mattias_short_n50,positive,0.008,recall,1.0,50,,
2026-05-15T18:39:51Z,oww-v17-official-50k,pos_mattias_short_n50,positive,0.01,recall,1.0,50,,
2026-05-15T18:39:51Z,oww-v17-official-50k,pos_mattias_short_n50,positive,0.02,recall,1.0,50,,
2026-05-15T18:39:51Z,oww-v17-official-50k,pos_mattias_short_n50,positive,0.05,recall,1.0,50,,
2026-05-15T18:39:51Z,oww-v17-official-50k,pos_mattias_short_n50,positive,0.1,recall,1.0,50,,
2026-05-15T18:39:51Z,oww-v17-official-50k,pos_mattias_short_n50,positive,0.2,recall,1.0,50,,
2026-05-15T18:39:51Z,oww-v17-official-50k,pos_mattias_short_n50,positive,0.3,recall,1.0,50,,
2026-05-15T18:39:51Z,oww-v17-official-50k,pos_mattias_short_n50,positive,0.5,recall,1.0,50,,
2026-05-15T18:39:51Z,oww-v17-official-50k,pos_mattias_short_n50,positive,0.7,recall,1.0,50,,
2026-05-15T18:39:51Z,oww-v17-official-50k,pos_mattias_short_n50,positive,0.9,recall,0.98,50,,
2026-05-15T18:39:51Z,oww-v17-official-50k,pos_mattias_short_n50,positive,0.95,recall,0.92,50,,
2026-05-15T18:39:51Z,oww-v17-official-50k,pos_mattias_short_n50,positive,0.97,recall,0.84,50,,
2026-05-15T18:39:51Z,oww-v17-official-50k,pos_mattias_short_n50,positive,0.99,recall,0.0,50,,
2026-05-15T18:39:51Z,oww-v17-official-50k,pos_mattias_short_n50,positive,0.995,recall,0.0,50,,
2026-05-15T18:39:51Z,oww-v17-official-50k,pos_mattias_short_n50,positive,0.996,recall,0.0,50,,
2026-05-15T18:39:51Z,oww-v17-official-50k,pos_mattias_short_n50,positive,0.999,recall,0.0,50,,
2026-05-15T18:39:51Z,oww-v17-official-50k,pos_friend1,positive,0.001,recall,1.0,145,,
2026-05-15T18:39:51Z,oww-v17-official-50k,pos_friend1,positive,0.003,recall,1.0,145,,
2026-05-15T18:39:51Z,oww-v17-official-50k,pos_friend1,positive,0.005,recall,0.9724137931034482,145,,
2026-05-15T18:39:51Z,oww-v17-official-50k,pos_friend1,positive,0.008,recall,0.9724137931034482,145,,
2026-05-15T18:39:51Z,oww-v17-official-50k,pos_friend1,positive,0.01,recall,0.9655172413793104,145,,
2026-05-15T18:39:51Z,oww-v17-official-50k,pos_friend1,positive,0.02,recall,0.9241379310344827,145,,
2026-05-15T18:39:51Z,oww-v17-official-50k,pos_friend1,positive,0.05,recall,0.8620689655172413,145,,
2026-05-15T18:39:51Z,oww-v17-official-50k,pos_friend1,positive,0.1,recall,0.8,145,,
2026-05-15T18:39:51Z,oww-v17-official-50k,pos_friend1,positive,0.2,recall,0.7517241379310344,145,,
2026-05-15T18:39:51Z,oww-v17-official-50k,pos_friend1,positive,0.3,recall,0.6827586206896552,145,,
2026-05-15T18:39:51Z,oww-v17-official-50k,pos_friend1,positive,0.5,recall,0.5724137931034483,145,,
2026-05-15T18:39:51Z,oww-v17-official-50k,pos_friend1,positive,0.7,recall,0.4896551724137931,145,,
2026-05-15T18:39:51Z,oww-v17-official-50k,pos_friend1,positive,0.9,recall,0.3103448275862069,145,,
2026-05-15T18:39:51Z,oww-v17-official-50k,pos_friend1,positive,0.95,recall,0.19310344827586207,145,,
2026-05-15T18:39:51Z,oww-v17-official-50k,pos_friend1,positive,0.97,recall,0.06896551724137931,145,,
2026-05-15T18:39:51Z,oww-v17-official-50k,pos_friend1,positive,0.99,recall,0.0,145,,
2026-05-15T18:39:51Z,oww-v17-official-50k,pos_friend1,positive,0.995,recall,0.0,145,,
2026-05-15T18:39:51Z,oww-v17-official-50k,pos_friend1,positive,0.996,recall,0.0,145,,
2026-05-15T18:39:51Z,oww-v17-official-50k,pos_friend1,positive,0.999,recall,0.0,145,,
2026-05-15T18:39:51Z,oww-v17-official-50k,pos_friend1_n37,positive,0.001,recall,1.0,37,,
2026-05-15T18:39:51Z,oww-v17-official-50k,pos_friend1_n37,positive,0.003,recall,1.0,37,,
2026-05-15T18:39:51Z,oww-v17-official-50k,pos_friend1_n37,positive,0.005,recall,0.8918918918918919,37,,
2026-05-15T18:39:51Z,oww-v17-official-50k,pos_friend1_n37,positive,0.008,recall,0.8918918918918919,37,,
2026-05-15T18:39:51Z,oww-v17-official-50k,pos_friend1_n37,positive,0.01,recall,0.8648648648648649,37,,
2026-05-15T18:39:51Z,oww-v17-official-50k,pos_friend1_n37,positive,0.02,recall,0.8378378378378378,37,,
2026-05-15T18:39:51Z,oww-v17-official-50k,pos_friend1_n37,positive,0.05,recall,0.7567567567567568,37,,
2026-05-15T18:39:51Z,oww-v17-official-50k,pos_friend1_n37,positive,0.1,recall,0.6486486486486487,37,,
2026-05-15T18:39:51Z,oww-v17-official-50k,pos_friend1_n37,positive,0.2,recall,0.5945945945945946,37,,
2026-05-15T18:39:51Z,oww-v17-official-50k,pos_friend1_n37,positive,0.3,recall,0.5675675675675675,37,,
2026-05-15T18:39:51Z,oww-v17-official-50k,pos_friend1_n37,positive,0.5,recall,0.4864864864864865,37,,
2026-05-15T18:39:51Z,oww-v17-official-50k,pos_friend1_n37,positive,0.7,recall,0.40540540540540543,37,,
2026-05-15T18:39:51Z,oww-v17-official-50k,pos_friend1_n37,positive,0.9,recall,0.24324324324324326,37,,
2026-05-15T18:39:51Z,oww-v17-official-50k,pos_friend1_n37,positive,0.95,recall,0.21621621621621623,37,,
2026-05-15T18:39:51Z,oww-v17-official-50k,pos_friend1_n37,positive,0.97,recall,0.13513513513513514,37,,
2026-05-15T18:39:51Z,oww-v17-official-50k,pos_friend1_n37,positive,0.99,recall,0.0,37,,
2026-05-15T18:39:51Z,oww-v17-official-50k,pos_friend1_n37,positive,0.995,recall,0.0,37,,
2026-05-15T18:39:51Z,oww-v17-official-50k,pos_friend1_n37,positive,0.996,recall,0.0,37,,
2026-05-15T18:39:51Z,oww-v17-official-50k,pos_friend1_n37,positive,0.999,recall,0.0,37,,
2026-05-15T18:39:51Z,oww-v17-official-50k,hard_neg_mac_holdout,hard_negative,0.001,fpr,1.0,15,,
2026-05-15T18:39:51Z,oww-v17-official-50k,hard_neg_mac_holdout,hard_negative,0.003,fpr,1.0,15,,
2026-05-15T18:39:51Z,oww-v17-official-50k,hard_neg_mac_holdout,hard_negative,0.005,fpr,1.0,15,,
2026-05-15T18:39:51Z,oww-v17-official-50k,hard_neg_mac_holdout,hard_negative,0.008,fpr,1.0,15,,
2026-05-15T18:39:51Z,oww-v17-official-50k,hard_neg_mac_holdout,hard_negative,0.01,fpr,1.0,15,,
2026-05-15T18:39:51Z,oww-v17-official-50k,hard_neg_mac_holdout,hard_negative,0.02,fpr,1.0,15,,
2026-05-15T18:39:51Z,oww-v17-official-50k,hard_neg_mac_holdout,hard_negative,0.05,fpr,1.0,15,,
2026-05-15T18:39:51Z,oww-v17-official-50k,hard_neg_mac_holdout,hard_negative,0.1,fpr,1.0,15,,
2026-05-15T18:39:51Z,oww-v17-official-50k,hard_neg_mac_holdout,hard_negative,0.2,fpr,0.9333333333333333,15,,
2026-05-15T18:39:51Z,oww-v17-official-50k,hard_neg_mac_holdout,hard_negative,0.3,fpr,0.9333333333333333,15,,
2026-05-15T18:39:51Z,oww-v17-official-50k,hard_neg_mac_holdout,hard_negative,0.5,fpr,0.9333333333333333,15,,
2026-05-15T18:39:51Z,oww-v17-official-50k,hard_neg_mac_holdout,hard_negative,0.7,fpr,0.9333333333333333,15,,
2026-05-15T18:39:51Z,oww-v17-official-50k,hard_neg_mac_holdout,hard_negative,0.9,fpr,0.6,15,,
2026-05-15T18:39:51Z,oww-v17-official-50k,hard_neg_mac_holdout,hard_negative,0.95,fpr,0.4,15,,
2026-05-15T18:39:51Z,oww-v17-official-50k,hard_neg_mac_holdout,hard_negative,0.97,fpr,0.26666666666666666,15,,
2026-05-15T18:39:51Z,oww-v17-official-50k,hard_neg_mac_holdout,hard_negative,0.99,fpr,0.0,15,,
2026-05-15T18:39:51Z,oww-v17-official-50k,hard_neg_mac_holdout,hard_negative,0.995,fpr,0.0,15,,
2026-05-15T18:39:51Z,oww-v17-official-50k,hard_neg_mac_holdout,hard_negative,0.996,fpr,0.0,15,,
2026-05-15T18:39:51Z,oww-v17-official-50k,hard_neg_mac_holdout,hard_negative,0.999,fpr,0.0,15,,
2026-05-15T18:39:51Z,oww-v17-official-50k,hard_neg_isa_xtts,hard_negative,0.001,fpr,1.0,60,,
2026-05-15T18:39:51Z,oww-v17-official-50k,hard_neg_isa_xtts,hard_negative,0.003,fpr,0.9666666666666667,60,,
2026-05-15T18:39:51Z,oww-v17-official-50k,hard_neg_isa_xtts,hard_negative,0.005,fpr,0.9,60,,
2026-05-15T18:39:51Z,oww-v17-official-50k,hard_neg_isa_xtts,hard_negative,0.008,fpr,0.8166666666666667,60,,
2026-05-15T18:39:51Z,oww-v17-official-50k,hard_neg_isa_xtts,hard_negative,0.01,fpr,0.8,60,,
2026-05-15T18:39:51Z,oww-v17-official-50k,hard_neg_isa_xtts,hard_negative,0.02,fpr,0.6666666666666666,60,,
2026-05-15T18:39:51Z,oww-v17-official-50k,hard_neg_isa_xtts,hard_negative,0.05,fpr,0.5666666666666667,60,,
2026-05-15T18:39:51Z,oww-v17-official-50k,hard_neg_isa_xtts,hard_negative,0.1,fpr,0.45,60,,
2026-05-15T18:39:51Z,oww-v17-official-50k,hard_neg_isa_xtts,hard_negative,0.2,fpr,0.38333333333333336,60,,
2026-05-15T18:39:51Z,oww-v17-official-50k,hard_neg_isa_xtts,hard_negative,0.3,fpr,0.36666666666666664,60,,
2026-05-15T18:39:51Z,oww-v17-official-50k,hard_neg_isa_xtts,hard_negative,0.5,fpr,0.35,60,,
2026-05-15T18:39:51Z,oww-v17-official-50k,hard_neg_isa_xtts,hard_negative,0.7,fpr,0.2833333333333333,60,,
2026-05-15T18:39:51Z,oww-v17-official-50k,hard_neg_isa_xtts,hard_negative,0.9,fpr,0.18333333333333332,60,,
2026-05-15T18:39:51Z,oww-v17-official-50k,hard_neg_isa_xtts,hard_negative,0.95,fpr,0.15,60,,
2026-05-15T18:39:51Z,oww-v17-official-50k,hard_neg_isa_xtts,hard_negative,0.97,fpr,0.06666666666666667,60,,
2026-05-15T18:39:51Z,oww-v17-official-50k,hard_neg_isa_xtts,hard_negative,0.99,fpr,0.0,60,,
2026-05-15T18:39:51Z,oww-v17-official-50k,hard_neg_isa_xtts,hard_negative,0.995,fpr,0.0,60,,
2026-05-15T18:39:51Z,oww-v17-official-50k,hard_neg_isa_xtts,hard_negative,0.996,fpr,0.0,60,,
2026-05-15T18:39:51Z,oww-v17-official-50k,hard_neg_isa_xtts,hard_negative,0.999,fpr,0.0,60,,
2026-05-15T18:39:51Z,oww-v17-official-50k,hard_neg_canary,hard_negative,0.001,fpr,1.0,5,,
2026-05-15T18:39:51Z,oww-v17-official-50k,hard_neg_canary,hard_negative,0.003,fpr,0.4,5,,
2026-05-15T18:39:51Z,oww-v17-official-50k,hard_neg_canary,hard_negative,0.005,fpr,0.2,5,,
2026-05-15T18:39:51Z,oww-v17-official-50k,hard_neg_canary,hard_negative,0.008,fpr,0.0,5,,
2026-05-15T18:39:51Z,oww-v17-official-50k,hard_neg_canary,hard_negative,0.01,fpr,0.0,5,,
2026-05-15T18:39:51Z,oww-v17-official-50k,hard_neg_canary,hard_negative,0.02,fpr,0.0,5,,
2026-05-15T18:39:51Z,oww-v17-official-50k,hard_neg_canary,hard_negative,0.05,fpr,0.0,5,,
2026-05-15T18:39:51Z,oww-v17-official-50k,hard_neg_canary,hard_negative,0.1,fpr,0.0,5,,
2026-05-15T18:39:51Z,oww-v17-official-50k,hard_neg_canary,hard_negative,0.2,fpr,0.0,5,,
2026-05-15T18:39:51Z,oww-v17-official-50k,hard_neg_canary,hard_negative,0.3,fpr,0.0,5,,
2026-05-15T18:39:51Z,oww-v17-official-50k,hard_neg_canary,hard_negative,0.5,fpr,0.0,5,,
2026-05-15T18:39:51Z,oww-v17-official-50k,hard_neg_canary,hard_negative,0.7,fpr,0.0,5,,
2026-05-15T18:39:51Z,oww-v17-official-50k,hard_neg_canary,hard_negative,0.9,fpr,0.0,5,,
2026-05-15T18:39:51Z,oww-v17-official-50k,hard_neg_canary,hard_negative,0.95,fpr,0.0,5,,
2026-05-15T18:39:51Z,oww-v17-official-50k,hard_neg_canary,hard_negative,0.97,fpr,0.0,5,,
2026-05-15T18:39:51Z,oww-v17-official-50k,hard_neg_canary,hard_negative,0.99,fpr,0.0,5,,
2026-05-15T18:39:51Z,oww-v17-official-50k,hard_neg_canary,hard_negative,0.995,fpr,0.0,5,,
2026-05-15T18:39:51Z,oww-v17-official-50k,hard_neg_canary,hard_negative,0.996,fpr,0.0,5,,
2026-05-15T18:39:51Z,oww-v17-official-50k,hard_neg_canary,hard_negative,0.999,fpr,0.0,5,,
2026-05-15T18:39:51Z,oww-v17-official-50k,neg_prefix_only_mattias_short,hard_negative,0.001,fpr,1.0,220,,
2026-05-15T18:39:51Z,oww-v17-official-50k,neg_prefix_only_mattias_short,hard_negative,0.003,fpr,0.9409090909090909,220,,
2026-05-15T18:39:51Z,oww-v17-official-50k,neg_prefix_only_mattias_short,hard_negative,0.005,fpr,0.8681818181818182,220,,
2026-05-15T18:39:51Z,oww-v17-official-50k,neg_prefix_only_mattias_short,hard_negative,0.008,fpr,0.8227272727272728,220,,
2026-05-15T18:39:51Z,oww-v17-official-50k,neg_prefix_only_mattias_short,hard_negative,0.01,fpr,0.7909090909090909,220,,
2026-05-15T18:39:51Z,oww-v17-official-50k,neg_prefix_only_mattias_short,hard_negative,0.02,fpr,0.6363636363636364,220,,
2026-05-15T18:39:51Z,oww-v17-official-50k,neg_prefix_only_mattias_short,hard_negative,0.05,fpr,0.5318181818181819,220,,
2026-05-15T18:39:51Z,oww-v17-official-50k,neg_prefix_only_mattias_short,hard_negative,0.1,fpr,0.4681818181818182,220,,
2026-05-15T18:39:51Z,oww-v17-official-50k,neg_prefix_only_mattias_short,hard_negative,0.2,fpr,0.40454545454545454,220,,
2026-05-15T18:39:51Z,oww-v17-official-50k,neg_prefix_only_mattias_short,hard_negative,0.3,fpr,0.34545454545454546,220,,
2026-05-15T18:39:51Z,oww-v17-official-50k,neg_prefix_only_mattias_short,hard_negative,0.5,fpr,0.2772727272727273,220,,
2026-05-15T18:39:51Z,oww-v17-official-50k,neg_prefix_only_mattias_short,hard_negative,0.7,fpr,0.23636363636363636,220,,
2026-05-15T18:39:51Z,oww-v17-official-50k,neg_prefix_only_mattias_short,hard_negative,0.9,fpr,0.11363636363636363,220,,
2026-05-15T18:39:51Z,oww-v17-official-50k,neg_prefix_only_mattias_short,hard_negative,0.95,fpr,0.004545454545454545,220,,
2026-05-15T18:39:51Z,oww-v17-official-50k,neg_prefix_only_mattias_short,hard_negative,0.97,fpr,0.0,220,,
2026-05-15T18:39:51Z,oww-v17-official-50k,neg_prefix_only_mattias_short,hard_negative,0.99,fpr,0.0,220,,
2026-05-15T18:39:51Z,oww-v17-official-50k,neg_prefix_only_mattias_short,hard_negative,0.995,fpr,0.0,220,,
2026-05-15T18:39:51Z,oww-v17-official-50k,neg_prefix_only_mattias_short,hard_negative,0.996,fpr,0.0,220,,
2026-05-15T18:39:51Z,oww-v17-official-50k,neg_prefix_only_mattias_short,hard_negative,0.999,fpr,0.0,220,,
2026-05-15T18:39:51Z,oww-v17-official-50k,neg_single_kratt_neurokone,hard_negative,0.001,fpr,1.0,186,,
2026-05-15T18:39:51Z,oww-v17-official-50k,neg_single_kratt_neurokone,hard_negative,0.003,fpr,0.9946236559139785,186,,
2026-05-15T18:39:51Z,oww-v17-official-50k,neg_single_kratt_neurokone,hard_negative,0.005,fpr,0.9838709677419355,186,,
2026-05-15T18:39:51Z,oww-v17-official-50k,neg_single_kratt_neurokone,hard_negative,0.008,fpr,0.9623655913978495,186,,
2026-05-15T18:39:51Z,oww-v17-official-50k,neg_single_kratt_neurokone,hard_negative,0.01,fpr,0.9623655913978495,186,,
2026-05-15T18:39:51Z,oww-v17-official-50k,neg_single_kratt_neurokone,hard_negative,0.02,fpr,0.9193548387096774,186,,
2026-05-15T18:39:51Z,oww-v17-official-50k,neg_single_kratt_neurokone,hard_negative,0.05,fpr,0.8709677419354839,186,,
2026-05-15T18:39:51Z,oww-v17-official-50k,neg_single_kratt_neurokone,hard_negative,0.1,fpr,0.8440860215053764,186,,
2026-05-15T18:39:51Z,oww-v17-official-50k,neg_single_kratt_neurokone,hard_negative,0.2,fpr,0.7849462365591398,186,,
2026-05-15T18:39:51Z,oww-v17-official-50k,neg_single_kratt_neurokone,hard_negative,0.3,fpr,0.7473118279569892,186,,
2026-05-15T18:39:51Z,oww-v17-official-50k,neg_single_kratt_neurokone,hard_negative,0.5,fpr,0.6505376344086021,186,,
2026-05-15T18:39:51Z,oww-v17-official-50k,neg_single_kratt_neurokone,hard_negative,0.7,fpr,0.5053763440860215,186,,
2026-05-15T18:39:51Z,oww-v17-official-50k,neg_single_kratt_neurokone,hard_negative,0.9,fpr,0.3064516129032258,186,,
2026-05-15T18:39:51Z,oww-v17-official-50k,neg_single_kratt_neurokone,hard_negative,0.95,fpr,0.16666666666666666,186,,
2026-05-15T18:39:51Z,oww-v17-official-50k,neg_single_kratt_neurokone,hard_negative,0.97,fpr,0.08064516129032258,186,,
2026-05-15T18:39:51Z,oww-v17-official-50k,neg_single_kratt_neurokone,hard_negative,0.99,fpr,0.0,186,,
2026-05-15T18:39:51Z,oww-v17-official-50k,neg_single_kratt_neurokone,hard_negative,0.995,fpr,0.0,186,,
2026-05-15T18:39:51Z,oww-v17-official-50k,neg_single_kratt_neurokone,hard_negative,0.996,fpr,0.0,186,,
2026-05-15T18:39:51Z,oww-v17-official-50k,neg_single_kratt_neurokone,hard_negative,0.999,fpr,0.0,186,,
2026-05-15T18:39:51Z,oww-v17-official-50k,neg_reversed_kratt_kuule,hard_negative,0.001,fpr,1.0,64,,
2026-05-15T18:39:51Z,oww-v17-official-50k,neg_reversed_kratt_kuule,hard_negative,0.003,fpr,1.0,64,,
2026-05-15T18:39:51Z,oww-v17-official-50k,neg_reversed_kratt_kuule,hard_negative,0.005,fpr,1.0,64,,
2026-05-15T18:39:51Z,oww-v17-official-50k,neg_reversed_kratt_kuule,hard_negative,0.008,fpr,1.0,64,,
2026-05-15T18:39:51Z,oww-v17-official-50k,neg_reversed_kratt_kuule,hard_negative,0.01,fpr,1.0,64,,
2026-05-15T18:39:51Z,oww-v17-official-50k,neg_reversed_kratt_kuule,hard_negative,0.02,fpr,1.0,64,,
2026-05-15T18:39:51Z,oww-v17-official-50k,neg_reversed_kratt_kuule,hard_negative,0.05,fpr,0.984375,64,,
2026-05-15T18:39:51Z,oww-v17-official-50k,neg_reversed_kratt_kuule,hard_negative,0.1,fpr,0.9375,64,,
2026-05-15T18:39:51Z,oww-v17-official-50k,neg_reversed_kratt_kuule,hard_negative,0.2,fpr,0.921875,64,,
2026-05-15T18:39:51Z,oww-v17-official-50k,neg_reversed_kratt_kuule,hard_negative,0.3,fpr,0.921875,64,,
2026-05-15T18:39:51Z,oww-v17-official-50k,neg_reversed_kratt_kuule,hard_negative,0.5,fpr,0.921875,64,,
2026-05-15T18:39:51Z,oww-v17-official-50k,neg_reversed_kratt_kuule,hard_negative,0.7,fpr,0.90625,64,,
2026-05-15T18:39:51Z,oww-v17-official-50k,neg_reversed_kratt_kuule,hard_negative,0.9,fpr,0.8125,64,,
2026-05-15T18:39:51Z,oww-v17-official-50k,neg_reversed_kratt_kuule,hard_negative,0.95,fpr,0.796875,64,,
2026-05-15T18:39:51Z,oww-v17-official-50k,neg_reversed_kratt_kuule,hard_negative,0.97,fpr,0.640625,64,,
2026-05-15T18:39:51Z,oww-v17-official-50k,neg_reversed_kratt_kuule,hard_negative,0.99,fpr,0.0,64,,
2026-05-15T18:39:51Z,oww-v17-official-50k,neg_reversed_kratt_kuule,hard_negative,0.995,fpr,0.0,64,,
2026-05-15T18:39:51Z,oww-v17-official-50k,neg_reversed_kratt_kuule,hard_negative,0.996,fpr,0.0,64,,
2026-05-15T18:39:51Z,oww-v17-official-50k,neg_reversed_kratt_kuule,hard_negative,0.999,fpr,0.0,64,,
2026-05-15T18:39:51Z,oww-v17-official-50k,neg_kuule_kule_confusables,hard_negative,0.001,fpr,1.0,600,,
2026-05-15T18:39:51Z,oww-v17-official-50k,neg_kuule_kule_confusables,hard_negative,0.003,fpr,0.9983333333333333,600,,
2026-05-15T18:39:51Z,oww-v17-official-50k,neg_kuule_kule_confusables,hard_negative,0.005,fpr,0.9916666666666667,600,,
2026-05-15T18:39:51Z,oww-v17-official-50k,neg_kuule_kule_confusables,hard_negative,0.008,fpr,0.9866666666666667,600,,
2026-05-15T18:39:51Z,oww-v17-official-50k,neg_kuule_kule_confusables,hard_negative,0.01,fpr,0.9866666666666667,600,,
2026-05-15T18:39:51Z,oww-v17-official-50k,neg_kuule_kule_confusables,hard_negative,0.02,fpr,0.9833333333333333,600,,
2026-05-15T18:39:51Z,oww-v17-official-50k,neg_kuule_kule_confusables,hard_negative,0.05,fpr,0.965,600,,
2026-05-15T18:39:51Z,oww-v17-official-50k,neg_kuule_kule_confusables,hard_negative,0.1,fpr,0.9433333333333334,600,,
2026-05-15T18:39:51Z,oww-v17-official-50k,neg_kuule_kule_confusables,hard_negative,0.2,fpr,0.9216666666666666,600,,
2026-05-15T18:39:51Z,oww-v17-official-50k,neg_kuule_kule_confusables,hard_negative,0.3,fpr,0.9066666666666666,600,,
2026-05-15T18:39:51Z,oww-v17-official-50k,neg_kuule_kule_confusables,hard_negative,0.5,fpr,0.885,600,,
2026-05-15T18:39:51Z,oww-v17-official-50k,neg_kuule_kule_confusables,hard_negative,0.7,fpr,0.8533333333333334,600,,
2026-05-15T18:39:51Z,oww-v17-official-50k,neg_kuule_kule_confusables,hard_negative,0.9,fpr,0.8133333333333334,600,,
2026-05-15T18:39:51Z,oww-v17-official-50k,neg_kuule_kule_confusables,hard_negative,0.95,fpr,0.7616666666666667,600,,
2026-05-15T18:39:51Z,oww-v17-official-50k,neg_kuule_kule_confusables,hard_negative,0.97,fpr,0.72,600,,
2026-05-15T18:39:51Z,oww-v17-official-50k,neg_kuule_kule_confusables,hard_negative,0.99,fpr,0.0,600,,
2026-05-15T18:39:51Z,oww-v17-official-50k,neg_kuule_kule_confusables,hard_negative,0.995,fpr,0.0,600,,
2026-05-15T18:39:51Z,oww-v17-official-50k,neg_kuule_kule_confusables,hard_negative,0.996,fpr,0.0,600,,
2026-05-15T18:39:51Z,oww-v17-official-50k,neg_kuule_kule_confusables,hard_negative,0.999,fpr,0.0,600,,
2026-05-15T18:39:51Z,oww-v17-official-50k,neg_kuule_kule_confusables_target_free,hard_negative,0.001,fpr,1.0,600,,
2026-05-15T18:39:51Z,oww-v17-official-50k,neg_kuule_kule_confusables_target_free,hard_negative,0.003,fpr,0.9983333333333333,600,,
2026-05-15T18:39:51Z,oww-v17-official-50k,neg_kuule_kule_confusables_target_free,hard_negative,0.005,fpr,0.9916666666666667,600,,
2026-05-15T18:39:51Z,oww-v17-official-50k,neg_kuule_kule_confusables_target_free,hard_negative,0.008,fpr,0.9866666666666667,600,,
2026-05-15T18:39:51Z,oww-v17-official-50k,neg_kuule_kule_confusables_target_free,hard_negative,0.01,fpr,0.9866666666666667,600,,
2026-05-15T18:39:51Z,oww-v17-official-50k,neg_kuule_kule_confusables_target_free,hard_negative,0.02,fpr,0.9833333333333333,600,,
2026-05-15T18:39:51Z,oww-v17-official-50k,neg_kuule_kule_confusables_target_free,hard_negative,0.05,fpr,0.965,600,,
2026-05-15T18:39:51Z,oww-v17-official-50k,neg_kuule_kule_confusables_target_free,hard_negative,0.1,fpr,0.9433333333333334,600,,
2026-05-15T18:39:51Z,oww-v17-official-50k,neg_kuule_kule_confusables_target_free,hard_negative,0.2,fpr,0.9216666666666666,600,,
2026-05-15T18:39:51Z,oww-v17-official-50k,neg_kuule_kule_confusables_target_free,hard_negative,0.3,fpr,0.9066666666666666,600,,
2026-05-15T18:39:51Z,oww-v17-official-50k,neg_kuule_kule_confusables_target_free,hard_negative,0.5,fpr,0.885,600,,
2026-05-15T18:39:51Z,oww-v17-official-50k,neg_kuule_kule_confusables_target_free,hard_negative,0.7,fpr,0.8533333333333334,600,,
2026-05-15T18:39:51Z,oww-v17-official-50k,neg_kuule_kule_confusables_target_free,hard_negative,0.9,fpr,0.8133333333333334,600,,
2026-05-15T18:39:51Z,oww-v17-official-50k,neg_kuule_kule_confusables_target_free,hard_negative,0.95,fpr,0.7616666666666667,600,,
2026-05-15T18:39:51Z,oww-v17-official-50k,neg_kuule_kule_confusables_target_free,hard_negative,0.97,fpr,0.72,600,,
2026-05-15T18:39:51Z,oww-v17-official-50k,neg_kuule_kule_confusables_target_free,hard_negative,0.99,fpr,0.0,600,,
2026-05-15T18:39:51Z,oww-v17-official-50k,neg_kuule_kule_confusables_target_free,hard_negative,0.995,fpr,0.0,600,,
2026-05-15T18:39:51Z,oww-v17-official-50k,neg_kuule_kule_confusables_target_free,hard_negative,0.996,fpr,0.0,600,,
2026-05-15T18:39:51Z,oww-v17-official-50k,neg_kuule_kule_confusables_target_free,hard_negative,0.999,fpr,0.0,600,,
2026-05-15T18:39:51Z,oww-v17-official-50k,pos_single_kratt_neurokone,positive,0.001,recall,1.0,186,,
2026-05-15T18:39:51Z,oww-v17-official-50k,pos_single_kratt_neurokone,positive,0.003,recall,0.9946236559139785,186,,
2026-05-15T18:39:51Z,oww-v17-official-50k,pos_single_kratt_neurokone,positive,0.005,recall,0.9838709677419355,186,,
2026-05-15T18:39:51Z,oww-v17-official-50k,pos_single_kratt_neurokone,positive,0.008,recall,0.9623655913978495,186,,
2026-05-15T18:39:51Z,oww-v17-official-50k,pos_single_kratt_neurokone,positive,0.01,recall,0.9623655913978495,186,,
2026-05-15T18:39:51Z,oww-v17-official-50k,pos_single_kratt_neurokone,positive,0.02,recall,0.9193548387096774,186,,
2026-05-15T18:39:51Z,oww-v17-official-50k,pos_single_kratt_neurokone,positive,0.05,recall,0.8709677419354839,186,,
2026-05-15T18:39:51Z,oww-v17-official-50k,pos_single_kratt_neurokone,positive,0.1,recall,0.8440860215053764,186,,
2026-05-15T18:39:51Z,oww-v17-official-50k,pos_single_kratt_neurokone,positive,0.2,recall,0.7849462365591398,186,,
2026-05-15T18:39:51Z,oww-v17-official-50k,pos_single_kratt_neurokone,positive,0.3,recall,0.7473118279569892,186,,
2026-05-15T18:39:51Z,oww-v17-official-50k,pos_single_kratt_neurokone,positive,0.5,recall,0.6505376344086021,186,,
2026-05-15T18:39:51Z,oww-v17-official-50k,pos_single_kratt_neurokone,positive,0.7,recall,0.5053763440860215,186,,
2026-05-15T18:39:51Z,oww-v17-official-50k,pos_single_kratt_neurokone,positive,0.9,recall,0.3064516129032258,186,,
2026-05-15T18:39:51Z,oww-v17-official-50k,pos_single_kratt_neurokone,positive,0.95,recall,0.16666666666666666,186,,
2026-05-15T18:39:51Z,oww-v17-official-50k,pos_single_kratt_neurokone,positive,0.97,recall,0.08064516129032258,186,,
2026-05-15T18:39:51Z,oww-v17-official-50k,pos_single_kratt_neurokone,positive,0.99,recall,0.0,186,,
2026-05-15T18:39:51Z,oww-v17-official-50k,pos_single_kratt_neurokone,positive,0.995,recall,0.0,186,,
2026-05-15T18:39:51Z,oww-v17-official-50k,pos_single_kratt_neurokone,positive,0.996,recall,0.0,186,,
2026-05-15T18:39:51Z,oww-v17-official-50k,pos_single_kratt_neurokone,positive,0.999,recall,0.0,186,,
2026-05-15T18:39:51Z,oww-v17-official-50k,pos_reversed_kratt_kuule,positive,0.001,recall,1.0,64,,
2026-05-15T18:39:51Z,oww-v17-official-50k,pos_reversed_kratt_kuule,positive,0.003,recall,1.0,64,,
2026-05-15T18:39:51Z,oww-v17-official-50k,pos_reversed_kratt_kuule,positive,0.005,recall,1.0,64,,
2026-05-15T18:39:51Z,oww-v17-official-50k,pos_reversed_kratt_kuule,positive,0.008,recall,1.0,64,,
2026-05-15T18:39:51Z,oww-v17-official-50k,pos_reversed_kratt_kuule,positive,0.01,recall,1.0,64,,
2026-05-15T18:39:51Z,oww-v17-official-50k,pos_reversed_kratt_kuule,positive,0.02,recall,1.0,64,,
2026-05-15T18:39:51Z,oww-v17-official-50k,pos_reversed_kratt_kuule,positive,0.05,recall,0.984375,64,,
2026-05-15T18:39:51Z,oww-v17-official-50k,pos_reversed_kratt_kuule,positive,0.1,recall,0.9375,64,,
2026-05-15T18:39:51Z,oww-v17-official-50k,pos_reversed_kratt_kuule,positive,0.2,recall,0.921875,64,,
2026-05-15T18:39:51Z,oww-v17-official-50k,pos_reversed_kratt_kuule,positive,0.3,recall,0.921875,64,,
2026-05-15T18:39:51Z,oww-v17-official-50k,pos_reversed_kratt_kuule,positive,0.5,recall,0.921875,64,,
2026-05-15T18:39:51Z,oww-v17-official-50k,pos_reversed_kratt_kuule,positive,0.7,recall,0.90625,64,,
2026-05-15T18:39:51Z,oww-v17-official-50k,pos_reversed_kratt_kuule,positive,0.9,recall,0.8125,64,,
2026-05-15T18:39:51Z,oww-v17-official-50k,pos_reversed_kratt_kuule,positive,0.95,recall,0.796875,64,,
2026-05-15T18:39:51Z,oww-v17-official-50k,pos_reversed_kratt_kuule,positive,0.97,recall,0.640625,64,,
2026-05-15T18:39:51Z,oww-v17-official-50k,pos_reversed_kratt_kuule,positive,0.99,recall,0.0,64,,
2026-05-15T18:39:51Z,oww-v17-official-50k,pos_reversed_kratt_kuule,positive,0.995,recall,0.0,64,,
2026-05-15T18:39:51Z,oww-v17-official-50k,pos_reversed_kratt_kuule,positive,0.996,recall,0.0,64,,
2026-05-15T18:39:51Z,oww-v17-official-50k,pos_reversed_kratt_kuule,positive,0.999,recall,0.0,64,,
2026-05-15T18:39:51Z,oww-v17-official-50k,faph_cv_et,ambient,0.001,faph,856.1262648467688,2000,3.8207,
2026-05-15T18:39:51Z,oww-v17-official-50k,faph_cv_et,ambient,0.003,faph,187.92377198409662,2000,3.8207,
2026-05-15T18:39:51Z,oww-v17-official-50k,faph_cv_et,ambient,0.005,faph,141.8588919434267,2000,3.8207,
2026-05-15T18:39:51Z,oww-v17-official-50k,faph_cv_et,ambient,0.008,faph,110.97448373434118,2000,3.8207,
2026-05-15T18:39:51Z,oww-v17-official-50k,faph_cv_et,ambient,0.01,faph,100.76692508896545,2000,3.8207,
2026-05-15T18:39:51Z,oww-v17-official-50k,faph_cv_et,ambient,0.02,faph,79.8283432522973,2000,3.8207,
2026-05-15T18:39:51Z,oww-v17-official-50k,faph_cv_et,ambient,0.05,faph,62.554013237046085,2000,3.8207,
2026-05-15T18:39:51Z,oww-v17-official-50k,faph_cv_et,ambient,0.1,faph,52.60818686462872,2000,3.8207,
2026-05-15T18:39:51Z,oww-v17-official-50k,faph_cv_et,ambient,0.2,faph,45.27968322179487,2000,3.8207,
2026-05-15T18:39:51Z,oww-v17-official-50k,faph_cv_et,ambient,0.3,faph,40.56850230854453,2000,3.8207,
2026-05-15T18:39:51Z,oww-v17-official-50k,faph_cv_et,ambient,0.5,faph,34.810392303460794,2000,3.8207,
2026-05-15T18:39:51Z,oww-v17-official-50k,faph_cv_et,ambient,0.7,faph,29.575746844293757,2000,3.8207,
2026-05-15T18:39:51Z,oww-v17-official-50k,faph_cv_et,ambient,0.9,faph,23.03244002033496,2000,3.8207,
2026-05-15T18:39:51Z,oww-v17-official-50k,faph_cv_et,ambient,0.95,faph,17.01259774229287,2000,3.8207,
2026-05-15T18:39:51Z,oww-v17-official-50k,faph_cv_et,ambient,0.97,faph,15.965668650459461,2000,3.8207,
2026-05-15T18:39:51Z,oww-v17-official-50k,faph_cv_et,ambient,0.99,faph,0.0,2000,3.8207,
2026-05-15T18:39:51Z,oww-v17-official-50k,faph_cv_et,ambient,0.995,faph,0.0,2000,3.8207,
2026-05-15T18:39:51Z,oww-v17-official-50k,faph_cv_et,ambient,0.996,faph,0.0,2000,3.8207,
2026-05-15T18:39:51Z,oww-v17-official-50k,faph_cv_et,ambient,0.999,faph,0.0,2000,3.8207,
2026-05-15T18:39:51Z,oww-v17-official-50k,faph_librispeech,ambient,0.001,faph,422.82456899457577,2620,5.6217,
2026-05-15T18:39:51Z,oww-v17-official-50k,faph_librispeech,ambient,0.003,faph,72.21993058973402,2620,5.6217,
2026-05-15T18:39:51Z,oww-v17-official-50k,faph_librispeech,ambient,0.005,faph,53.89812553864386,2620,5.6217,
2026-05-15T18:39:51Z,oww-v17-official-50k,faph_librispeech,ambient,0.008,faph,43.22522939237775,2620,5.6217,
2026-05-15T18:39:51Z,oww-v17-official-50k,faph_librispeech,ambient,0.01,faph,40.02336054849792,2620,5.6217,
2026-05-15T18:39:51Z,oww-v17-official-50k,faph_librispeech,ambient,0.02,faph,31.6629252339228,2620,5.6217,
2026-05-15T18:39:51Z,oww-v17-official-50k,faph_librispeech,ambient,0.05,faph,23.836134726660983,2620,5.6217,
2026-05-15T18:39:51Z,oww-v17-official-50k,faph_librispeech,ambient,0.1,faph,19.211213063279,2620,5.6217,
2026-05-15T18:39:51Z,oww-v17-official-50k,faph_librispeech,ambient,0.2,faph,16.72087062915024,2620,5.6217,
2026-05-15T18:39:51Z,oww-v17-official-50k,faph_librispeech,ambient,0.3,faph,15.65358101452363,2620,5.6217,
2026-05-15T18:39:51Z,oww-v17-official-50k,faph_librispeech,ambient,0.5,faph,12.629593773081565,2620,5.6217,
2026-05-15T18:39:51Z,oww-v17-official-50k,faph_librispeech,ambient,0.7,faph,11.028659351141648,2620,5.6217,
2026-05-15T18:39:51Z,oww-v17-official-50k,faph_librispeech,ambient,0.9,faph,8.182553712137352,2620,5.6217,
2026-05-15T18:39:51Z,oww-v17-official-50k,faph_librispeech,ambient,0.95,faph,6.403737687759667,2620,5.6217,
2026-05-15T18:39:51Z,oww-v17-official-50k,faph_librispeech,ambient,0.97,faph,4.980684868257518,2620,5.6217,
2026-05-15T18:39:51Z,oww-v17-official-50k,faph_librispeech,ambient,0.99,faph,0.17788160243776852,2620,5.6217,
2026-05-15T18:39:51Z,oww-v17-official-50k,faph_librispeech,ambient,0.995,faph,0.0,2620,5.6217,
2026-05-15T18:39:51Z,oww-v17-official-50k,faph_librispeech,ambient,0.996,faph,0.0,2620,5.6217,
2026-05-15T18:39:51Z,oww-v17-official-50k,faph_librispeech,ambient,0.999,faph,0.0,2620,5.6217,
2026-05-15T18:39:51Z,oww-v17-official-50k,faph_macbook_bg,ambient,0.001,faph,1096.981374438022,14,1.1677,
2026-05-15T18:39:51Z,oww-v17-official-50k,faph_macbook_bg,ambient,0.003,faph,180.68935988011134,14,1.1677,
2026-05-15T18:39:51Z,oww-v17-official-50k,faph_macbook_bg,ambient,0.005,faph,125.8831085420681,14,1.1677,
2026-05-15T18:39:51Z,oww-v17-official-50k,faph_macbook_bg,ambient,0.008,faph,90.77285377863414,14,1.1677,
2026-05-15T18:39:51Z,oww-v17-official-50k,faph_macbook_bg,ambient,0.01,faph,84.77842003853566,14,1.1677,
2026-05-15T18:39:51Z,oww-v17-official-50k,faph_macbook_bg,ambient,0.02,faph,61.65703275529866,14,1.1677,
2026-05-15T18:39:51Z,oww-v17-official-50k,faph_macbook_bg,ambient,0.05,faph,41.10468850353244,14,1.1677,
2026-05-15T18:39:51Z,oww-v17-official-50k,faph_macbook_bg,ambient,0.1,faph,34.25390708627703,14,1.1677,
2026-05-15T18:39:51Z,oww-v17-official-50k,faph_macbook_bg,ambient,0.2,faph,27.403125669021627,14,1.1677,
2026-05-15T18:39:51Z,oww-v17-official-50k,faph_macbook_bg,ambient,0.3,faph,24.83408263755085,14,1.1677,
2026-05-15T18:39:51Z,oww-v17-official-50k,faph_macbook_bg,ambient,0.5,faph,21.408691928923147,14,1.1677,
2026-05-15T18:39:51Z,oww-v17-official-50k,faph_macbook_bg,ambient,0.7,faph,16.27060586598159,14,1.1677,
2026-05-15T18:39:51Z,oww-v17-official-50k,faph_macbook_bg,ambient,0.9,faph,13.701562834510813,14,1.1677,
2026-05-15T18:39:51Z,oww-v17-official-50k,faph_macbook_bg,ambient,0.95,faph,11.988867480196962,14,1.1677,
2026-05-15T18:39:51Z,oww-v17-official-50k,faph_macbook_bg,ambient,0.97,faph,5.994433740098481,14,1.1677,
2026-05-15T18:39:51Z,oww-v17-official-50k,faph_macbook_bg,ambient,0.99,faph,0.0,14,1.1677,
2026-05-15T18:39:51Z,oww-v17-official-50k,faph_macbook_bg,ambient,0.995,faph,0.0,14,1.1677,
2026-05-15T18:39:51Z,oww-v17-official-50k,faph_macbook_bg,ambient,0.996,faph,0.0,14,1.1677,
2026-05-15T18:39:51Z,oww-v17-official-50k,faph_macbook_bg,ambient,0.999,faph,0.0,14,1.1677,
2026-05-15T18:39:51Z,oww-v17-official-50k,faph_dipco,ambient,0.001,faph,862.6440295348729,6,3.3223,
2026-05-15T18:39:51Z,oww-v17-official-50k,faph_dipco,ambient,0.003,faph,153.80708272586182,6,3.3223,
2026-05-15T18:39:51Z,oww-v17-official-50k,faph_dipco,ambient,0.005,faph,110.76517894934864,6,3.3223,
2026-05-15T18:39:51Z,oww-v17-official-50k,faph_dipco,ambient,0.008,faph,83.97686121431595,6,3.3223,
2026-05-15T18:39:51Z,oww-v17-official-50k,faph_dipco,ambient,0.01,faph,77.05403752998166,6,3.3223,
2026-05-15T18:39:51Z,oww-v17-official-50k,faph_dipco,ambient,0.02,faph,59.59648215209519,6,3.3223,
2026-05-15T18:39:51Z,oww-v17-official-50k,faph_dipco,ambient,0.05,faph,46.0518271175281,6,3.3223,
2026-05-15T18:39:51Z,oww-v17-official-50k,faph_dipco,ambient,0.1,faph,37.02205709448337,6,3.3223,
2026-05-15T18:39:51Z,oww-v17-official-50k,faph_dipco,ambient,0.2,faph,30.099233410149086,6,3.3223,
2026-05-15T18:39:51Z,oww-v17-official-50k,faph_dipco,ambient,0.3,faph,27.99228707143865,6,3.3223,
2026-05-15T18:39:51Z,oww-v17-official-50k,faph_dipco,ambient,0.5,faph,23.176409725814796,6,3.3223,
2026-05-15T18:39:51Z,oww-v17-official-50k,faph_dipco,ambient,0.7,faph,19.263509382495414,6,3.3223,
2026-05-15T18:39:51Z,oww-v17-official-50k,faph_dipco,ambient,0.9,faph,12.641678032262616,6,3.3223,
2026-05-15T18:39:51Z,oww-v17-official-50k,faph_dipco,ambient,0.95,faph,9.029770023044726,6,3.3223,
2026-05-15T18:39:51Z,oww-v17-official-50k,faph_dipco,ambient,0.97,faph,7.22381601843578,6,3.3223,
2026-05-15T18:39:51Z,oww-v17-official-50k,faph_dipco,ambient,0.99,faph,0.0,6,3.3223,
2026-05-15T18:39:51Z,oww-v17-official-50k,faph_dipco,ambient,0.995,faph,0.0,6,3.3223,
2026-05-15T18:39:51Z,oww-v17-official-50k,faph_dipco,ambient,0.996,faph,0.0,6,3.3223,
2026-05-15T18:39:51Z,oww-v17-official-50k,faph_dipco,ambient,0.999,faph,0.0,6,3.3223,
2026-05-15T18:39:51Z,oww-v17-official-50k,faph_praam_quick_20260510,ambient,0.001,faph,548.1363996827914,1,0.7006,
2026-05-15T18:39:51Z,oww-v17-official-50k,faph_praam_quick_20260510,ambient,0.003,faph,11.41950832672482,1,0.7006,
2026-05-15T18:39:51Z,oww-v17-official-50k,faph_praam_quick_20260510,ambient,0.005,faph,4.282315622521808,1,0.7006,
2026-05-15T18:39:51Z,oww-v17-official-50k,faph_praam_quick_20260510,ambient,0.008,faph,1.4274385408406025,1,0.7006,
2026-05-15T18:39:51Z,oww-v17-official-50k,faph_praam_quick_20260510,ambient,0.01,faph,1.4274385408406025,1,0.7006,
2026-05-15T18:39:51Z,oww-v17-official-50k,faph_praam_quick_20260510,ambient,0.02,faph,1.4274385408406025,1,0.7006,
2026-05-15T18:39:51Z,oww-v17-official-50k,faph_praam_quick_20260510,ambient,0.05,faph,1.4274385408406025,1,0.7006,
2026-05-15T18:39:51Z,oww-v17-official-50k,faph_praam_quick_20260510,ambient,0.1,faph,1.4274385408406025,1,0.7006,
2026-05-15T18:39:51Z,oww-v17-official-50k,faph_praam_quick_20260510,ambient,0.2,faph,1.4274385408406025,1,0.7006,
2026-05-15T18:39:51Z,oww-v17-official-50k,faph_praam_quick_20260510,ambient,0.3,faph,1.4274385408406025,1,0.7006,
2026-05-15T18:39:51Z,oww-v17-official-50k,faph_praam_quick_20260510,ambient,0.5,faph,0.0,1,0.7006,
2026-05-15T18:39:51Z,oww-v17-official-50k,faph_praam_quick_20260510,ambient,0.7,faph,0.0,1,0.7006,
2026-05-15T18:39:51Z,oww-v17-official-50k,faph_praam_quick_20260510,ambient,0.9,faph,0.0,1,0.7006,
2026-05-15T18:39:51Z,oww-v17-official-50k,faph_praam_quick_20260510,ambient,0.95,faph,0.0,1,0.7006,
2026-05-15T18:39:51Z,oww-v17-official-50k,faph_praam_quick_20260510,ambient,0.97,faph,0.0,1,0.7006,
2026-05-15T18:39:51Z,oww-v17-official-50k,faph_praam_quick_20260510,ambient,0.99,faph,0.0,1,0.7006,
2026-05-15T18:39:51Z,oww-v17-official-50k,faph_praam_quick_20260510,ambient,0.995,faph,0.0,1,0.7006,
2026-05-15T18:39:51Z,oww-v17-official-50k,faph_praam_quick_20260510,ambient,0.996,faph,0.0,1,0.7006,
2026-05-15T18:39:51Z,oww-v17-official-50k,faph_praam_quick_20260510,ambient,0.999,faph,0.0,1,0.7006,
2026-05-15T18:39:51Z,oww-v18d-clean96-cap128-50k,pos_isa_xtts,positive,0.001,recall,0.9791666666666666,48,,
2026-05-15T18:39:51Z,oww-v18d-clean96-cap128-50k,pos_isa_xtts,positive,0.003,recall,0.9583333333333334,48,,
2026-05-15T18:39:51Z,oww-v18d-clean96-cap128-50k,pos_isa_xtts,positive,0.005,recall,0.9375,48,,
2026-05-15T18:39:51Z,oww-v18d-clean96-cap128-50k,pos_isa_xtts,positive,0.008,recall,0.9166666666666666,48,,
2026-05-15T18:39:51Z,oww-v18d-clean96-cap128-50k,pos_isa_xtts,positive,0.01,recall,0.9166666666666666,48,,
2026-05-15T18:39:51Z,oww-v18d-clean96-cap128-50k,pos_isa_xtts,positive,0.02,recall,0.8958333333333334,48,,
2026-05-15T18:39:51Z,oww-v18d-clean96-cap128-50k,pos_isa_xtts,positive,0.05,recall,0.75,48,,
2026-05-15T18:39:51Z,oww-v18d-clean96-cap128-50k,pos_isa_xtts,positive,0.1,recall,0.75,48,,
2026-05-15T18:39:51Z,oww-v18d-clean96-cap128-50k,pos_isa_xtts,positive,0.2,recall,0.6666666666666666,48,,
2026-05-15T18:39:51Z,oww-v18d-clean96-cap128-50k,pos_isa_xtts,positive,0.3,recall,0.5833333333333334,48,,
2026-05-15T18:39:51Z,oww-v18d-clean96-cap128-50k,pos_isa_xtts,positive,0.5,recall,0.4375,48,,
2026-05-15T18:39:51Z,oww-v18d-clean96-cap128-50k,pos_isa_xtts,positive,0.7,recall,0.3541666666666667,48,,
2026-05-15T18:39:51Z,oww-v18d-clean96-cap128-50k,pos_isa_xtts,positive,0.9,recall,0.2708333333333333,48,,
2026-05-15T18:39:51Z,oww-v18d-clean96-cap128-50k,pos_isa_xtts,positive,0.95,recall,0.1875,48,,
2026-05-15T18:39:51Z,oww-v18d-clean96-cap128-50k,pos_isa_xtts,positive,0.97,recall,0.16666666666666666,48,,
2026-05-15T18:39:51Z,oww-v18d-clean96-cap128-50k,pos_isa_xtts,positive,0.99,recall,0.10416666666666667,48,,
2026-05-15T18:39:51Z,oww-v18d-clean96-cap128-50k,pos_isa_xtts,positive,0.995,recall,0.020833333333333332,48,,
2026-05-15T18:39:51Z,oww-v18d-clean96-cap128-50k,pos_isa_xtts,positive,0.996,recall,0.0,48,,
2026-05-15T18:39:51Z,oww-v18d-clean96-cap128-50k,pos_isa_xtts,positive,0.999,recall,0.0,48,,
2026-05-15T18:39:51Z,oww-v18d-clean96-cap128-50k,pos_ode,positive,0.001,recall,1.0,11,,
2026-05-15T18:39:51Z,oww-v18d-clean96-cap128-50k,pos_ode,positive,0.003,recall,0.9090909090909091,11,,
2026-05-15T18:39:51Z,oww-v18d-clean96-cap128-50k,pos_ode,positive,0.005,recall,0.9090909090909091,11,,
2026-05-15T18:39:51Z,oww-v18d-clean96-cap128-50k,pos_ode,positive,0.008,recall,0.9090909090909091,11,,
2026-05-15T18:39:51Z,oww-v18d-clean96-cap128-50k,pos_ode,positive,0.01,recall,0.9090909090909091,11,,
2026-05-15T18:39:51Z,oww-v18d-clean96-cap128-50k,pos_ode,positive,0.02,recall,0.9090909090909091,11,,
2026-05-15T18:39:51Z,oww-v18d-clean96-cap128-50k,pos_ode,positive,0.05,recall,0.9090909090909091,11,,
2026-05-15T18:39:51Z,oww-v18d-clean96-cap128-50k,pos_ode,positive,0.1,recall,0.9090909090909091,11,,
2026-05-15T18:39:51Z,oww-v18d-clean96-cap128-50k,pos_ode,positive,0.2,recall,0.9090909090909091,11,,
2026-05-15T18:39:51Z,oww-v18d-clean96-cap128-50k,pos_ode,positive,0.3,recall,0.9090909090909091,11,,
2026-05-15T18:39:51Z,oww-v18d-clean96-cap128-50k,pos_ode,positive,0.5,recall,0.9090909090909091,11,,
2026-05-15T18:39:51Z,oww-v18d-clean96-cap128-50k,pos_ode,positive,0.7,recall,0.9090909090909091,11,,
2026-05-15T18:39:51Z,oww-v18d-clean96-cap128-50k,pos_ode,positive,0.9,recall,0.9090909090909091,11,,
2026-05-15T18:39:51Z,oww-v18d-clean96-cap128-50k,pos_ode,positive,0.95,recall,0.9090909090909091,11,,
2026-05-15T18:39:51Z,oww-v18d-clean96-cap128-50k,pos_ode,positive,0.97,recall,0.9090909090909091,11,,
2026-05-15T18:39:51Z,oww-v18d-clean96-cap128-50k,pos_ode,positive,0.99,recall,0.9090909090909091,11,,
2026-05-15T18:39:51Z,oww-v18d-clean96-cap128-50k,pos_ode,positive,0.995,recall,0.9090909090909091,11,,
2026-05-15T18:39:51Z,oww-v18d-clean96-cap128-50k,pos_ode,positive,0.996,recall,0.9090909090909091,11,,
2026-05-15T18:39:51Z,oww-v18d-clean96-cap128-50k,pos_ode,positive,0.999,recall,0.0,11,,
2026-05-15T18:39:51Z,oww-v18d-clean96-cap128-50k,pos_mattias_short,positive,0.001,recall,1.0,135,,
2026-05-15T18:39:51Z,oww-v18d-clean96-cap128-50k,pos_mattias_short,positive,0.003,recall,1.0,135,,
2026-05-15T18:39:51Z,oww-v18d-clean96-cap128-50k,pos_mattias_short,positive,0.005,recall,1.0,135,,
2026-05-15T18:39:51Z,oww-v18d-clean96-cap128-50k,pos_mattias_short,positive,0.008,recall,1.0,135,,
2026-05-15T18:39:51Z,oww-v18d-clean96-cap128-50k,pos_mattias_short,positive,0.01,recall,0.9925925925925926,135,,
2026-05-15T18:39:51Z,oww-v18d-clean96-cap128-50k,pos_mattias_short,positive,0.02,recall,0.9777777777777777,135,,
2026-05-15T18:39:51Z,oww-v18d-clean96-cap128-50k,pos_mattias_short,positive,0.05,recall,0.9555555555555556,135,,
2026-05-15T18:39:51Z,oww-v18d-clean96-cap128-50k,pos_mattias_short,positive,0.1,recall,0.9555555555555556,135,,
2026-05-15T18:39:51Z,oww-v18d-clean96-cap128-50k,pos_mattias_short,positive,0.2,recall,0.9407407407407408,135,,
2026-05-15T18:39:51Z,oww-v18d-clean96-cap128-50k,pos_mattias_short,positive,0.3,recall,0.9259259259259259,135,,
2026-05-15T18:39:51Z,oww-v18d-clean96-cap128-50k,pos_mattias_short,positive,0.5,recall,0.9259259259259259,135,,
2026-05-15T18:39:51Z,oww-v18d-clean96-cap128-50k,pos_mattias_short,positive,0.7,recall,0.9111111111111111,135,,
2026-05-15T18:39:51Z,oww-v18d-clean96-cap128-50k,pos_mattias_short,positive,0.9,recall,0.8962962962962963,135,,
2026-05-15T18:39:51Z,oww-v18d-clean96-cap128-50k,pos_mattias_short,positive,0.95,recall,0.8814814814814815,135,,
2026-05-15T18:39:51Z,oww-v18d-clean96-cap128-50k,pos_mattias_short,positive,0.97,recall,0.8592592592592593,135,,
2026-05-15T18:39:51Z,oww-v18d-clean96-cap128-50k,pos_mattias_short,positive,0.99,recall,0.7703703703703704,135,,
2026-05-15T18:39:51Z,oww-v18d-clean96-cap128-50k,pos_mattias_short,positive,0.995,recall,0.7407407407407407,135,,
2026-05-15T18:39:51Z,oww-v18d-clean96-cap128-50k,pos_mattias_short,positive,0.996,recall,0.7111111111111111,135,,
2026-05-15T18:39:51Z,oww-v18d-clean96-cap128-50k,pos_mattias_short,positive,0.999,recall,0.0,135,,
2026-05-15T18:39:51Z,oww-v18d-clean96-cap128-50k,pos_mattias_short_n50,positive,0.001,recall,1.0,50,,
2026-05-15T18:39:51Z,oww-v18d-clean96-cap128-50k,pos_mattias_short_n50,positive,0.003,recall,1.0,50,,
2026-05-15T18:39:51Z,oww-v18d-clean96-cap128-50k,pos_mattias_short_n50,positive,0.005,recall,1.0,50,,
2026-05-15T18:39:51Z,oww-v18d-clean96-cap128-50k,pos_mattias_short_n50,positive,0.008,recall,1.0,50,,
2026-05-15T18:39:51Z,oww-v18d-clean96-cap128-50k,pos_mattias_short_n50,positive,0.01,recall,1.0,50,,
2026-05-15T18:39:51Z,oww-v18d-clean96-cap128-50k,pos_mattias_short_n50,positive,0.02,recall,1.0,50,,
2026-05-15T18:39:51Z,oww-v18d-clean96-cap128-50k,pos_mattias_short_n50,positive,0.05,recall,1.0,50,,
2026-05-15T18:39:51Z,oww-v18d-clean96-cap128-50k,pos_mattias_short_n50,positive,0.1,recall,1.0,50,,
2026-05-15T18:39:51Z,oww-v18d-clean96-cap128-50k,pos_mattias_short_n50,positive,0.2,recall,1.0,50,,
2026-05-15T18:39:51Z,oww-v18d-clean96-cap128-50k,pos_mattias_short_n50,positive,0.3,recall,1.0,50,,
2026-05-15T18:39:51Z,oww-v18d-clean96-cap128-50k,pos_mattias_short_n50,positive,0.5,recall,1.0,50,,
2026-05-15T18:39:51Z,oww-v18d-clean96-cap128-50k,pos_mattias_short_n50,positive,0.7,recall,1.0,50,,
2026-05-15T18:39:51Z,oww-v18d-clean96-cap128-50k,pos_mattias_short_n50,positive,0.9,recall,1.0,50,,
2026-05-15T18:39:51Z,oww-v18d-clean96-cap128-50k,pos_mattias_short_n50,positive,0.95,recall,1.0,50,,
2026-05-15T18:39:51Z,oww-v18d-clean96-cap128-50k,pos_mattias_short_n50,positive,0.97,recall,1.0,50,,
2026-05-15T18:39:51Z,oww-v18d-clean96-cap128-50k,pos_mattias_short_n50,positive,0.99,recall,1.0,50,,
2026-05-15T18:39:51Z,oww-v18d-clean96-cap128-50k,pos_mattias_short_n50,positive,0.995,recall,1.0,50,,
2026-05-15T18:39:51Z,oww-v18d-clean96-cap128-50k,pos_mattias_short_n50,positive,0.996,recall,1.0,50,,
2026-05-15T18:39:51Z,oww-v18d-clean96-cap128-50k,pos_mattias_short_n50,positive,0.999,recall,0.0,50,,
2026-05-15T18:39:51Z,oww-v18d-clean96-cap128-50k,pos_friend1,positive,0.001,recall,1.0,145,,
2026-05-15T18:39:51Z,oww-v18d-clean96-cap128-50k,pos_friend1,positive,0.003,recall,1.0,145,,
2026-05-15T18:39:51Z,oww-v18d-clean96-cap128-50k,pos_friend1,positive,0.005,recall,0.993103448275862,145,,
2026-05-15T18:39:51Z,oww-v18d-clean96-cap128-50k,pos_friend1,positive,0.008,recall,0.993103448275862,145,,
2026-05-15T18:39:51Z,oww-v18d-clean96-cap128-50k,pos_friend1,positive,0.01,recall,0.993103448275862,145,,
2026-05-15T18:39:51Z,oww-v18d-clean96-cap128-50k,pos_friend1,positive,0.02,recall,0.993103448275862,145,,
2026-05-15T18:39:51Z,oww-v18d-clean96-cap128-50k,pos_friend1,positive,0.05,recall,0.993103448275862,145,,
2026-05-15T18:39:51Z,oww-v18d-clean96-cap128-50k,pos_friend1,positive,0.1,recall,0.9862068965517241,145,,
2026-05-15T18:39:51Z,oww-v18d-clean96-cap128-50k,pos_friend1,positive,0.2,recall,0.9862068965517241,145,,
2026-05-15T18:39:51Z,oww-v18d-clean96-cap128-50k,pos_friend1,positive,0.3,recall,0.9862068965517241,145,,
2026-05-15T18:39:51Z,oww-v18d-clean96-cap128-50k,pos_friend1,positive,0.5,recall,0.9862068965517241,145,,
2026-05-15T18:39:51Z,oww-v18d-clean96-cap128-50k,pos_friend1,positive,0.7,recall,0.9724137931034482,145,,
2026-05-15T18:39:51Z,oww-v18d-clean96-cap128-50k,pos_friend1,positive,0.9,recall,0.9586206896551724,145,,
2026-05-15T18:39:51Z,oww-v18d-clean96-cap128-50k,pos_friend1,positive,0.95,recall,0.9310344827586207,145,,
2026-05-15T18:39:51Z,oww-v18d-clean96-cap128-50k,pos_friend1,positive,0.97,recall,0.9103448275862069,145,,
2026-05-15T18:39:51Z,oww-v18d-clean96-cap128-50k,pos_friend1,positive,0.99,recall,0.8758620689655172,145,,
2026-05-15T18:39:51Z,oww-v18d-clean96-cap128-50k,pos_friend1,positive,0.995,recall,0.7448275862068966,145,,
2026-05-15T18:39:51Z,oww-v18d-clean96-cap128-50k,pos_friend1,positive,0.996,recall,0.6620689655172414,145,,
2026-05-15T18:39:51Z,oww-v18d-clean96-cap128-50k,pos_friend1,positive,0.999,recall,0.0,145,,
2026-05-15T18:39:51Z,oww-v18d-clean96-cap128-50k,pos_friend1_n37,positive,0.001,recall,1.0,37,,
2026-05-15T18:39:51Z,oww-v18d-clean96-cap128-50k,pos_friend1_n37,positive,0.003,recall,1.0,37,,
2026-05-15T18:39:51Z,oww-v18d-clean96-cap128-50k,pos_friend1_n37,positive,0.005,recall,1.0,37,,
2026-05-15T18:39:51Z,oww-v18d-clean96-cap128-50k,pos_friend1_n37,positive,0.008,recall,1.0,37,,
2026-05-15T18:39:51Z,oww-v18d-clean96-cap128-50k,pos_friend1_n37,positive,0.01,recall,1.0,37,,
2026-05-15T18:39:51Z,oww-v18d-clean96-cap128-50k,pos_friend1_n37,positive,0.02,recall,1.0,37,,
2026-05-15T18:39:51Z,oww-v18d-clean96-cap128-50k,pos_friend1_n37,positive,0.05,recall,1.0,37,,
2026-05-15T18:39:51Z,oww-v18d-clean96-cap128-50k,pos_friend1_n37,positive,0.1,recall,0.972972972972973,37,,
2026-05-15T18:39:51Z,oww-v18d-clean96-cap128-50k,pos_friend1_n37,positive,0.2,recall,0.972972972972973,37,,
2026-05-15T18:39:51Z,oww-v18d-clean96-cap128-50k,pos_friend1_n37,positive,0.3,recall,0.972972972972973,37,,
2026-05-15T18:39:51Z,oww-v18d-clean96-cap128-50k,pos_friend1_n37,positive,0.5,recall,0.972972972972973,37,,
2026-05-15T18:39:51Z,oww-v18d-clean96-cap128-50k,pos_friend1_n37,positive,0.7,recall,0.972972972972973,37,,
2026-05-15T18:39:51Z,oww-v18d-clean96-cap128-50k,pos_friend1_n37,positive,0.9,recall,0.972972972972973,37,,
2026-05-15T18:39:51Z,oww-v18d-clean96-cap128-50k,pos_friend1_n37,positive,0.95,recall,0.918918918918919,37,,
2026-05-15T18:39:51Z,oww-v18d-clean96-cap128-50k,pos_friend1_n37,positive,0.97,recall,0.918918918918919,37,,
2026-05-15T18:39:51Z,oww-v18d-clean96-cap128-50k,pos_friend1_n37,positive,0.99,recall,0.8918918918918919,37,,
2026-05-15T18:39:51Z,oww-v18d-clean96-cap128-50k,pos_friend1_n37,positive,0.995,recall,0.7297297297297297,37,,
2026-05-15T18:39:51Z,oww-v18d-clean96-cap128-50k,pos_friend1_n37,positive,0.996,recall,0.6756756756756757,37,,
2026-05-15T18:39:51Z,oww-v18d-clean96-cap128-50k,pos_friend1_n37,positive,0.999,recall,0.0,37,,
2026-05-15T18:39:51Z,oww-v18d-clean96-cap128-50k,hard_neg_mac_holdout,hard_negative,0.001,fpr,1.0,15,,
2026-05-15T18:39:51Z,oww-v18d-clean96-cap128-50k,hard_neg_mac_holdout,hard_negative,0.003,fpr,1.0,15,,
2026-05-15T18:39:51Z,oww-v18d-clean96-cap128-50k,hard_neg_mac_holdout,hard_negative,0.005,fpr,1.0,15,,
2026-05-15T18:39:51Z,oww-v18d-clean96-cap128-50k,hard_neg_mac_holdout,hard_negative,0.008,fpr,1.0,15,,
2026-05-15T18:39:51Z,oww-v18d-clean96-cap128-50k,hard_neg_mac_holdout,hard_negative,0.01,fpr,1.0,15,,
2026-05-15T18:39:51Z,oww-v18d-clean96-cap128-50k,hard_neg_mac_holdout,hard_negative,0.02,fpr,1.0,15,,
2026-05-15T18:39:51Z,oww-v18d-clean96-cap128-50k,hard_neg_mac_holdout,hard_negative,0.05,fpr,1.0,15,,
2026-05-15T18:39:51Z,oww-v18d-clean96-cap128-50k,hard_neg_mac_holdout,hard_negative,0.1,fpr,1.0,15,,
2026-05-15T18:39:51Z,oww-v18d-clean96-cap128-50k,hard_neg_mac_holdout,hard_negative,0.2,fpr,1.0,15,,
2026-05-15T18:39:51Z,oww-v18d-clean96-cap128-50k,hard_neg_mac_holdout,hard_negative,0.3,fpr,1.0,15,,
2026-05-15T18:39:51Z,oww-v18d-clean96-cap128-50k,hard_neg_mac_holdout,hard_negative,0.5,fpr,0.9333333333333333,15,,
2026-05-15T18:39:51Z,oww-v18d-clean96-cap128-50k,hard_neg_mac_holdout,hard_negative,0.7,fpr,0.9333333333333333,15,,
2026-05-15T18:39:51Z,oww-v18d-clean96-cap128-50k,hard_neg_mac_holdout,hard_negative,0.9,fpr,0.7333333333333333,15,,
2026-05-15T18:39:51Z,oww-v18d-clean96-cap128-50k,hard_neg_mac_holdout,hard_negative,0.95,fpr,0.6,15,,
2026-05-15T18:39:51Z,oww-v18d-clean96-cap128-50k,hard_neg_mac_holdout,hard_negative,0.97,fpr,0.6,15,,
2026-05-15T18:39:51Z,oww-v18d-clean96-cap128-50k,hard_neg_mac_holdout,hard_negative,0.99,fpr,0.5333333333333333,15,,
2026-05-15T18:39:51Z,oww-v18d-clean96-cap128-50k,hard_neg_mac_holdout,hard_negative,0.995,fpr,0.4666666666666667,15,,
2026-05-15T18:39:51Z,oww-v18d-clean96-cap128-50k,hard_neg_mac_holdout,hard_negative,0.996,fpr,0.4,15,,
2026-05-15T18:39:51Z,oww-v18d-clean96-cap128-50k,hard_neg_mac_holdout,hard_negative,0.999,fpr,0.0,15,,
2026-05-15T18:39:51Z,oww-v18d-clean96-cap128-50k,hard_neg_isa_xtts,hard_negative,0.001,fpr,0.9,60,,
2026-05-15T18:39:51Z,oww-v18d-clean96-cap128-50k,hard_neg_isa_xtts,hard_negative,0.003,fpr,0.75,60,,
2026-05-15T18:39:51Z,oww-v18d-clean96-cap128-50k,hard_neg_isa_xtts,hard_negative,0.005,fpr,0.6833333333333333,60,,
2026-05-15T18:39:51Z,oww-v18d-clean96-cap128-50k,hard_neg_isa_xtts,hard_negative,0.008,fpr,0.65,60,,
2026-05-15T18:39:51Z,oww-v18d-clean96-cap128-50k,hard_neg_isa_xtts,hard_negative,0.01,fpr,0.65,60,,
2026-05-15T18:39:51Z,oww-v18d-clean96-cap128-50k,hard_neg_isa_xtts,hard_negative,0.02,fpr,0.6333333333333333,60,,
2026-05-15T18:39:51Z,oww-v18d-clean96-cap128-50k,hard_neg_isa_xtts,hard_negative,0.05,fpr,0.55,60,,
2026-05-15T18:39:51Z,oww-v18d-clean96-cap128-50k,hard_neg_isa_xtts,hard_negative,0.1,fpr,0.5166666666666667,60,,
2026-05-15T18:39:51Z,oww-v18d-clean96-cap128-50k,hard_neg_isa_xtts,hard_negative,0.2,fpr,0.5,60,,
2026-05-15T18:39:51Z,oww-v18d-clean96-cap128-50k,hard_neg_isa_xtts,hard_negative,0.3,fpr,0.43333333333333335,60,,
2026-05-15T18:39:51Z,oww-v18d-clean96-cap128-50k,hard_neg_isa_xtts,hard_negative,0.5,fpr,0.4166666666666667,60,,
2026-05-15T18:39:51Z,oww-v18d-clean96-cap128-50k,hard_neg_isa_xtts,hard_negative,0.7,fpr,0.4,60,,
2026-05-15T18:39:51Z,oww-v18d-clean96-cap128-50k,hard_neg_isa_xtts,hard_negative,0.9,fpr,0.35,60,,
2026-05-15T18:39:51Z,oww-v18d-clean96-cap128-50k,hard_neg_isa_xtts,hard_negative,0.95,fpr,0.3,60,,
2026-05-15T18:39:51Z,oww-v18d-clean96-cap128-50k,hard_neg_isa_xtts,hard_negative,0.97,fpr,0.2833333333333333,60,,
2026-05-15T18:39:51Z,oww-v18d-clean96-cap128-50k,hard_neg_isa_xtts,hard_negative,0.99,fpr,0.25,60,,
2026-05-15T18:39:51Z,oww-v18d-clean96-cap128-50k,hard_neg_isa_xtts,hard_negative,0.995,fpr,0.2,60,,
2026-05-15T18:39:51Z,oww-v18d-clean96-cap128-50k,hard_neg_isa_xtts,hard_negative,0.996,fpr,0.18333333333333332,60,,
2026-05-15T18:39:51Z,oww-v18d-clean96-cap128-50k,hard_neg_isa_xtts,hard_negative,0.999,fpr,0.0,60,,
2026-05-15T18:39:51Z,oww-v18d-clean96-cap128-50k,hard_neg_canary,hard_negative,0.001,fpr,1.0,5,,
2026-05-15T18:39:51Z,oww-v18d-clean96-cap128-50k,hard_neg_canary,hard_negative,0.003,fpr,0.4,5,,
2026-05-15T18:39:51Z,oww-v18d-clean96-cap128-50k,hard_neg_canary,hard_negative,0.005,fpr,0.2,5,,
2026-05-15T18:39:51Z,oww-v18d-clean96-cap128-50k,hard_neg_canary,hard_negative,0.008,fpr,0.2,5,,
2026-05-15T18:39:51Z,oww-v18d-clean96-cap128-50k,hard_neg_canary,hard_negative,0.01,fpr,0.2,5,,
2026-05-15T18:39:51Z,oww-v18d-clean96-cap128-50k,hard_neg_canary,hard_negative,0.02,fpr,0.2,5,,
2026-05-15T18:39:51Z,oww-v18d-clean96-cap128-50k,hard_neg_canary,hard_negative,0.05,fpr,0.2,5,,
2026-05-15T18:39:51Z,oww-v18d-clean96-cap128-50k,hard_neg_canary,hard_negative,0.1,fpr,0.0,5,,
2026-05-15T18:39:51Z,oww-v18d-clean96-cap128-50k,hard_neg_canary,hard_negative,0.2,fpr,0.0,5,,
2026-05-15T18:39:51Z,oww-v18d-clean96-cap128-50k,hard_neg_canary,hard_negative,0.3,fpr,0.0,5,,
2026-05-15T18:39:51Z,oww-v18d-clean96-cap128-50k,hard_neg_canary,hard_negative,0.5,fpr,0.0,5,,
2026-05-15T18:39:51Z,oww-v18d-clean96-cap128-50k,hard_neg_canary,hard_negative,0.7,fpr,0.0,5,,
2026-05-15T18:39:51Z,oww-v18d-clean96-cap128-50k,hard_neg_canary,hard_negative,0.9,fpr,0.0,5,,
2026-05-15T18:39:51Z,oww-v18d-clean96-cap128-50k,hard_neg_canary,hard_negative,0.95,fpr,0.0,5,,
2026-05-15T18:39:51Z,oww-v18d-clean96-cap128-50k,hard_neg_canary,hard_negative,0.97,fpr,0.0,5,,
2026-05-15T18:39:51Z,oww-v18d-clean96-cap128-50k,hard_neg_canary,hard_negative,0.99,fpr,0.0,5,,
2026-05-15T18:39:51Z,oww-v18d-clean96-cap128-50k,hard_neg_canary,hard_negative,0.995,fpr,0.0,5,,
2026-05-15T18:39:51Z,oww-v18d-clean96-cap128-50k,hard_neg_canary,hard_negative,0.996,fpr,0.0,5,,
2026-05-15T18:39:51Z,oww-v18d-clean96-cap128-50k,hard_neg_canary,hard_negative,0.999,fpr,0.0,5,,
2026-05-15T18:39:51Z,oww-v18d-clean96-cap128-50k,neg_prefix_only_mattias_short,hard_negative,0.001,fpr,0.9818181818181818,220,,
2026-05-15T18:39:51Z,oww-v18d-clean96-cap128-50k,neg_prefix_only_mattias_short,hard_negative,0.003,fpr,0.9545454545454546,220,,
2026-05-15T18:39:51Z,oww-v18d-clean96-cap128-50k,neg_prefix_only_mattias_short,hard_negative,0.005,fpr,0.9454545454545454,220,,
2026-05-15T18:39:51Z,oww-v18d-clean96-cap128-50k,neg_prefix_only_mattias_short,hard_negative,0.008,fpr,0.9454545454545454,220,,
2026-05-15T18:39:51Z,oww-v18d-clean96-cap128-50k,neg_prefix_only_mattias_short,hard_negative,0.01,fpr,0.9363636363636364,220,,
2026-05-15T18:39:51Z,oww-v18d-clean96-cap128-50k,neg_prefix_only_mattias_short,hard_negative,0.02,fpr,0.9227272727272727,220,,
2026-05-15T18:39:51Z,oww-v18d-clean96-cap128-50k,neg_prefix_only_mattias_short,hard_negative,0.05,fpr,0.9045454545454545,220,,
2026-05-15T18:39:51Z,oww-v18d-clean96-cap128-50k,neg_prefix_only_mattias_short,hard_negative,0.1,fpr,0.8863636363636364,220,,
2026-05-15T18:39:51Z,oww-v18d-clean96-cap128-50k,neg_prefix_only_mattias_short,hard_negative,0.2,fpr,0.8590909090909091,220,,
2026-05-15T18:39:51Z,oww-v18d-clean96-cap128-50k,neg_prefix_only_mattias_short,hard_negative,0.3,fpr,0.8454545454545455,220,,
2026-05-15T18:39:51Z,oww-v18d-clean96-cap128-50k,neg_prefix_only_mattias_short,hard_negative,0.5,fpr,0.8318181818181818,220,,
2026-05-15T18:39:51Z,oww-v18d-clean96-cap128-50k,neg_prefix_only_mattias_short,hard_negative,0.7,fpr,0.8090909090909091,220,,
2026-05-15T18:39:51Z,oww-v18d-clean96-cap128-50k,neg_prefix_only_mattias_short,hard_negative,0.9,fpr,0.7363636363636363,220,,
2026-05-15T18:39:51Z,oww-v18d-clean96-cap128-50k,neg_prefix_only_mattias_short,hard_negative,0.95,fpr,0.6909090909090909,220,,
2026-05-15T18:39:51Z,oww-v18d-clean96-cap128-50k,neg_prefix_only_mattias_short,hard_negative,0.97,fpr,0.6318181818181818,220,,
2026-05-15T18:39:51Z,oww-v18d-clean96-cap128-50k,neg_prefix_only_mattias_short,hard_negative,0.99,fpr,0.5272727272727272,220,,
2026-05-15T18:39:51Z,oww-v18d-clean96-cap128-50k,neg_prefix_only_mattias_short,hard_negative,0.995,fpr,0.36363636363636365,220,,
2026-05-15T18:39:51Z,oww-v18d-clean96-cap128-50k,neg_prefix_only_mattias_short,hard_negative,0.996,fpr,0.2,220,,
2026-05-15T18:39:51Z,oww-v18d-clean96-cap128-50k,neg_prefix_only_mattias_short,hard_negative,0.999,fpr,0.0,220,,
2026-05-15T18:39:51Z,oww-v18d-clean96-cap128-50k,neg_single_kratt_neurokone,hard_negative,0.001,fpr,1.0,186,,
2026-05-15T18:39:51Z,oww-v18d-clean96-cap128-50k,neg_single_kratt_neurokone,hard_negative,0.003,fpr,0.9946236559139785,186,,
2026-05-15T18:39:51Z,oww-v18d-clean96-cap128-50k,neg_single_kratt_neurokone,hard_negative,0.005,fpr,0.9838709677419355,186,,
2026-05-15T18:39:51Z,oww-v18d-clean96-cap128-50k,neg_single_kratt_neurokone,hard_negative,0.008,fpr,0.967741935483871,186,,
2026-05-15T18:39:51Z,oww-v18d-clean96-cap128-50k,neg_single_kratt_neurokone,hard_negative,0.01,fpr,0.956989247311828,186,,
2026-05-15T18:39:51Z,oww-v18d-clean96-cap128-50k,neg_single_kratt_neurokone,hard_negative,0.02,fpr,0.9032258064516129,186,,
2026-05-15T18:39:51Z,oww-v18d-clean96-cap128-50k,neg_single_kratt_neurokone,hard_negative,0.05,fpr,0.8279569892473119,186,,
2026-05-15T18:39:51Z,oww-v18d-clean96-cap128-50k,neg_single_kratt_neurokone,hard_negative,0.1,fpr,0.7795698924731183,186,,
2026-05-15T18:39:51Z,oww-v18d-clean96-cap128-50k,neg_single_kratt_neurokone,hard_negative,0.2,fpr,0.7365591397849462,186,,
2026-05-15T18:39:51Z,oww-v18d-clean96-cap128-50k,neg_single_kratt_neurokone,hard_negative,0.3,fpr,0.7204301075268817,186,,
2026-05-15T18:39:51Z,oww-v18d-clean96-cap128-50k,neg_single_kratt_neurokone,hard_negative,0.5,fpr,0.6505376344086021,186,,
2026-05-15T18:39:51Z,oww-v18d-clean96-cap128-50k,neg_single_kratt_neurokone,hard_negative,0.7,fpr,0.6075268817204301,186,,
2026-05-15T18:39:51Z,oww-v18d-clean96-cap128-50k,neg_single_kratt_neurokone,hard_negative,0.9,fpr,0.5053763440860215,186,,
2026-05-15T18:39:51Z,oww-v18d-clean96-cap128-50k,neg_single_kratt_neurokone,hard_negative,0.95,fpr,0.43548387096774194,186,,
2026-05-15T18:39:51Z,oww-v18d-clean96-cap128-50k,neg_single_kratt_neurokone,hard_negative,0.97,fpr,0.3978494623655914,186,,
2026-05-15T18:39:51Z,oww-v18d-clean96-cap128-50k,neg_single_kratt_neurokone,hard_negative,0.99,fpr,0.26344086021505375,186,,
2026-05-15T18:39:51Z,oww-v18d-clean96-cap128-50k,neg_single_kratt_neurokone,hard_negative,0.995,fpr,0.1774193548387097,186,,
2026-05-15T18:39:51Z,oww-v18d-clean96-cap128-50k,neg_single_kratt_neurokone,hard_negative,0.996,fpr,0.13440860215053763,186,,
2026-05-15T18:39:51Z,oww-v18d-clean96-cap128-50k,neg_single_kratt_neurokone,hard_negative,0.999,fpr,0.0,186,,
2026-05-15T18:39:51Z,oww-v18d-clean96-cap128-50k,neg_reversed_kratt_kuule,hard_negative,0.001,fpr,0.96875,64,,
2026-05-15T18:39:51Z,oww-v18d-clean96-cap128-50k,neg_reversed_kratt_kuule,hard_negative,0.003,fpr,0.90625,64,,
2026-05-15T18:39:51Z,oww-v18d-clean96-cap128-50k,neg_reversed_kratt_kuule,hard_negative,0.005,fpr,0.890625,64,,
2026-05-15T18:39:51Z,oww-v18d-clean96-cap128-50k,neg_reversed_kratt_kuule,hard_negative,0.008,fpr,0.859375,64,,
2026-05-15T18:39:51Z,oww-v18d-clean96-cap128-50k,neg_reversed_kratt_kuule,hard_negative,0.01,fpr,0.859375,64,,
2026-05-15T18:39:51Z,oww-v18d-clean96-cap128-50k,neg_reversed_kratt_kuule,hard_negative,0.02,fpr,0.8125,64,,
2026-05-15T18:39:51Z,oww-v18d-clean96-cap128-50k,neg_reversed_kratt_kuule,hard_negative,0.05,fpr,0.765625,64,,
2026-05-15T18:39:51Z,oww-v18d-clean96-cap128-50k,neg_reversed_kratt_kuule,hard_negative,0.1,fpr,0.734375,64,,
2026-05-15T18:39:51Z,oww-v18d-clean96-cap128-50k,neg_reversed_kratt_kuule,hard_negative,0.2,fpr,0.65625,64,,
2026-05-15T18:39:51Z,oww-v18d-clean96-cap128-50k,neg_reversed_kratt_kuule,hard_negative,0.3,fpr,0.609375,64,,
2026-05-15T18:39:51Z,oww-v18d-clean96-cap128-50k,neg_reversed_kratt_kuule,hard_negative,0.5,fpr,0.515625,64,,
2026-05-15T18:39:51Z,oww-v18d-clean96-cap128-50k,neg_reversed_kratt_kuule,hard_negative,0.7,fpr,0.4375,64,,
2026-05-15T18:39:51Z,oww-v18d-clean96-cap128-50k,neg_reversed_kratt_kuule,hard_negative,0.9,fpr,0.34375,64,,
2026-05-15T18:39:51Z,oww-v18d-clean96-cap128-50k,neg_reversed_kratt_kuule,hard_negative,0.95,fpr,0.234375,64,,
2026-05-15T18:39:51Z,oww-v18d-clean96-cap128-50k,neg_reversed_kratt_kuule,hard_negative,0.97,fpr,0.203125,64,,
2026-05-15T18:39:51Z,oww-v18d-clean96-cap128-50k,neg_reversed_kratt_kuule,hard_negative,0.99,fpr,0.0625,64,,
2026-05-15T18:39:51Z,oww-v18d-clean96-cap128-50k,neg_reversed_kratt_kuule,hard_negative,0.995,fpr,0.03125,64,,
2026-05-15T18:39:51Z,oww-v18d-clean96-cap128-50k,neg_reversed_kratt_kuule,hard_negative,0.996,fpr,0.0,64,,
2026-05-15T18:39:51Z,oww-v18d-clean96-cap128-50k,neg_reversed_kratt_kuule,hard_negative,0.999,fpr,0.0,64,,
2026-05-15T18:39:51Z,oww-v18d-clean96-cap128-50k,neg_kuule_kule_confusables,hard_negative,0.001,fpr,0.9983333333333333,600,,
2026-05-15T18:39:51Z,oww-v18d-clean96-cap128-50k,neg_kuule_kule_confusables,hard_negative,0.003,fpr,0.9916666666666667,600,,
2026-05-15T18:39:51Z,oww-v18d-clean96-cap128-50k,neg_kuule_kule_confusables,hard_negative,0.005,fpr,0.985,600,,
2026-05-15T18:39:51Z,oww-v18d-clean96-cap128-50k,neg_kuule_kule_confusables,hard_negative,0.008,fpr,0.9766666666666667,600,,
2026-05-15T18:39:51Z,oww-v18d-clean96-cap128-50k,neg_kuule_kule_confusables,hard_negative,0.01,fpr,0.9733333333333334,600,,
2026-05-15T18:39:51Z,oww-v18d-clean96-cap128-50k,neg_kuule_kule_confusables,hard_negative,0.02,fpr,0.9633333333333334,600,,
2026-05-15T18:39:51Z,oww-v18d-clean96-cap128-50k,neg_kuule_kule_confusables,hard_negative,0.05,fpr,0.95,600,,
2026-05-15T18:39:51Z,oww-v18d-clean96-cap128-50k,neg_kuule_kule_confusables,hard_negative,0.1,fpr,0.9333333333333333,600,,
2026-05-15T18:39:51Z,oww-v18d-clean96-cap128-50k,neg_kuule_kule_confusables,hard_negative,0.2,fpr,0.93,600,,
2026-05-15T18:39:51Z,oww-v18d-clean96-cap128-50k,neg_kuule_kule_confusables,hard_negative,0.3,fpr,0.9233333333333333,600,,
2026-05-15T18:39:51Z,oww-v18d-clean96-cap128-50k,neg_kuule_kule_confusables,hard_negative,0.5,fpr,0.9083333333333333,600,,
2026-05-15T18:39:51Z,oww-v18d-clean96-cap128-50k,neg_kuule_kule_confusables,hard_negative,0.7,fpr,0.8933333333333333,600,,
2026-05-15T18:39:51Z,oww-v18d-clean96-cap128-50k,neg_kuule_kule_confusables,hard_negative,0.9,fpr,0.8716666666666667,600,,
2026-05-15T18:39:51Z,oww-v18d-clean96-cap128-50k,neg_kuule_kule_confusables,hard_negative,0.95,fpr,0.855,600,,
2026-05-15T18:39:51Z,oww-v18d-clean96-cap128-50k,neg_kuule_kule_confusables,hard_negative,0.97,fpr,0.84,600,,
2026-05-15T18:39:51Z,oww-v18d-clean96-cap128-50k,neg_kuule_kule_confusables,hard_negative,0.99,fpr,0.7933333333333333,600,,
2026-05-15T18:39:51Z,oww-v18d-clean96-cap128-50k,neg_kuule_kule_confusables,hard_negative,0.995,fpr,0.7466666666666667,600,,
2026-05-15T18:39:51Z,oww-v18d-clean96-cap128-50k,neg_kuule_kule_confusables,hard_negative,0.996,fpr,0.72,600,,
2026-05-15T18:39:51Z,oww-v18d-clean96-cap128-50k,neg_kuule_kule_confusables,hard_negative,0.999,fpr,0.0,600,,
2026-05-15T18:39:51Z,oww-v18d-clean96-cap128-50k,neg_kuule_kule_confusables_target_free,hard_negative,0.001,fpr,0.9983333333333333,600,,
2026-05-15T18:39:51Z,oww-v18d-clean96-cap128-50k,neg_kuule_kule_confusables_target_free,hard_negative,0.003,fpr,0.9916666666666667,600,,
2026-05-15T18:39:51Z,oww-v18d-clean96-cap128-50k,neg_kuule_kule_confusables_target_free,hard_negative,0.005,fpr,0.985,600,,
2026-05-15T18:39:51Z,oww-v18d-clean96-cap128-50k,neg_kuule_kule_confusables_target_free,hard_negative,0.008,fpr,0.9766666666666667,600,,
2026-05-15T18:39:51Z,oww-v18d-clean96-cap128-50k,neg_kuule_kule_confusables_target_free,hard_negative,0.01,fpr,0.9733333333333334,600,,
2026-05-15T18:39:51Z,oww-v18d-clean96-cap128-50k,neg_kuule_kule_confusables_target_free,hard_negative,0.02,fpr,0.9633333333333334,600,,
2026-05-15T18:39:51Z,oww-v18d-clean96-cap128-50k,neg_kuule_kule_confusables_target_free,hard_negative,0.05,fpr,0.95,600,,
2026-05-15T18:39:51Z,oww-v18d-clean96-cap128-50k,neg_kuule_kule_confusables_target_free,hard_negative,0.1,fpr,0.9333333333333333,600,,
2026-05-15T18:39:51Z,oww-v18d-clean96-cap128-50k,neg_kuule_kule_confusables_target_free,hard_negative,0.2,fpr,0.93,600,,
2026-05-15T18:39:51Z,oww-v18d-clean96-cap128-50k,neg_kuule_kule_confusables_target_free,hard_negative,0.3,fpr,0.9233333333333333,600,,
2026-05-15T18:39:51Z,oww-v18d-clean96-cap128-50k,neg_kuule_kule_confusables_target_free,hard_negative,0.5,fpr,0.9083333333333333,600,,
2026-05-15T18:39:51Z,oww-v18d-clean96-cap128-50k,neg_kuule_kule_confusables_target_free,hard_negative,0.7,fpr,0.8933333333333333,600,,
2026-05-15T18:39:51Z,oww-v18d-clean96-cap128-50k,neg_kuule_kule_confusables_target_free,hard_negative,0.9,fpr,0.8716666666666667,600,,
2026-05-15T18:39:51Z,oww-v18d-clean96-cap128-50k,neg_kuule_kule_confusables_target_free,hard_negative,0.95,fpr,0.855,600,,
2026-05-15T18:39:51Z,oww-v18d-clean96-cap128-50k,neg_kuule_kule_confusables_target_free,hard_negative,0.97,fpr,0.84,600,,
2026-05-15T18:39:51Z,oww-v18d-clean96-cap128-50k,neg_kuule_kule_confusables_target_free,hard_negative,0.99,fpr,0.7933333333333333,600,,
2026-05-15T18:39:51Z,oww-v18d-clean96-cap128-50k,neg_kuule_kule_confusables_target_free,hard_negative,0.995,fpr,0.7466666666666667,600,,
2026-05-15T18:39:51Z,oww-v18d-clean96-cap128-50k,neg_kuule_kule_confusables_target_free,hard_negative,0.996,fpr,0.72,600,,
2026-05-15T18:39:51Z,oww-v18d-clean96-cap128-50k,neg_kuule_kule_confusables_target_free,hard_negative,0.999,fpr,0.0,600,,
2026-05-15T18:39:51Z,oww-v18d-clean96-cap128-50k,pos_single_kratt_neurokone,positive,0.001,recall,1.0,186,,
2026-05-15T18:39:51Z,oww-v18d-clean96-cap128-50k,pos_single_kratt_neurokone,positive,0.003,recall,0.9946236559139785,186,,
2026-05-15T18:39:51Z,oww-v18d-clean96-cap128-50k,pos_single_kratt_neurokone,positive,0.005,recall,0.9838709677419355,186,,
2026-05-15T18:39:51Z,oww-v18d-clean96-cap128-50k,pos_single_kratt_neurokone,positive,0.008,recall,0.967741935483871,186,,
2026-05-15T18:39:51Z,oww-v18d-clean96-cap128-50k,pos_single_kratt_neurokone,positive,0.01,recall,0.956989247311828,186,,
2026-05-15T18:39:51Z,oww-v18d-clean96-cap128-50k,pos_single_kratt_neurokone,positive,0.02,recall,0.9032258064516129,186,,
2026-05-15T18:39:51Z,oww-v18d-clean96-cap128-50k,pos_single_kratt_neurokone,positive,0.05,recall,0.8279569892473119,186,,
2026-05-15T18:39:51Z,oww-v18d-clean96-cap128-50k,pos_single_kratt_neurokone,positive,0.1,recall,0.7795698924731183,186,,
2026-05-15T18:39:51Z,oww-v18d-clean96-cap128-50k,pos_single_kratt_neurokone,positive,0.2,recall,0.7365591397849462,186,,
2026-05-15T18:39:51Z,oww-v18d-clean96-cap128-50k,pos_single_kratt_neurokone,positive,0.3,recall,0.7204301075268817,186,,
2026-05-15T18:39:51Z,oww-v18d-clean96-cap128-50k,pos_single_kratt_neurokone,positive,0.5,recall,0.6505376344086021,186,,
2026-05-15T18:39:51Z,oww-v18d-clean96-cap128-50k,pos_single_kratt_neurokone,positive,0.7,recall,0.6075268817204301,186,,
2026-05-15T18:39:51Z,oww-v18d-clean96-cap128-50k,pos_single_kratt_neurokone,positive,0.9,recall,0.5053763440860215,186,,
2026-05-15T18:39:51Z,oww-v18d-clean96-cap128-50k,pos_single_kratt_neurokone,positive,0.95,recall,0.43548387096774194,186,,
2026-05-15T18:39:51Z,oww-v18d-clean96-cap128-50k,pos_single_kratt_neurokone,positive,0.97,recall,0.3978494623655914,186,,
2026-05-15T18:39:51Z,oww-v18d-clean96-cap128-50k,pos_single_kratt_neurokone,positive,0.99,recall,0.26344086021505375,186,,
2026-05-15T18:39:51Z,oww-v18d-clean96-cap128-50k,pos_single_kratt_neurokone,positive,0.995,recall,0.1774193548387097,186,,
2026-05-15T18:39:51Z,oww-v18d-clean96-cap128-50k,pos_single_kratt_neurokone,positive,0.996,recall,0.13440860215053763,186,,
2026-05-15T18:39:51Z,oww-v18d-clean96-cap128-50k,pos_single_kratt_neurokone,positive,0.999,recall,0.0,186,,
2026-05-15T18:39:51Z,oww-v18d-clean96-cap128-50k,pos_reversed_kratt_kuule,positive,0.001,recall,0.96875,64,,
2026-05-15T18:39:51Z,oww-v18d-clean96-cap128-50k,pos_reversed_kratt_kuule,positive,0.003,recall,0.90625,64,,
2026-05-15T18:39:51Z,oww-v18d-clean96-cap128-50k,pos_reversed_kratt_kuule,positive,0.005,recall,0.890625,64,,
2026-05-15T18:39:51Z,oww-v18d-clean96-cap128-50k,pos_reversed_kratt_kuule,positive,0.008,recall,0.859375,64,,
2026-05-15T18:39:51Z,oww-v18d-clean96-cap128-50k,pos_reversed_kratt_kuule,positive,0.01,recall,0.859375,64,,
2026-05-15T18:39:51Z,oww-v18d-clean96-cap128-50k,pos_reversed_kratt_kuule,positive,0.02,recall,0.8125,64,,
2026-05-15T18:39:51Z,oww-v18d-clean96-cap128-50k,pos_reversed_kratt_kuule,positive,0.05,recall,0.765625,64,,
2026-05-15T18:39:51Z,oww-v18d-clean96-cap128-50k,pos_reversed_kratt_kuule,positive,0.1,recall,0.734375,64,,
2026-05-15T18:39:51Z,oww-v18d-clean96-cap128-50k,pos_reversed_kratt_kuule,positive,0.2,recall,0.65625,64,,
2026-05-15T18:39:51Z,oww-v18d-clean96-cap128-50k,pos_reversed_kratt_kuule,positive,0.3,recall,0.609375,64,,
2026-05-15T18:39:51Z,oww-v18d-clean96-cap128-50k,pos_reversed_kratt_kuule,positive,0.5,recall,0.515625,64,,
2026-05-15T18:39:51Z,oww-v18d-clean96-cap128-50k,pos_reversed_kratt_kuule,positive,0.7,recall,0.4375,64,,
2026-05-15T18:39:51Z,oww-v18d-clean96-cap128-50k,pos_reversed_kratt_kuule,positive,0.9,recall,0.34375,64,,
2026-05-15T18:39:51Z,oww-v18d-clean96-cap128-50k,pos_reversed_kratt_kuule,positive,0.95,recall,0.234375,64,,
2026-05-15T18:39:51Z,oww-v18d-clean96-cap128-50k,pos_reversed_kratt_kuule,positive,0.97,recall,0.203125,64,,
2026-05-15T18:39:51Z,oww-v18d-clean96-cap128-50k,pos_reversed_kratt_kuule,positive,0.99,recall,0.0625,64,,
2026-05-15T18:39:51Z,oww-v18d-clean96-cap128-50k,pos_reversed_kratt_kuule,positive,0.995,recall,0.03125,64,,
2026-05-15T18:39:51Z,oww-v18d-clean96-cap128-50k,pos_reversed_kratt_kuule,positive,0.996,recall,0.0,64,,
2026-05-15T18:39:51Z,oww-v18d-clean96-cap128-50k,pos_reversed_kratt_kuule,positive,0.999,recall,0.0,64,,
2026-05-15T18:39:51Z,oww-v18d-clean96-cap128-50k,faph_cv_et,ambient,0.001,faph,836.7580766478508,2000,3.8207,
2026-05-15T18:39:51Z,oww-v18d-clean96-cap128-50k,faph_cv_et,ambient,0.003,faph,332.3999866571068,2000,3.8207,
2026-05-15T18:39:51Z,oww-v18d-clean96-cap128-50k,faph_cv_et,ambient,0.005,faph,249.16912385635095,2000,3.8207,
2026-05-15T18:39:51Z,oww-v18d-clean96-cap128-50k,faph_cv_et,ambient,0.008,faph,204.15117290751442,2000,3.8207,
2026-05-15T18:39:51Z,oww-v18d-clean96-cap128-50k,faph_cv_et,ambient,0.01,faph,187.92377198409662,2000,3.8207,
2026-05-15T18:39:51Z,oww-v18d-clean96-cap128-50k,faph_cv_et,ambient,0.02,faph,147.8787342214688,2000,3.8207,
2026-05-15T18:39:51Z,oww-v18d-clean96-cap128-50k,faph_cv_et,ambient,0.05,faph,107.31023191292425,2000,3.8207,
2026-05-15T18:39:51Z,oww-v18d-clean96-cap128-50k,faph_cv_et,ambient,0.1,faph,84.01605961963094,2000,3.8207,
2026-05-15T18:39:51Z,oww-v18d-clean96-cap128-50k,faph_cv_et,ambient,0.2,faph,69.09732006100488,2000,3.8207,
2026-05-15T18:39:51Z,oww-v18d-clean96-cap128-50k,faph_cv_et,ambient,0.3,faph,58.62802914267081,2000,3.8207,
2026-05-15T18:39:51Z,oww-v18d-clean96-cap128-50k,faph_cv_et,ambient,0.5,faph,43.97102185700311,2000,3.8207,
2026-05-15T18:39:51Z,oww-v18d-clean96-cap128-50k,faph_cv_et,ambient,0.7,faph,32.193069573877274,2000,3.8207,
2026-05-15T18:39:51Z,oww-v18d-clean96-cap128-50k,faph_cv_et,ambient,0.9,faph,22.247243201459906,2000,3.8207,
2026-05-15T18:39:51Z,oww-v18d-clean96-cap128-50k,faph_cv_et,ambient,0.95,faph,17.797794561167922,2000,3.8207,
2026-05-15T18:39:51Z,oww-v18d-clean96-cap128-50k,faph_cv_et,ambient,0.97,faph,14.39527501270935,2000,3.8207,
2026-05-15T18:39:51Z,oww-v18d-clean96-cap128-50k,faph_cv_et,ambient,0.99,faph,10.207558645375721,2000,3.8207,
2026-05-15T18:39:51Z,oww-v18d-clean96-cap128-50k,faph_cv_et,ambient,0.995,faph,7.3285036428338515,2000,3.8207,
2026-05-15T18:39:51Z,oww-v18d-clean96-cap128-50k,faph_cv_et,ambient,0.996,faph,6.805039096917148,2000,3.8207,
2026-05-15T18:39:51Z,oww-v18d-clean96-cap128-50k,faph_cv_et,ambient,0.999,faph,0.0,2000,3.8207,
2026-05-15T18:39:51Z,oww-v18d-clean96-cap128-50k,faph_librispeech,ambient,0.001,faph,618.1385684712457,2620,5.6217,
2026-05-15T18:39:51Z,oww-v18d-clean96-cap128-50k,faph_librispeech,ambient,0.003,faph,224.3087006740261,2620,5.6217,
2026-05-15T18:39:51Z,oww-v18d-clean96-cap128-50k,faph_librispeech,ambient,0.005,faph,160.98285020618053,2620,5.6217,
2026-05-15T18:39:51Z,oww-v18d-clean96-cap128-50k,faph_librispeech,ambient,0.008,faph,122.5604240796225,2620,5.6217,
2026-05-15T18:39:51Z,oww-v18d-clean96-cap128-50k,faph_librispeech,ambient,0.01,faph,112.59905434310748,2620,5.6217,
2026-05-15T18:39:51Z,oww-v18d-clean96-cap128-50k,faph_librispeech,ambient,0.02,faph,83.0707083384379,2620,5.6217,
2026-05-15T18:39:51Z,oww-v18d-clean96-cap128-50k,faph_librispeech,ambient,0.05,faph,55.854823165459315,2620,5.6217,
2026-05-15T18:39:51Z,oww-v18d-clean96-cap128-50k,faph_librispeech,ambient,0.1,faph,40.912768560686764,2620,5.6217,
2026-05-15T18:39:51Z,oww-v18d-clean96-cap128-50k,faph_librispeech,ambient,0.2,faph,31.48504363148503,2620,5.6217,
2026-05-15T18:39:51Z,oww-v18d-clean96-cap128-50k,faph_librispeech,ambient,0.3,faph,26.50435876322751,2620,5.6217,
2026-05-15T18:39:51Z,oww-v18d-clean96-cap128-50k,faph_librispeech,ambient,0.5,faph,20.81214748521892,2620,5.6217,
2026-05-15T18:39:51Z,oww-v18d-clean96-cap128-50k,faph_librispeech,ambient,0.7,faph,16.72087062915024,2620,5.6217,
2026-05-15T18:39:51Z,oww-v18d-clean96-cap128-50k,faph_librispeech,ambient,0.9,faph,11.562304158454953,2620,5.6217,
2026-05-15T18:39:51Z,oww-v18d-clean96-cap128-50k,faph_librispeech,ambient,0.95,faph,8.36043531457512,2620,5.6217,
2026-05-15T18:39:51Z,oww-v18d-clean96-cap128-50k,faph_librispeech,ambient,0.97,faph,6.403737687759667,2620,5.6217,
2026-05-15T18:39:51Z,oww-v18d-clean96-cap128-50k,faph_librispeech,ambient,0.99,faph,4.624921663381982,2620,5.6217,
2026-05-15T18:39:51Z,oww-v18d-clean96-cap128-50k,faph_librispeech,ambient,0.995,faph,2.312460831690991,2620,5.6217,
2026-05-15T18:39:51Z,oww-v18d-clean96-cap128-50k,faph_librispeech,ambient,0.996,faph,1.4230528195021481,2620,5.6217,
2026-05-15T18:39:51Z,oww-v18d-clean96-cap128-50k,faph_librispeech,ambient,0.999,faph,0.0,2620,5.6217,
2026-05-15T18:39:51Z,oww-v18d-clean96-cap128-50k,faph_macbook_bg,ambient,0.001,faph,1436.9514022693215,14,1.1677,
2026-05-15T18:39:51Z,oww-v18d-clean96-cap128-50k,faph_macbook_bg,ambient,0.003,faph,476.1293084992508,14,1.1677,
2026-05-15T18:39:51Z,oww-v18d-clean96-cap128-50k,faph_macbook_bg,ambient,0.005,faph,363.0914151145366,14,1.1677,
2026-05-15T18:39:51Z,oww-v18d-clean96-cap128-50k,faph_macbook_bg,ambient,0.008,faph,297.1526439734533,14,1.1677,
2026-05-15T18:39:51Z,oww-v18d-clean96-cap128-50k,faph_macbook_bg,ambient,0.01,faph,274.88760436737317,14,1.1677,
2026-05-15T18:39:51Z,oww-v18d-clean96-cap128-50k,faph_macbook_bg,ambient,0.02,faph,207.23613787197604,14,1.1677,
2026-05-15T18:39:51Z,oww-v18d-clean96-cap128-50k,faph_macbook_bg,ambient,0.05,faph,137.87197602226505,14,1.1677,
2026-05-15T18:39:51Z,oww-v18d-clean96-cap128-50k,faph_macbook_bg,ambient,0.1,faph,108.75615499892957,14,1.1677,
2026-05-15T18:39:51Z,oww-v18d-clean96-cap128-50k,faph_macbook_bg,ambient,0.2,faph,81.35302932990795,14,1.1677,
2026-05-15T18:39:51Z,oww-v18d-clean96-cap128-50k,faph_macbook_bg,ambient,0.3,faph,68.50781417255406,14,1.1677,
2026-05-15T18:39:51Z,oww-v18d-clean96-cap128-50k,faph_macbook_bg,ambient,0.5,faph,50.524512952258625,14,1.1677,
2026-05-15T18:39:51Z,oww-v18d-clean96-cap128-50k,faph_macbook_bg,ambient,0.7,faph,39.391993149218585,14,1.1677,
2026-05-15T18:39:51Z,oww-v18d-clean96-cap128-50k,faph_macbook_bg,ambient,0.9,faph,25.690430314707775,14,1.1677,
2026-05-15T18:39:51Z,oww-v18d-clean96-cap128-50k,faph_macbook_bg,ambient,0.95,faph,19.695996574609293,14,1.1677,
2026-05-15T18:39:51Z,oww-v18d-clean96-cap128-50k,faph_macbook_bg,ambient,0.97,faph,13.701562834510813,14,1.1677,
2026-05-15T18:39:51Z,oww-v18d-clean96-cap128-50k,faph_macbook_bg,ambient,0.99,faph,5.138086062941555,14,1.1677,
2026-05-15T18:39:51Z,oww-v18d-clean96-cap128-50k,faph_macbook_bg,ambient,0.995,faph,1.7126953543138517,14,1.1677,
2026-05-15T18:39:51Z,oww-v18d-clean96-cap128-50k,faph_macbook_bg,ambient,0.996,faph,0.8563476771569258,14,1.1677,
2026-05-15T18:39:51Z,oww-v18d-clean96-cap128-50k,faph_macbook_bg,ambient,0.999,faph,0.0,14,1.1677,
2026-05-15T18:39:51Z,oww-v18d-clean96-cap128-50k,faph_dipco,ambient,0.001,faph,928.5613507030993,6,3.3223,
2026-05-15T18:39:51Z,oww-v18d-clean96-cap128-50k,faph_dipco,ambient,0.003,faph,277.81592437567605,6,3.3223,
2026-05-15T18:39:51Z,oww-v18d-clean96-cap128-50k,faph_dipco,ambient,0.005,faph,199.25692517518695,6,3.3223,
2026-05-15T18:39:51Z,oww-v18d-clean96-cap128-50k,faph_dipco,ambient,0.008,faph,155.91402906457228,6,3.3223,
2026-05-15T18:39:51Z,oww-v18d-clean96-cap128-50k,faph_dipco,ambient,0.01,faph,141.7673893618022,6,3.3223,
2026-05-15T18:39:51Z,oww-v18d-clean96-cap128-50k,faph_dipco,ambient,0.02,faph,103.24037059681136,6,3.3223,
2026-05-15T18:39:51Z,oww-v18d-clean96-cap128-50k,faph_dipco,ambient,0.05,faph,61.70342849080563,6,3.3223,
2026-05-15T18:39:51Z,oww-v18d-clean96-cap128-50k,faph_dipco,ambient,0.1,faph,46.65381178573109,6,3.3223,
2026-05-15T18:39:51Z,oww-v18d-clean96-cap128-50k,faph_dipco,ambient,0.2,faph,37.323049428584866,6,3.3223,
2026-05-15T18:39:51Z,oww-v18d-clean96-cap128-50k,faph_dipco,ambient,0.3,faph,30.400225744250577,6,3.3223,
2026-05-15T18:39:51Z,oww-v18d-clean96-cap128-50k,faph_dipco,ambient,0.5,faph,23.477402059916287,6,3.3223,
2026-05-15T18:39:51Z,oww-v18d-clean96-cap128-50k,faph_dipco,ambient,0.7,faph,17.156563043784978,6,3.3223,
2026-05-15T18:39:51Z,oww-v18d-clean96-cap128-50k,faph_dipco,ambient,0.9,faph,11.136716361755163,6,3.3223,
2026-05-15T18:39:51Z,oww-v18d-clean96-cap128-50k,faph_dipco,ambient,0.95,faph,7.825800686638762,6,3.3223,
2026-05-15T18:39:51Z,oww-v18d-clean96-cap128-50k,faph_dipco,ambient,0.97,faph,5.7188543479283265,6,3.3223,
2026-05-15T18:39:51Z,oww-v18d-clean96-cap128-50k,faph_dipco,ambient,0.99,faph,2.106946338710436,6,3.3223,
2026-05-15T18:39:51Z,oww-v18d-clean96-cap128-50k,faph_dipco,ambient,0.995,faph,0.9029770023044725,6,3.3223,
2026-05-15T18:39:51Z,oww-v18d-clean96-cap128-50k,faph_dipco,ambient,0.996,faph,0.9029770023044725,6,3.3223,
2026-05-15T18:39:51Z,oww-v18d-clean96-cap128-50k,faph_dipco,ambient,0.999,faph,0.0,6,3.3223,
2026-05-15T18:39:51Z,oww-v18d-clean96-cap128-50k,faph_praam_quick_20260510,ambient,0.001,faph,790.8009516256939,1,0.7006,
2026-05-15T18:39:51Z,oww-v18d-clean96-cap128-50k,faph_praam_quick_20260510,ambient,0.003,faph,87.07375099127675,1,0.7006,
2026-05-15T18:39:51Z,oww-v18d-clean96-cap128-50k,faph_praam_quick_20260510,ambient,0.005,faph,45.67803330689928,1,0.7006,
2026-05-15T18:39:51Z,oww-v18d-clean96-cap128-50k,faph_praam_quick_20260510,ambient,0.008,faph,27.12133227597145,1,0.7006,
2026-05-15T18:39:51Z,oww-v18d-clean96-cap128-50k,faph_praam_quick_20260510,ambient,0.01,faph,19.984139571768438,1,0.7006,
2026-05-15T18:39:51Z,oww-v18d-clean96-cap128-50k,faph_praam_quick_20260510,ambient,0.02,faph,14.274385408406026,1,0.7006,
2026-05-15T18:39:51Z,oww-v18d-clean96-cap128-50k,faph_praam_quick_20260510,ambient,0.05,faph,8.564631245043616,1,0.7006,
2026-05-15T18:39:51Z,oww-v18d-clean96-cap128-50k,faph_praam_quick_20260510,ambient,0.1,faph,5.70975416336241,1,0.7006,
2026-05-15T18:39:51Z,oww-v18d-clean96-cap128-50k,faph_praam_quick_20260510,ambient,0.2,faph,2.854877081681205,1,0.7006,
2026-05-15T18:39:51Z,oww-v18d-clean96-cap128-50k,faph_praam_quick_20260510,ambient,0.3,faph,2.854877081681205,1,0.7006,
2026-05-15T18:39:51Z,oww-v18d-clean96-cap128-50k,faph_praam_quick_20260510,ambient,0.5,faph,1.4274385408406025,1,0.7006,
2026-05-15T18:39:51Z,oww-v18d-clean96-cap128-50k,faph_praam_quick_20260510,ambient,0.7,faph,1.4274385408406025,1,0.7006,
2026-05-15T18:39:51Z,oww-v18d-clean96-cap128-50k,faph_praam_quick_20260510,ambient,0.9,faph,1.4274385408406025,1,0.7006,
2026-05-15T18:39:51Z,oww-v18d-clean96-cap128-50k,faph_praam_quick_20260510,ambient,0.95,faph,1.4274385408406025,1,0.7006,
2026-05-15T18:39:51Z,oww-v18d-clean96-cap128-50k,faph_praam_quick_20260510,ambient,0.97,faph,0.0,1,0.7006,
2026-05-15T18:39:51Z,oww-v18d-clean96-cap128-50k,faph_praam_quick_20260510,ambient,0.99,faph,0.0,1,0.7006,
2026-05-15T18:39:51Z,oww-v18d-clean96-cap128-50k,faph_praam_quick_20260510,ambient,0.995,faph,0.0,1,0.7006,
2026-05-15T18:39:51Z,oww-v18d-clean96-cap128-50k,faph_praam_quick_20260510,ambient,0.996,faph,0.0,1,0.7006,
2026-05-15T18:39:51Z,oww-v18d-clean96-cap128-50k,faph_praam_quick_20260510,ambient,0.999,faph,0.0,1,0.7006,
2026-05-15T18:39:51Z,oww-v4-50k,pos_isa_xtts,positive,0.001,recall,1.0,48,,
2026-05-15T18:39:51Z,oww-v4-50k,pos_isa_xtts,positive,0.003,recall,1.0,48,,
2026-05-15T18:39:51Z,oww-v4-50k,pos_isa_xtts,positive,0.005,recall,1.0,48,,
2026-05-15T18:39:51Z,oww-v4-50k,pos_isa_xtts,positive,0.008,recall,1.0,48,,
2026-05-15T18:39:51Z,oww-v4-50k,pos_isa_xtts,positive,0.01,recall,1.0,48,,
2026-05-15T18:39:51Z,oww-v4-50k,pos_isa_xtts,positive,0.02,recall,1.0,48,,
2026-05-15T18:39:51Z,oww-v4-50k,pos_isa_xtts,positive,0.05,recall,1.0,48,,
2026-05-15T18:39:51Z,oww-v4-50k,pos_isa_xtts,positive,0.1,recall,1.0,48,,
2026-05-15T18:39:51Z,oww-v4-50k,pos_isa_xtts,positive,0.2,recall,1.0,48,,
2026-05-15T18:39:51Z,oww-v4-50k,pos_isa_xtts,positive,0.3,recall,1.0,48,,
2026-05-15T18:39:51Z,oww-v4-50k,pos_isa_xtts,positive,0.5,recall,1.0,48,,
2026-05-15T18:39:51Z,oww-v4-50k,pos_isa_xtts,positive,0.7,recall,1.0,48,,
2026-05-15T18:39:51Z,oww-v4-50k,pos_isa_xtts,positive,0.9,recall,0.9583333333333334,48,,
2026-05-15T18:39:51Z,oww-v4-50k,pos_isa_xtts,positive,0.95,recall,0.8958333333333334,48,,
2026-05-15T18:39:51Z,oww-v4-50k,pos_isa_xtts,positive,0.97,recall,0.875,48,,
2026-05-15T18:39:51Z,oww-v4-50k,pos_isa_xtts,positive,0.99,recall,0.6666666666666666,48,,
2026-05-15T18:39:51Z,oww-v4-50k,pos_isa_xtts,positive,0.995,recall,0.3958333333333333,48,,
2026-05-15T18:39:51Z,oww-v4-50k,pos_isa_xtts,positive,0.996,recall,0.3541666666666667,48,,
2026-05-15T18:39:51Z,oww-v4-50k,pos_isa_xtts,positive,0.999,recall,0.0,48,,
2026-05-15T18:39:51Z,oww-v4-50k,pos_ode,positive,0.001,recall,1.0,11,,
2026-05-15T18:39:51Z,oww-v4-50k,pos_ode,positive,0.003,recall,1.0,11,,
2026-05-15T18:39:51Z,oww-v4-50k,pos_ode,positive,0.005,recall,1.0,11,,
2026-05-15T18:39:51Z,oww-v4-50k,pos_ode,positive,0.008,recall,1.0,11,,
2026-05-15T18:39:51Z,oww-v4-50k,pos_ode,positive,0.01,recall,1.0,11,,
2026-05-15T18:39:51Z,oww-v4-50k,pos_ode,positive,0.02,recall,1.0,11,,
2026-05-15T18:39:51Z,oww-v4-50k,pos_ode,positive,0.05,recall,1.0,11,,
2026-05-15T18:39:51Z,oww-v4-50k,pos_ode,positive,0.1,recall,1.0,11,,
2026-05-15T18:39:51Z,oww-v4-50k,pos_ode,positive,0.2,recall,1.0,11,,
2026-05-15T18:39:51Z,oww-v4-50k,pos_ode,positive,0.3,recall,1.0,11,,
2026-05-15T18:39:51Z,oww-v4-50k,pos_ode,positive,0.5,recall,1.0,11,,
2026-05-15T18:39:51Z,oww-v4-50k,pos_ode,positive,0.7,recall,1.0,11,,
2026-05-15T18:39:51Z,oww-v4-50k,pos_ode,positive,0.9,recall,1.0,11,,
2026-05-15T18:39:51Z,oww-v4-50k,pos_ode,positive,0.95,recall,1.0,11,,
2026-05-15T18:39:51Z,oww-v4-50k,pos_ode,positive,0.97,recall,1.0,11,,
2026-05-15T18:39:51Z,oww-v4-50k,pos_ode,positive,0.99,recall,0.9090909090909091,11,,
2026-05-15T18:39:51Z,oww-v4-50k,pos_ode,positive,0.995,recall,0.9090909090909091,11,,
2026-05-15T18:39:51Z,oww-v4-50k,pos_ode,positive,0.996,recall,0.9090909090909091,11,,
2026-05-15T18:39:51Z,oww-v4-50k,pos_ode,positive,0.999,recall,0.0,11,,
2026-05-15T18:39:51Z,oww-v4-50k,pos_mattias_short,positive,0.001,recall,1.0,135,,
2026-05-15T18:39:51Z,oww-v4-50k,pos_mattias_short,positive,0.003,recall,1.0,135,,
2026-05-15T18:39:51Z,oww-v4-50k,pos_mattias_short,positive,0.005,recall,1.0,135,,
2026-05-15T18:39:51Z,oww-v4-50k,pos_mattias_short,positive,0.008,recall,1.0,135,,
2026-05-15T18:39:51Z,oww-v4-50k,pos_mattias_short,positive,0.01,recall,1.0,135,,
2026-05-15T18:39:51Z,oww-v4-50k,pos_mattias_short,positive,0.02,recall,1.0,135,,
2026-05-15T18:39:51Z,oww-v4-50k,pos_mattias_short,positive,0.05,recall,1.0,135,,
2026-05-15T18:39:51Z,oww-v4-50k,pos_mattias_short,positive,0.1,recall,0.9925925925925926,135,,
2026-05-15T18:39:51Z,oww-v4-50k,pos_mattias_short,positive,0.2,recall,0.9925925925925926,135,,
2026-05-15T18:39:51Z,oww-v4-50k,pos_mattias_short,positive,0.3,recall,0.9925925925925926,135,,
2026-05-15T18:39:51Z,oww-v4-50k,pos_mattias_short,positive,0.5,recall,0.9925925925925926,135,,
2026-05-15T18:39:51Z,oww-v4-50k,pos_mattias_short,positive,0.7,recall,0.9925925925925926,135,,
2026-05-15T18:39:51Z,oww-v4-50k,pos_mattias_short,positive,0.9,recall,0.9703703703703703,135,,
2026-05-15T18:39:51Z,oww-v4-50k,pos_mattias_short,positive,0.95,recall,0.9555555555555556,135,,
2026-05-15T18:39:51Z,oww-v4-50k,pos_mattias_short,positive,0.97,recall,0.9407407407407408,135,,
2026-05-15T18:39:51Z,oww-v4-50k,pos_mattias_short,positive,0.99,recall,0.9259259259259259,135,,
2026-05-15T18:39:51Z,oww-v4-50k,pos_mattias_short,positive,0.995,recall,0.8666666666666667,135,,
2026-05-15T18:39:51Z,oww-v4-50k,pos_mattias_short,positive,0.996,recall,0.8074074074074075,135,,
2026-05-15T18:39:51Z,oww-v4-50k,pos_mattias_short,positive,0.999,recall,0.0,135,,
2026-05-15T18:39:51Z,oww-v4-50k,pos_mattias_short_n50,positive,0.001,recall,1.0,50,,
2026-05-15T18:39:51Z,oww-v4-50k,pos_mattias_short_n50,positive,0.003,recall,1.0,50,,
2026-05-15T18:39:51Z,oww-v4-50k,pos_mattias_short_n50,positive,0.005,recall,1.0,50,,
2026-05-15T18:39:51Z,oww-v4-50k,pos_mattias_short_n50,positive,0.008,recall,1.0,50,,
2026-05-15T18:39:51Z,oww-v4-50k,pos_mattias_short_n50,positive,0.01,recall,1.0,50,,
2026-05-15T18:39:51Z,oww-v4-50k,pos_mattias_short_n50,positive,0.02,recall,1.0,50,,
2026-05-15T18:39:51Z,oww-v4-50k,pos_mattias_short_n50,positive,0.05,recall,1.0,50,,
2026-05-15T18:39:51Z,oww-v4-50k,pos_mattias_short_n50,positive,0.1,recall,1.0,50,,
2026-05-15T18:39:51Z,oww-v4-50k,pos_mattias_short_n50,positive,0.2,recall,1.0,50,,
2026-05-15T18:39:51Z,oww-v4-50k,pos_mattias_short_n50,positive,0.3,recall,1.0,50,,
2026-05-15T18:39:51Z,oww-v4-50k,pos_mattias_short_n50,positive,0.5,recall,1.0,50,,
2026-05-15T18:39:51Z,oww-v4-50k,pos_mattias_short_n50,positive,0.7,recall,1.0,50,,
2026-05-15T18:39:51Z,oww-v4-50k,pos_mattias_short_n50,positive,0.9,recall,1.0,50,,
2026-05-15T18:39:51Z,oww-v4-50k,pos_mattias_short_n50,positive,0.95,recall,1.0,50,,
2026-05-15T18:39:51Z,oww-v4-50k,pos_mattias_short_n50,positive,0.97,recall,1.0,50,,
2026-05-15T18:39:51Z,oww-v4-50k,pos_mattias_short_n50,positive,0.99,recall,1.0,50,,
2026-05-15T18:39:51Z,oww-v4-50k,pos_mattias_short_n50,positive,0.995,recall,1.0,50,,
2026-05-15T18:39:51Z,oww-v4-50k,pos_mattias_short_n50,positive,0.996,recall,0.98,50,,
2026-05-15T18:39:51Z,oww-v4-50k,pos_mattias_short_n50,positive,0.999,recall,0.0,50,,
2026-05-15T18:39:51Z,oww-v4-50k,pos_friend1,positive,0.001,recall,1.0,145,,
2026-05-15T18:39:51Z,oww-v4-50k,pos_friend1,positive,0.003,recall,1.0,145,,
2026-05-15T18:39:51Z,oww-v4-50k,pos_friend1,positive,0.005,recall,1.0,145,,
2026-05-15T18:39:51Z,oww-v4-50k,pos_friend1,positive,0.008,recall,1.0,145,,
2026-05-15T18:39:51Z,oww-v4-50k,pos_friend1,positive,0.01,recall,1.0,145,,
2026-05-15T18:39:51Z,oww-v4-50k,pos_friend1,positive,0.02,recall,1.0,145,,
2026-05-15T18:39:51Z,oww-v4-50k,pos_friend1,positive,0.05,recall,1.0,145,,
2026-05-15T18:39:51Z,oww-v4-50k,pos_friend1,positive,0.1,recall,1.0,145,,
2026-05-15T18:39:51Z,oww-v4-50k,pos_friend1,positive,0.2,recall,1.0,145,,
2026-05-15T18:39:51Z,oww-v4-50k,pos_friend1,positive,0.3,recall,1.0,145,,
2026-05-15T18:39:51Z,oww-v4-50k,pos_friend1,positive,0.5,recall,1.0,145,,
2026-05-15T18:39:51Z,oww-v4-50k,pos_friend1,positive,0.7,recall,1.0,145,,
2026-05-15T18:39:51Z,oww-v4-50k,pos_friend1,positive,0.9,recall,1.0,145,,
2026-05-15T18:39:51Z,oww-v4-50k,pos_friend1,positive,0.95,recall,1.0,145,,
2026-05-15T18:39:51Z,oww-v4-50k,pos_friend1,positive,0.97,recall,1.0,145,,
2026-05-15T18:39:51Z,oww-v4-50k,pos_friend1,positive,0.99,recall,0.9862068965517241,145,,
2026-05-15T18:39:51Z,oww-v4-50k,pos_friend1,positive,0.995,recall,0.896551724137931,145,,
2026-05-15T18:39:51Z,oww-v4-50k,pos_friend1,positive,0.996,recall,0.8551724137931035,145,,
2026-05-15T18:39:51Z,oww-v4-50k,pos_friend1,positive,0.999,recall,0.0,145,,
2026-05-15T18:39:51Z,oww-v4-50k,pos_friend1_n37,positive,0.001,recall,1.0,37,,
2026-05-15T18:39:51Z,oww-v4-50k,pos_friend1_n37,positive,0.003,recall,1.0,37,,
2026-05-15T18:39:51Z,oww-v4-50k,pos_friend1_n37,positive,0.005,recall,1.0,37,,
2026-05-15T18:39:51Z,oww-v4-50k,pos_friend1_n37,positive,0.008,recall,1.0,37,,
2026-05-15T18:39:51Z,oww-v4-50k,pos_friend1_n37,positive,0.01,recall,1.0,37,,
2026-05-15T18:39:51Z,oww-v4-50k,pos_friend1_n37,positive,0.02,recall,1.0,37,,
2026-05-15T18:39:51Z,oww-v4-50k,pos_friend1_n37,positive,0.05,recall,1.0,37,,
2026-05-15T18:39:51Z,oww-v4-50k,pos_friend1_n37,positive,0.1,recall,1.0,37,,
2026-05-15T18:39:51Z,oww-v4-50k,pos_friend1_n37,positive,0.2,recall,1.0,37,,
2026-05-15T18:39:51Z,oww-v4-50k,pos_friend1_n37,positive,0.3,recall,1.0,37,,
2026-05-15T18:39:51Z,oww-v4-50k,pos_friend1_n37,positive,0.5,recall,1.0,37,,
2026-05-15T18:39:51Z,oww-v4-50k,pos_friend1_n37,positive,0.7,recall,1.0,37,,
2026-05-15T18:39:51Z,oww-v4-50k,pos_friend1_n37,positive,0.9,recall,1.0,37,,
2026-05-15T18:39:51Z,oww-v4-50k,pos_friend1_n37,positive,0.95,recall,1.0,37,,
2026-05-15T18:39:51Z,oww-v4-50k,pos_friend1_n37,positive,0.97,recall,1.0,37,,
2026-05-15T18:39:51Z,oww-v4-50k,pos_friend1_n37,positive,0.99,recall,1.0,37,,
2026-05-15T18:39:51Z,oww-v4-50k,pos_friend1_n37,positive,0.995,recall,0.9459459459459459,37,,
2026-05-15T18:39:51Z,oww-v4-50k,pos_friend1_n37,positive,0.996,recall,0.918918918918919,37,,
2026-05-15T18:39:51Z,oww-v4-50k,pos_friend1_n37,positive,0.999,recall,0.0,37,,
2026-05-15T18:39:51Z,oww-v4-50k,hard_neg_mac_holdout,hard_negative,0.001,fpr,1.0,15,,
2026-05-15T18:39:51Z,oww-v4-50k,hard_neg_mac_holdout,hard_negative,0.003,fpr,1.0,15,,
2026-05-15T18:39:51Z,oww-v4-50k,hard_neg_mac_holdout,hard_negative,0.005,fpr,1.0,15,,
2026-05-15T18:39:51Z,oww-v4-50k,hard_neg_mac_holdout,hard_negative,0.008,fpr,1.0,15,,
2026-05-15T18:39:51Z,oww-v4-50k,hard_neg_mac_holdout,hard_negative,0.01,fpr,1.0,15,,
2026-05-15T18:39:51Z,oww-v4-50k,hard_neg_mac_holdout,hard_negative,0.02,fpr,1.0,15,,
2026-05-15T18:39:51Z,oww-v4-50k,hard_neg_mac_holdout,hard_negative,0.05,fpr,1.0,15,,
2026-05-15T18:39:51Z,oww-v4-50k,hard_neg_mac_holdout,hard_negative,0.1,fpr,1.0,15,,
2026-05-15T18:39:51Z,oww-v4-50k,hard_neg_mac_holdout,hard_negative,0.2,fpr,1.0,15,,
2026-05-15T18:39:51Z,oww-v4-50k,hard_neg_mac_holdout,hard_negative,0.3,fpr,1.0,15,,
2026-05-15T18:39:51Z,oww-v4-50k,hard_neg_mac_holdout,hard_negative,0.5,fpr,1.0,15,,
2026-05-15T18:39:51Z,oww-v4-50k,hard_neg_mac_holdout,hard_negative,0.7,fpr,1.0,15,,
2026-05-15T18:39:51Z,oww-v4-50k,hard_neg_mac_holdout,hard_negative,0.9,fpr,1.0,15,,
2026-05-15T18:39:51Z,oww-v4-50k,hard_neg_mac_holdout,hard_negative,0.95,fpr,1.0,15,,
2026-05-15T18:39:51Z,oww-v4-50k,hard_neg_mac_holdout,hard_negative,0.97,fpr,1.0,15,,
2026-05-15T18:39:51Z,oww-v4-50k,hard_neg_mac_holdout,hard_negative,0.99,fpr,1.0,15,,
2026-05-15T18:39:51Z,oww-v4-50k,hard_neg_mac_holdout,hard_negative,0.995,fpr,1.0,15,,
2026-05-15T18:39:51Z,oww-v4-50k,hard_neg_mac_holdout,hard_negative,0.996,fpr,0.9333333333333333,15,,
2026-05-15T18:39:51Z,oww-v4-50k,hard_neg_mac_holdout,hard_negative,0.999,fpr,0.0,15,,
2026-05-15T18:39:51Z,oww-v4-50k,hard_neg_isa_xtts,hard_negative,0.001,fpr,1.0,60,,
2026-05-15T18:39:51Z,oww-v4-50k,hard_neg_isa_xtts,hard_negative,0.003,fpr,1.0,60,,
2026-05-15T18:39:51Z,oww-v4-50k,hard_neg_isa_xtts,hard_negative,0.005,fpr,1.0,60,,
2026-05-15T18:39:51Z,oww-v4-50k,hard_neg_isa_xtts,hard_negative,0.008,fpr,1.0,60,,
2026-05-15T18:39:51Z,oww-v4-50k,hard_neg_isa_xtts,hard_negative,0.01,fpr,1.0,60,,
2026-05-15T18:39:51Z,oww-v4-50k,hard_neg_isa_xtts,hard_negative,0.02,fpr,1.0,60,,
2026-05-15T18:39:51Z,oww-v4-50k,hard_neg_isa_xtts,hard_negative,0.05,fpr,1.0,60,,
2026-05-15T18:39:51Z,oww-v4-50k,hard_neg_isa_xtts,hard_negative,0.1,fpr,1.0,60,,
2026-05-15T18:39:51Z,oww-v4-50k,hard_neg_isa_xtts,hard_negative,0.2,fpr,1.0,60,,
2026-05-15T18:39:51Z,oww-v4-50k,hard_neg_isa_xtts,hard_negative,0.3,fpr,1.0,60,,
2026-05-15T18:39:51Z,oww-v4-50k,hard_neg_isa_xtts,hard_negative,0.5,fpr,1.0,60,,
2026-05-15T18:39:51Z,oww-v4-50k,hard_neg_isa_xtts,hard_negative,0.7,fpr,0.9833333333333333,60,,
2026-05-15T18:39:51Z,oww-v4-50k,hard_neg_isa_xtts,hard_negative,0.9,fpr,0.9,60,,
2026-05-15T18:39:51Z,oww-v4-50k,hard_neg_isa_xtts,hard_negative,0.95,fpr,0.85,60,,
2026-05-15T18:39:51Z,oww-v4-50k,hard_neg_isa_xtts,hard_negative,0.97,fpr,0.8166666666666667,60,,
2026-05-15T18:39:51Z,oww-v4-50k,hard_neg_isa_xtts,hard_negative,0.99,fpr,0.5166666666666667,60,,
2026-05-15T18:39:51Z,oww-v4-50k,hard_neg_isa_xtts,hard_negative,0.995,fpr,0.11666666666666667,60,,
2026-05-15T18:39:51Z,oww-v4-50k,hard_neg_isa_xtts,hard_negative,0.996,fpr,0.03333333333333333,60,,
2026-05-15T18:39:51Z,oww-v4-50k,hard_neg_isa_xtts,hard_negative,0.999,fpr,0.0,60,,
2026-05-15T18:39:51Z,oww-v4-50k,hard_neg_canary,hard_negative,0.001,fpr,1.0,5,,
2026-05-15T18:39:51Z,oww-v4-50k,hard_neg_canary,hard_negative,0.003,fpr,1.0,5,,
2026-05-15T18:39:51Z,oww-v4-50k,hard_neg_canary,hard_negative,0.005,fpr,1.0,5,,
2026-05-15T18:39:51Z,oww-v4-50k,hard_neg_canary,hard_negative,0.008,fpr,1.0,5,,
2026-05-15T18:39:51Z,oww-v4-50k,hard_neg_canary,hard_negative,0.01,fpr,1.0,5,,
2026-05-15T18:39:51Z,oww-v4-50k,hard_neg_canary,hard_negative,0.02,fpr,1.0,5,,
2026-05-15T18:39:51Z,oww-v4-50k,hard_neg_canary,hard_negative,0.05,fpr,0.8,5,,
2026-05-15T18:39:51Z,oww-v4-50k,hard_neg_canary,hard_negative,0.1,fpr,0.4,5,,
2026-05-15T18:39:51Z,oww-v4-50k,hard_neg_canary,hard_negative,0.2,fpr,0.4,5,,
2026-05-15T18:39:51Z,oww-v4-50k,hard_neg_canary,hard_negative,0.3,fpr,0.4,5,,
2026-05-15T18:39:51Z,oww-v4-50k,hard_neg_canary,hard_negative,0.5,fpr,0.4,5,,
2026-05-15T18:39:51Z,oww-v4-50k,hard_neg_canary,hard_negative,0.7,fpr,0.4,5,,
2026-05-15T18:39:51Z,oww-v4-50k,hard_neg_canary,hard_negative,0.9,fpr,0.2,5,,
2026-05-15T18:39:51Z,oww-v4-50k,hard_neg_canary,hard_negative,0.95,fpr,0.2,5,,
2026-05-15T18:39:51Z,oww-v4-50k,hard_neg_canary,hard_negative,0.97,fpr,0.2,5,,
2026-05-15T18:39:51Z,oww-v4-50k,hard_neg_canary,hard_negative,0.99,fpr,0.2,5,,
2026-05-15T18:39:51Z,oww-v4-50k,hard_neg_canary,hard_negative,0.995,fpr,0.0,5,,
2026-05-15T18:39:51Z,oww-v4-50k,hard_neg_canary,hard_negative,0.996,fpr,0.0,5,,
2026-05-15T18:39:51Z,oww-v4-50k,hard_neg_canary,hard_negative,0.999,fpr,0.0,5,,
2026-05-15T18:39:51Z,oww-v4-50k,neg_prefix_only_mattias_short,hard_negative,0.001,fpr,1.0,220,,
2026-05-15T18:39:51Z,oww-v4-50k,neg_prefix_only_mattias_short,hard_negative,0.003,fpr,1.0,220,,
2026-05-15T18:39:51Z,oww-v4-50k,neg_prefix_only_mattias_short,hard_negative,0.005,fpr,1.0,220,,
2026-05-15T18:39:51Z,oww-v4-50k,neg_prefix_only_mattias_short,hard_negative,0.008,fpr,1.0,220,,
2026-05-15T18:39:51Z,oww-v4-50k,neg_prefix_only_mattias_short,hard_negative,0.01,fpr,1.0,220,,
2026-05-15T18:39:51Z,oww-v4-50k,neg_prefix_only_mattias_short,hard_negative,0.02,fpr,1.0,220,,
2026-05-15T18:39:51Z,oww-v4-50k,neg_prefix_only_mattias_short,hard_negative,0.05,fpr,1.0,220,,
2026-05-15T18:39:51Z,oww-v4-50k,neg_prefix_only_mattias_short,hard_negative,0.1,fpr,1.0,220,,
2026-05-15T18:39:51Z,oww-v4-50k,neg_prefix_only_mattias_short,hard_negative,0.2,fpr,1.0,220,,
2026-05-15T18:39:51Z,oww-v4-50k,neg_prefix_only_mattias_short,hard_negative,0.3,fpr,1.0,220,,
2026-05-15T18:39:51Z,oww-v4-50k,neg_prefix_only_mattias_short,hard_negative,0.5,fpr,1.0,220,,
2026-05-15T18:39:51Z,oww-v4-50k,neg_prefix_only_mattias_short,hard_negative,0.7,fpr,1.0,220,,
2026-05-15T18:39:51Z,oww-v4-50k,neg_prefix_only_mattias_short,hard_negative,0.9,fpr,1.0,220,,
2026-05-15T18:39:51Z,oww-v4-50k,neg_prefix_only_mattias_short,hard_negative,0.95,fpr,0.9954545454545455,220,,
2026-05-15T18:39:51Z,oww-v4-50k,neg_prefix_only_mattias_short,hard_negative,0.97,fpr,0.9954545454545455,220,,
2026-05-15T18:39:51Z,oww-v4-50k,neg_prefix_only_mattias_short,hard_negative,0.99,fpr,0.9863636363636363,220,,
2026-05-15T18:39:51Z,oww-v4-50k,neg_prefix_only_mattias_short,hard_negative,0.995,fpr,0.9681818181818181,220,,
2026-05-15T18:39:51Z,oww-v4-50k,neg_prefix_only_mattias_short,hard_negative,0.996,fpr,0.8863636363636364,220,,
2026-05-15T18:39:51Z,oww-v4-50k,neg_prefix_only_mattias_short,hard_negative,0.999,fpr,0.0,220,,
2026-05-15T18:39:51Z,oww-v4-50k,neg_single_kratt_neurokone,hard_negative,0.001,fpr,1.0,186,,
2026-05-15T18:39:51Z,oww-v4-50k,neg_single_kratt_neurokone,hard_negative,0.003,fpr,1.0,186,,
2026-05-15T18:39:51Z,oww-v4-50k,neg_single_kratt_neurokone,hard_negative,0.005,fpr,1.0,186,,
2026-05-15T18:39:51Z,oww-v4-50k,neg_single_kratt_neurokone,hard_negative,0.008,fpr,1.0,186,,
2026-05-15T18:39:51Z,oww-v4-50k,neg_single_kratt_neurokone,hard_negative,0.01,fpr,1.0,186,,
2026-05-15T18:39:51Z,oww-v4-50k,neg_single_kratt_neurokone,hard_negative,0.02,fpr,1.0,186,,
2026-05-15T18:39:51Z,oww-v4-50k,neg_single_kratt_neurokone,hard_negative,0.05,fpr,0.9946236559139785,186,,
2026-05-15T18:39:51Z,oww-v4-50k,neg_single_kratt_neurokone,hard_negative,0.1,fpr,0.9838709677419355,186,,
2026-05-15T18:39:51Z,oww-v4-50k,neg_single_kratt_neurokone,hard_negative,0.2,fpr,0.9731182795698925,186,,
2026-05-15T18:39:51Z,oww-v4-50k,neg_single_kratt_neurokone,hard_negative,0.3,fpr,0.967741935483871,186,,
2026-05-15T18:39:51Z,oww-v4-50k,neg_single_kratt_neurokone,hard_negative,0.5,fpr,0.9516129032258065,186,,
2026-05-15T18:39:51Z,oww-v4-50k,neg_single_kratt_neurokone,hard_negative,0.7,fpr,0.946236559139785,186,,
2026-05-15T18:39:51Z,oww-v4-50k,neg_single_kratt_neurokone,hard_negative,0.9,fpr,0.9301075268817204,186,,
2026-05-15T18:39:51Z,oww-v4-50k,neg_single_kratt_neurokone,hard_negative,0.95,fpr,0.9247311827956989,186,,
2026-05-15T18:39:51Z,oww-v4-50k,neg_single_kratt_neurokone,hard_negative,0.97,fpr,0.9139784946236559,186,,
2026-05-15T18:39:51Z,oww-v4-50k,neg_single_kratt_neurokone,hard_negative,0.99,fpr,0.7311827956989247,186,,
2026-05-15T18:39:51Z,oww-v4-50k,neg_single_kratt_neurokone,hard_negative,0.995,fpr,0.45698924731182794,186,,
2026-05-15T18:39:51Z,oww-v4-50k,neg_single_kratt_neurokone,hard_negative,0.996,fpr,0.3010752688172043,186,,
2026-05-15T18:39:51Z,oww-v4-50k,neg_single_kratt_neurokone,hard_negative,0.999,fpr,0.0,186,,
2026-05-15T18:39:51Z,oww-v4-50k,neg_reversed_kratt_kuule,hard_negative,0.001,fpr,1.0,64,,
2026-05-15T18:39:51Z,oww-v4-50k,neg_reversed_kratt_kuule,hard_negative,0.003,fpr,1.0,64,,
2026-05-15T18:39:51Z,oww-v4-50k,neg_reversed_kratt_kuule,hard_negative,0.005,fpr,1.0,64,,
2026-05-15T18:39:51Z,oww-v4-50k,neg_reversed_kratt_kuule,hard_negative,0.008,fpr,1.0,64,,
2026-05-15T18:39:51Z,oww-v4-50k,neg_reversed_kratt_kuule,hard_negative,0.01,fpr,1.0,64,,
2026-05-15T18:39:51Z,oww-v4-50k,neg_reversed_kratt_kuule,hard_negative,0.02,fpr,1.0,64,,
2026-05-15T18:39:51Z,oww-v4-50k,neg_reversed_kratt_kuule,hard_negative,0.05,fpr,0.9375,64,,
2026-05-15T18:39:51Z,oww-v4-50k,neg_reversed_kratt_kuule,hard_negative,0.1,fpr,0.921875,64,,
2026-05-15T18:39:51Z,oww-v4-50k,neg_reversed_kratt_kuule,hard_negative,0.2,fpr,0.921875,64,,
2026-05-15T18:39:51Z,oww-v4-50k,neg_reversed_kratt_kuule,hard_negative,0.3,fpr,0.921875,64,,
2026-05-15T18:39:51Z,oww-v4-50k,neg_reversed_kratt_kuule,hard_negative,0.5,fpr,0.921875,64,,
2026-05-15T18:39:51Z,oww-v4-50k,neg_reversed_kratt_kuule,hard_negative,0.7,fpr,0.921875,64,,
2026-05-15T18:39:51Z,oww-v4-50k,neg_reversed_kratt_kuule,hard_negative,0.9,fpr,0.90625,64,,
2026-05-15T18:39:51Z,oww-v4-50k,neg_reversed_kratt_kuule,hard_negative,0.95,fpr,0.90625,64,,
2026-05-15T18:39:51Z,oww-v4-50k,neg_reversed_kratt_kuule,hard_negative,0.97,fpr,0.90625,64,,
2026-05-15T18:39:51Z,oww-v4-50k,neg_reversed_kratt_kuule,hard_negative,0.99,fpr,0.78125,64,,
2026-05-15T18:39:51Z,oww-v4-50k,neg_reversed_kratt_kuule,hard_negative,0.995,fpr,0.59375,64,,
2026-05-15T18:39:51Z,oww-v4-50k,neg_reversed_kratt_kuule,hard_negative,0.996,fpr,0.453125,64,,
2026-05-15T18:39:51Z,oww-v4-50k,neg_reversed_kratt_kuule,hard_negative,0.999,fpr,0.0,64,,
2026-05-15T18:39:51Z,oww-v4-50k,neg_kuule_kule_confusables,hard_negative,0.001,fpr,1.0,600,,
2026-05-15T18:39:51Z,oww-v4-50k,neg_kuule_kule_confusables,hard_negative,0.003,fpr,1.0,600,,
2026-05-15T18:39:51Z,oww-v4-50k,neg_kuule_kule_confusables,hard_negative,0.005,fpr,1.0,600,,
2026-05-15T18:39:51Z,oww-v4-50k,neg_kuule_kule_confusables,hard_negative,0.008,fpr,1.0,600,,
2026-05-15T18:39:51Z,oww-v4-50k,neg_kuule_kule_confusables,hard_negative,0.01,fpr,1.0,600,,
2026-05-15T18:39:51Z,oww-v4-50k,neg_kuule_kule_confusables,hard_negative,0.02,fpr,1.0,600,,
2026-05-15T18:39:51Z,oww-v4-50k,neg_kuule_kule_confusables,hard_negative,0.05,fpr,1.0,600,,
2026-05-15T18:39:51Z,oww-v4-50k,neg_kuule_kule_confusables,hard_negative,0.1,fpr,1.0,600,,
2026-05-15T18:39:51Z,oww-v4-50k,neg_kuule_kule_confusables,hard_negative,0.2,fpr,1.0,600,,
2026-05-15T18:39:51Z,oww-v4-50k,neg_kuule_kule_confusables,hard_negative,0.3,fpr,1.0,600,,
2026-05-15T18:39:51Z,oww-v4-50k,neg_kuule_kule_confusables,hard_negative,0.5,fpr,1.0,600,,
2026-05-15T18:39:51Z,oww-v4-50k,neg_kuule_kule_confusables,hard_negative,0.7,fpr,1.0,600,,
2026-05-15T18:39:51Z,oww-v4-50k,neg_kuule_kule_confusables,hard_negative,0.9,fpr,1.0,600,,
2026-05-15T18:39:51Z,oww-v4-50k,neg_kuule_kule_confusables,hard_negative,0.95,fpr,1.0,600,,
2026-05-15T18:39:51Z,oww-v4-50k,neg_kuule_kule_confusables,hard_negative,0.97,fpr,1.0,600,,
2026-05-15T18:39:51Z,oww-v4-50k,neg_kuule_kule_confusables,hard_negative,0.99,fpr,0.9933333333333333,600,,
2026-05-15T18:39:51Z,oww-v4-50k,neg_kuule_kule_confusables,hard_negative,0.995,fpr,0.77,600,,
2026-05-15T18:39:51Z,oww-v4-50k,neg_kuule_kule_confusables,hard_negative,0.996,fpr,0.5533333333333333,600,,
2026-05-15T18:39:51Z,oww-v4-50k,neg_kuule_kule_confusables,hard_negative,0.999,fpr,0.0,600,,
2026-05-15T18:39:51Z,oww-v4-50k,neg_kuule_kule_confusables_target_free,hard_negative,0.001,fpr,1.0,600,,
2026-05-15T18:39:51Z,oww-v4-50k,neg_kuule_kule_confusables_target_free,hard_negative,0.003,fpr,1.0,600,,
2026-05-15T18:39:51Z,oww-v4-50k,neg_kuule_kule_confusables_target_free,hard_negative,0.005,fpr,1.0,600,,
2026-05-15T18:39:51Z,oww-v4-50k,neg_kuule_kule_confusables_target_free,hard_negative,0.008,fpr,1.0,600,,
2026-05-15T18:39:51Z,oww-v4-50k,neg_kuule_kule_confusables_target_free,hard_negative,0.01,fpr,1.0,600,,
2026-05-15T18:39:51Z,oww-v4-50k,neg_kuule_kule_confusables_target_free,hard_negative,0.02,fpr,1.0,600,,
2026-05-15T18:39:51Z,oww-v4-50k,neg_kuule_kule_confusables_target_free,hard_negative,0.05,fpr,1.0,600,,
2026-05-15T18:39:51Z,oww-v4-50k,neg_kuule_kule_confusables_target_free,hard_negative,0.1,fpr,1.0,600,,
2026-05-15T18:39:51Z,oww-v4-50k,neg_kuule_kule_confusables_target_free,hard_negative,0.2,fpr,1.0,600,,
2026-05-15T18:39:51Z,oww-v4-50k,neg_kuule_kule_confusables_target_free,hard_negative,0.3,fpr,1.0,600,,
2026-05-15T18:39:51Z,oww-v4-50k,neg_kuule_kule_confusables_target_free,hard_negative,0.5,fpr,1.0,600,,
2026-05-15T18:39:51Z,oww-v4-50k,neg_kuule_kule_confusables_target_free,hard_negative,0.7,fpr,1.0,600,,
2026-05-15T18:39:51Z,oww-v4-50k,neg_kuule_kule_confusables_target_free,hard_negative,0.9,fpr,1.0,600,,
2026-05-15T18:39:51Z,oww-v4-50k,neg_kuule_kule_confusables_target_free,hard_negative,0.95,fpr,1.0,600,,
2026-05-15T18:39:51Z,oww-v4-50k,neg_kuule_kule_confusables_target_free,hard_negative,0.97,fpr,1.0,600,,
2026-05-15T18:39:51Z,oww-v4-50k,neg_kuule_kule_confusables_target_free,hard_negative,0.99,fpr,0.9933333333333333,600,,
2026-05-15T18:39:51Z,oww-v4-50k,neg_kuule_kule_confusables_target_free,hard_negative,0.995,fpr,0.77,600,,
2026-05-15T18:39:51Z,oww-v4-50k,neg_kuule_kule_confusables_target_free,hard_negative,0.996,fpr,0.5533333333333333,600,,
2026-05-15T18:39:51Z,oww-v4-50k,neg_kuule_kule_confusables_target_free,hard_negative,0.999,fpr,0.0,600,,
2026-05-15T18:39:51Z,oww-v4-50k,pos_single_kratt_neurokone,positive,0.001,recall,1.0,186,,
2026-05-15T18:39:51Z,oww-v4-50k,pos_single_kratt_neurokone,positive,0.003,recall,1.0,186,,
2026-05-15T18:39:51Z,oww-v4-50k,pos_single_kratt_neurokone,positive,0.005,recall,1.0,186,,
2026-05-15T18:39:51Z,oww-v4-50k,pos_single_kratt_neurokone,positive,0.008,recall,1.0,186,,
2026-05-15T18:39:51Z,oww-v4-50k,pos_single_kratt_neurokone,positive,0.01,recall,1.0,186,,
2026-05-15T18:39:51Z,oww-v4-50k,pos_single_kratt_neurokone,positive,0.02,recall,1.0,186,,
2026-05-15T18:39:51Z,oww-v4-50k,pos_single_kratt_neurokone,positive,0.05,recall,0.9946236559139785,186,,
2026-05-15T18:39:51Z,oww-v4-50k,pos_single_kratt_neurokone,positive,0.1,recall,0.9838709677419355,186,,
2026-05-15T18:39:51Z,oww-v4-50k,pos_single_kratt_neurokone,positive,0.2,recall,0.9731182795698925,186,,
2026-05-15T18:39:51Z,oww-v4-50k,pos_single_kratt_neurokone,positive,0.3,recall,0.967741935483871,186,,
2026-05-15T18:39:51Z,oww-v4-50k,pos_single_kratt_neurokone,positive,0.5,recall,0.9516129032258065,186,,
2026-05-15T18:39:51Z,oww-v4-50k,pos_single_kratt_neurokone,positive,0.7,recall,0.946236559139785,186,,
2026-05-15T18:39:51Z,oww-v4-50k,pos_single_kratt_neurokone,positive,0.9,recall,0.9301075268817204,186,,
2026-05-15T18:39:51Z,oww-v4-50k,pos_single_kratt_neurokone,positive,0.95,recall,0.9247311827956989,186,,
2026-05-15T18:39:51Z,oww-v4-50k,pos_single_kratt_neurokone,positive,0.97,recall,0.9139784946236559,186,,
2026-05-15T18:39:51Z,oww-v4-50k,pos_single_kratt_neurokone,positive,0.99,recall,0.7311827956989247,186,,
2026-05-15T18:39:51Z,oww-v4-50k,pos_single_kratt_neurokone,positive,0.995,recall,0.45698924731182794,186,,
2026-05-15T18:39:51Z,oww-v4-50k,pos_single_kratt_neurokone,positive,0.996,recall,0.3010752688172043,186,,
2026-05-15T18:39:51Z,oww-v4-50k,pos_single_kratt_neurokone,positive,0.999,recall,0.0,186,,
2026-05-15T18:39:51Z,oww-v4-50k,pos_reversed_kratt_kuule,positive,0.001,recall,1.0,64,,
2026-05-15T18:39:51Z,oww-v4-50k,pos_reversed_kratt_kuule,positive,0.003,recall,1.0,64,,
2026-05-15T18:39:51Z,oww-v4-50k,pos_reversed_kratt_kuule,positive,0.005,recall,1.0,64,,
2026-05-15T18:39:51Z,oww-v4-50k,pos_reversed_kratt_kuule,positive,0.008,recall,1.0,64,,
2026-05-15T18:39:51Z,oww-v4-50k,pos_reversed_kratt_kuule,positive,0.01,recall,1.0,64,,
2026-05-15T18:39:51Z,oww-v4-50k,pos_reversed_kratt_kuule,positive,0.02,recall,1.0,64,,
2026-05-15T18:39:51Z,oww-v4-50k,pos_reversed_kratt_kuule,positive,0.05,recall,0.9375,64,,
2026-05-15T18:39:51Z,oww-v4-50k,pos_reversed_kratt_kuule,positive,0.1,recall,0.921875,64,,
2026-05-15T18:39:51Z,oww-v4-50k,pos_reversed_kratt_kuule,positive,0.2,recall,0.921875,64,,
2026-05-15T18:39:51Z,oww-v4-50k,pos_reversed_kratt_kuule,positive,0.3,recall,0.921875,64,,
2026-05-15T18:39:51Z,oww-v4-50k,pos_reversed_kratt_kuule,positive,0.5,recall,0.921875,64,,
2026-05-15T18:39:51Z,oww-v4-50k,pos_reversed_kratt_kuule,positive,0.7,recall,0.921875,64,,
2026-05-15T18:39:51Z,oww-v4-50k,pos_reversed_kratt_kuule,positive,0.9,recall,0.90625,64,,
2026-05-15T18:39:51Z,oww-v4-50k,pos_reversed_kratt_kuule,positive,0.95,recall,0.90625,64,,
2026-05-15T18:39:51Z,oww-v4-50k,pos_reversed_kratt_kuule,positive,0.97,recall,0.90625,64,,
2026-05-15T18:39:51Z,oww-v4-50k,pos_reversed_kratt_kuule,positive,0.99,recall,0.78125,64,,
2026-05-15T18:39:51Z,oww-v4-50k,pos_reversed_kratt_kuule,positive,0.995,recall,0.59375,64,,
2026-05-15T18:39:51Z,oww-v4-50k,pos_reversed_kratt_kuule,positive,0.996,recall,0.453125,64,,
2026-05-15T18:39:51Z,oww-v4-50k,pos_reversed_kratt_kuule,positive,0.999,recall,0.0,64,,
2026-05-15T18:39:51Z,oww-v4-50k,faph_cv_et,ambient,0.001,faph,928.6261044562323,2000,3.8207,
2026-05-15T18:39:51Z,oww-v4-50k,faph_cv_et,ambient,0.003,faph,590.7297400670001,2000,3.8207,
2026-05-15T18:39:51Z,oww-v4-50k,faph_cv_et,ambient,0.005,faph,507.76060953920256,2000,3.8207,
2026-05-15T18:39:51Z,oww-v4-50k,faph_cv_et,ambient,0.008,faph,448.609115850615,2000,3.8207,
2026-05-15T18:39:51Z,oww-v4-50k,faph_cv_et,ambient,0.01,faph,424.791479011405,2000,3.8207,
2026-05-15T18:39:51Z,oww-v4-50k,faph_cv_et,ambient,0.02,faph,360.1436075906921,2000,3.8207,
2026-05-15T18:39:51Z,oww-v4-50k,faph_cv_et,ambient,0.05,faph,295.7574684429376,2000,3.8207,
2026-05-15T18:39:51Z,oww-v4-50k,faph_cv_et,ambient,0.1,faph,260.6853438665184,2000,3.8207,
2026-05-15T18:39:51Z,oww-v4-50k,faph_cv_et,ambient,0.2,faph,225.61321929009927,2000,3.8207,
2026-05-15T18:39:51Z,oww-v4-50k,faph_cv_et,ambient,0.3,faph,203.6277083615977,2000,3.8207,
2026-05-15T18:39:51Z,oww-v4-50k,faph_cv_et,ambient,0.5,faph,169.86424514997034,2000,3.8207,
2026-05-15T18:39:51Z,oww-v4-50k,faph_cv_et,ambient,0.7,faph,142.9058210352601,2000,3.8207,
2026-05-15T18:39:51Z,oww-v4-50k,faph_cv_et,ambient,0.9,faph,100.24346054304876,2000,3.8207,
2026-05-15T18:39:51Z,oww-v4-50k,faph_cv_et,ambient,0.95,faph,79.8283432522973,2000,3.8207,
2026-05-15T18:39:51Z,oww-v4-50k,faph_cv_et,ambient,0.97,faph,65.43306823958795,2000,3.8207,
2026-05-15T18:39:51Z,oww-v4-50k,faph_cv_et,ambient,0.99,faph,35.07212457641914,2000,3.8207,
2026-05-15T18:39:51Z,oww-v4-50k,faph_cv_et,ambient,0.995,faph,12.039684556084184,2000,3.8207,
2026-05-15T18:39:51Z,oww-v4-50k,faph_cv_et,ambient,0.996,faph,7.066771369875499,2000,3.8207,
2026-05-15T18:39:51Z,oww-v4-50k,faph_cv_et,ambient,0.999,faph,0.0,2000,3.8207,
2026-05-15T18:39:51Z,oww-v4-50k,faph_librispeech,ambient,0.001,faph,879.6245240547654,2620,5.6217,
2026-05-15T18:39:51Z,oww-v4-50k,faph_librispeech,ambient,0.003,faph,491.3089859331167,2620,5.6217,
2026-05-15T18:39:51Z,oww-v4-50k,faph_librispeech,ambient,0.005,faph,407.5267511849277,2620,5.6217,
2026-05-15T18:39:51Z,oww-v4-50k,faph_librispeech,ambient,0.008,faph,350.2488751999662,2620,5.6217,
2026-05-15T18:39:51Z,oww-v4-50k,faph_librispeech,ambient,0.01,faph,326.590622075743,2620,5.6217,
2026-05-15T18:39:51Z,oww-v4-50k,faph_librispeech,ambient,0.02,faph,268.4233380785927,2620,5.6217,
2026-05-15T18:39:51Z,oww-v4-50k,faph_librispeech,ambient,0.05,faph,209.36664606925356,2620,5.6217,
2026-05-15T18:39:51Z,oww-v4-50k,faph_librispeech,ambient,0.1,faph,172.3672727621977,2620,5.6217,
2026-05-15T18:39:51Z,oww-v4-50k,faph_librispeech,ambient,0.2,faph,140.34858432339936,2620,5.6217,
2026-05-15T18:39:51Z,oww-v4-50k,faph_librispeech,ambient,0.3,faph,122.5604240796225,2620,5.6217,
2026-05-15T18:39:51Z,oww-v4-50k,faph_librispeech,ambient,0.5,faph,100.14734217246368,2620,5.6217,
2026-05-15T18:39:51Z,oww-v4-50k,faph_librispeech,ambient,0.7,faph,79.51307628968253,2620,5.6217,
2026-05-15T18:39:51Z,oww-v4-50k,faph_librispeech,ambient,0.9,faph,53.720243936206096,2620,5.6217,
2026-05-15T18:39:51Z,oww-v4-50k,faph_librispeech,ambient,0.95,faph,43.75887419969106,2620,5.6217,
2026-05-15T18:39:51Z,oww-v4-50k,faph_librispeech,ambient,0.97,faph,35.75420208999147,2620,5.6217,
2026-05-15T18:39:51Z,oww-v4-50k,faph_librispeech,ambient,0.99,faph,17.076633834025778,2620,5.6217,
2026-05-15T18:39:51Z,oww-v4-50k,faph_librispeech,ambient,0.995,faph,5.870092880446362,2620,5.6217,
2026-05-15T18:39:51Z,oww-v4-50k,faph_librispeech,ambient,0.996,faph,2.490342434128759,2620,5.6217,
2026-05-15T18:39:51Z,oww-v4-50k,faph_librispeech,ambient,0.999,faph,0.0,2620,5.6217,
2026-05-15T18:39:51Z,oww-v4-50k,faph_macbook_bg,ambient,0.001,faph,1912.2243630914154,14,1.1677,
2026-05-15T18:39:51Z,oww-v4-50k,faph_macbook_bg,ambient,0.003,faph,1277.6707343181333,14,1.1677,
2026-05-15T18:39:51Z,oww-v4-50k,faph_macbook_bg,ambient,0.005,faph,1114.1083279811605,14,1.1677,
2026-05-15T18:39:51Z,oww-v4-50k,faph_macbook_bg,ambient,0.008,faph,989.0815671162493,14,1.1677,
2026-05-15T18:39:51Z,oww-v4-50k,faph_macbook_bg,ambient,0.01,faph,935.9880111325199,14,1.1677,
2026-05-15T18:39:51Z,oww-v4-50k,faph_macbook_bg,ambient,0.02,faph,810.1049025904518,14,1.1677,
2026-05-15T18:39:51Z,oww-v4-50k,faph_macbook_bg,ambient,0.05,faph,673.0892742453437,14,1.1677,
2026-05-15T18:39:51Z,oww-v4-50k,faph_macbook_bg,ambient,0.1,faph,589.1672018839649,14,1.1677,
2026-05-15T18:39:51Z,oww-v4-50k,faph_macbook_bg,ambient,0.2,faph,506.10147719974316,14,1.1677,
2026-05-15T18:39:51Z,oww-v4-50k,faph_macbook_bg,ambient,0.3,faph,463.2840933418969,14,1.1677,
2026-05-15T18:39:51Z,oww-v4-50k,faph_macbook_bg,ambient,0.5,faph,399.05801755512744,14,1.1677,
2026-05-15T18:39:51Z,oww-v4-50k,faph_macbook_bg,ambient,0.7,faph,330.5502033825734,14,1.1677,
2026-05-15T18:39:51Z,oww-v4-50k,faph_macbook_bg,ambient,0.9,faph,256.90430314707777,14,1.1677,
2026-05-15T18:39:51Z,oww-v4-50k,faph_macbook_bg,ambient,0.95,faph,219.225005352173,14,1.1677,
2026-05-15T18:39:51Z,oww-v4-50k,faph_macbook_bg,ambient,0.97,faph,188.3964889745237,14,1.1677,
2026-05-15T18:39:51Z,oww-v4-50k,faph_macbook_bg,ambient,0.99,faph,123.31406551059732,14,1.1677,
2026-05-15T18:39:51Z,oww-v4-50k,faph_macbook_bg,ambient,0.995,faph,66.79511881824021,14,1.1677,
2026-05-15T18:39:51Z,oww-v4-50k,faph_macbook_bg,ambient,0.996,faph,44.530079212160146,14,1.1677,
2026-05-15T18:39:51Z,oww-v4-50k,faph_macbook_bg,ambient,0.999,faph,0.0,14,1.1677,
2026-05-15T18:39:51Z,oww-v4-50k,faph_dipco,ambient,0.001,faph,1019.160043267648,6,3.3223,
2026-05-15T18:39:51Z,oww-v4-50k,faph_dipco,ambient,0.003,faph,564.3606264402954,6,3.3223,
2026-05-15T18:39:51Z,oww-v4-50k,faph_dipco,ambient,0.005,faph,467.4410948596153,6,3.3223,
2026-05-15T18:39:51Z,oww-v4-50k,faph_dipco,ambient,0.008,faph,408.4465973757231,6,3.3223,
2026-05-15T18:39:51Z,oww-v4-50k,faph_dipco,ambient,0.01,faph,383.16324131119785,6,3.3223,
2026-05-15T18:39:51Z,oww-v4-50k,faph_dipco,ambient,0.02,faph,315.4399661383624,6,3.3223,
2026-05-15T18:39:51Z,oww-v4-50k,faph_dipco,ambient,0.05,faph,251.32859897474486,6,3.3223,
2026-05-15T18:39:51Z,oww-v4-50k,faph_dipco,ambient,0.1,faph,213.40356487795702,6,3.3223,
2026-05-15T18:39:51Z,oww-v4-50k,faph_dipco,ambient,0.2,faph,181.79936979730047,6,3.3223,
2026-05-15T18:39:51Z,oww-v4-50k,faph_dipco,ambient,0.3,faph,160.42891407609463,6,3.3223,
2026-05-15T18:39:51Z,oww-v4-50k,faph_dipco,ambient,0.5,faph,137.8544890184828,6,3.3223,
2026-05-15T18:39:51Z,oww-v4-50k,faph_dipco,ambient,0.7,faph,116.78502563137846,6,3.3223,
2026-05-15T18:39:51Z,oww-v4-50k,faph_dipco,ambient,0.9,faph,80.66594553919956,6,3.3223,
2026-05-15T18:39:51Z,oww-v4-50k,faph_dipco,ambient,0.95,faph,64.71335183182053,6,3.3223,
2026-05-15T18:39:51Z,oww-v4-50k,faph_dipco,ambient,0.97,faph,54.17862013826836,6,3.3223,
2026-05-15T18:39:51Z,oww-v4-50k,faph_dipco,ambient,0.99,faph,28.59427173964163,6,3.3223,
2026-05-15T18:39:51Z,oww-v4-50k,faph_dipco,ambient,0.995,faph,12.340685698161126,6,3.3223,
2026-05-15T18:39:51Z,oww-v4-50k,faph_dipco,ambient,0.996,faph,9.029770023044726,6,3.3223,
2026-05-15T18:39:51Z,oww-v4-50k,faph_dipco,ambient,0.999,faph,0.0,6,3.3223,
2026-05-15T18:39:51Z,oww-v4-50k,faph_praam_quick_20260510,ambient,0.001,faph,1934.1792228390166,1,0.7006,
2026-05-15T18:39:51Z,oww-v4-50k,faph_praam_quick_20260510,ambient,0.003,faph,1121.9666931007137,1,0.7006,
2026-05-15T18:39:51Z,oww-v4-50k,faph_praam_quick_20260510,ambient,0.005,faph,906.4234734337826,1,0.7006,
2026-05-15T18:39:51Z,oww-v4-50k,faph_praam_quick_20260510,ambient,0.008,faph,747.9777954004758,1,0.7006,
2026-05-15T18:39:51Z,oww-v4-50k,faph_praam_quick_20260510,ambient,0.01,faph,682.315622521808,1,0.7006,
2026-05-15T18:39:51Z,oww-v4-50k,faph_praam_quick_20260510,ambient,0.02,faph,543.8540840602695,1,0.7006,
2026-05-15T18:39:51Z,oww-v4-50k,faph_praam_quick_20260510,ambient,0.05,faph,396.8279143536875,1,0.7006,
2026-05-15T18:39:51Z,oww-v4-50k,faph_praam_quick_20260510,ambient,0.1,faph,328.3108643933386,1,0.7006,
2026-05-15T18:39:51Z,oww-v4-50k,faph_praam_quick_20260510,ambient,0.2,faph,259.7938144329897,1,0.7006,
2026-05-15T18:39:51Z,oww-v4-50k,faph_praam_quick_20260510,ambient,0.3,faph,204.12371134020617,1,0.7006,
2026-05-15T18:39:51Z,oww-v4-50k,faph_praam_quick_20260510,ambient,0.5,faph,158.44567803330688,1,0.7006,
2026-05-15T18:39:51Z,oww-v4-50k,faph_praam_quick_20260510,ambient,0.7,faph,119.90483743061061,1,0.7006,
2026-05-15T18:39:51Z,oww-v4-50k,faph_praam_quick_20260510,ambient,0.9,faph,71.37192704203014,1,0.7006,
2026-05-15T18:39:51Z,oww-v4-50k,faph_praam_quick_20260510,ambient,0.95,faph,49.960348929421095,1,0.7006,
2026-05-15T18:39:51Z,oww-v4-50k,faph_praam_quick_20260510,ambient,0.97,faph,42.82315622521808,1,0.7006,
2026-05-15T18:39:51Z,oww-v4-50k,faph_praam_quick_20260510,ambient,0.99,faph,18.556701030927833,1,0.7006,
2026-05-15T18:39:51Z,oww-v4-50k,faph_praam_quick_20260510,ambient,0.995,faph,9.992069785884219,1,0.7006,
2026-05-15T18:39:51Z,oww-v4-50k,faph_praam_quick_20260510,ambient,0.996,faph,4.282315622521808,1,0.7006,
2026-05-15T18:39:51Z,oww-v4-50k,faph_praam_quick_20260510,ambient,0.999,faph,0.0,1,0.7006,
2026-05-15T18:39:51Z,oww-v6-50k,pos_isa_xtts,positive,0.001,recall,1.0,48,,
2026-05-15T18:39:51Z,oww-v6-50k,pos_isa_xtts,positive,0.003,recall,0.9791666666666666,48,,
2026-05-15T18:39:51Z,oww-v6-50k,pos_isa_xtts,positive,0.005,recall,0.9791666666666666,48,,
2026-05-15T18:39:51Z,oww-v6-50k,pos_isa_xtts,positive,0.008,recall,0.9583333333333334,48,,
2026-05-15T18:39:51Z,oww-v6-50k,pos_isa_xtts,positive,0.01,recall,0.9583333333333334,48,,
2026-05-15T18:39:51Z,oww-v6-50k,pos_isa_xtts,positive,0.02,recall,0.9583333333333334,48,,
2026-05-15T18:39:51Z,oww-v6-50k,pos_isa_xtts,positive,0.05,recall,0.9166666666666666,48,,
2026-05-15T18:39:51Z,oww-v6-50k,pos_isa_xtts,positive,0.1,recall,0.9166666666666666,48,,
2026-05-15T18:39:51Z,oww-v6-50k,pos_isa_xtts,positive,0.2,recall,0.8958333333333334,48,,
2026-05-15T18:39:51Z,oww-v6-50k,pos_isa_xtts,positive,0.3,recall,0.8958333333333334,48,,
2026-05-15T18:39:51Z,oww-v6-50k,pos_isa_xtts,positive,0.5,recall,0.8958333333333334,48,,
2026-05-15T18:39:51Z,oww-v6-50k,pos_isa_xtts,positive,0.7,recall,0.7916666666666666,48,,
2026-05-15T18:39:51Z,oww-v6-50k,pos_isa_xtts,positive,0.9,recall,0.5833333333333334,48,,
2026-05-15T18:39:51Z,oww-v6-50k,pos_isa_xtts,positive,0.95,recall,0.5208333333333334,48,,
2026-05-15T18:39:51Z,oww-v6-50k,pos_isa_xtts,positive,0.97,recall,0.5208333333333334,48,,
2026-05-15T18:39:51Z,oww-v6-50k,pos_isa_xtts,positive,0.99,recall,0.3125,48,,
2026-05-15T18:39:51Z,oww-v6-50k,pos_isa_xtts,positive,0.995,recall,0.0,48,,
2026-05-15T18:39:51Z,oww-v6-50k,pos_isa_xtts,positive,0.996,recall,0.0,48,,
2026-05-15T18:39:51Z,oww-v6-50k,pos_isa_xtts,positive,0.999,recall,0.0,48,,
2026-05-15T18:39:51Z,oww-v6-50k,pos_ode,positive,0.001,recall,1.0,11,,
2026-05-15T18:39:51Z,oww-v6-50k,pos_ode,positive,0.003,recall,1.0,11,,
2026-05-15T18:39:51Z,oww-v6-50k,pos_ode,positive,0.005,recall,0.9090909090909091,11,,
2026-05-15T18:39:51Z,oww-v6-50k,pos_ode,positive,0.008,recall,0.9090909090909091,11,,
2026-05-15T18:39:51Z,oww-v6-50k,pos_ode,positive,0.01,recall,0.9090909090909091,11,,
2026-05-15T18:39:51Z,oww-v6-50k,pos_ode,positive,0.02,recall,0.9090909090909091,11,,
2026-05-15T18:39:51Z,oww-v6-50k,pos_ode,positive,0.05,recall,0.9090909090909091,11,,
2026-05-15T18:39:51Z,oww-v6-50k,pos_ode,positive,0.1,recall,0.9090909090909091,11,,
2026-05-15T18:39:51Z,oww-v6-50k,pos_ode,positive,0.2,recall,0.9090909090909091,11,,
2026-05-15T18:39:51Z,oww-v6-50k,pos_ode,positive,0.3,recall,0.9090909090909091,11,,
2026-05-15T18:39:51Z,oww-v6-50k,pos_ode,positive,0.5,recall,0.9090909090909091,11,,
2026-05-15T18:39:51Z,oww-v6-50k,pos_ode,positive,0.7,recall,0.9090909090909091,11,,
2026-05-15T18:39:51Z,oww-v6-50k,pos_ode,positive,0.9,recall,0.9090909090909091,11,,
2026-05-15T18:39:51Z,oww-v6-50k,pos_ode,positive,0.95,recall,0.9090909090909091,11,,
2026-05-15T18:39:51Z,oww-v6-50k,pos_ode,positive,0.97,recall,0.9090909090909091,11,,
2026-05-15T18:39:51Z,oww-v6-50k,pos_ode,positive,0.99,recall,0.9090909090909091,11,,
2026-05-15T18:39:51Z,oww-v6-50k,pos_ode,positive,0.995,recall,0.0,11,,
2026-05-15T18:39:51Z,oww-v6-50k,pos_ode,positive,0.996,recall,0.0,11,,
2026-05-15T18:39:51Z,oww-v6-50k,pos_ode,positive,0.999,recall,0.0,11,,
2026-05-15T18:39:51Z,oww-v6-50k,pos_mattias_short,positive,0.001,recall,1.0,135,,
2026-05-15T18:39:51Z,oww-v6-50k,pos_mattias_short,positive,0.003,recall,1.0,135,,
2026-05-15T18:39:51Z,oww-v6-50k,pos_mattias_short,positive,0.005,recall,1.0,135,,
2026-05-15T18:39:51Z,oww-v6-50k,pos_mattias_short,positive,0.008,recall,1.0,135,,
2026-05-15T18:39:51Z,oww-v6-50k,pos_mattias_short,positive,0.01,recall,0.9851851851851852,135,,
2026-05-15T18:39:51Z,oww-v6-50k,pos_mattias_short,positive,0.02,recall,0.9777777777777777,135,,
2026-05-15T18:39:51Z,oww-v6-50k,pos_mattias_short,positive,0.05,recall,0.9703703703703703,135,,
2026-05-15T18:39:51Z,oww-v6-50k,pos_mattias_short,positive,0.1,recall,0.9703703703703703,135,,
2026-05-15T18:39:51Z,oww-v6-50k,pos_mattias_short,positive,0.2,recall,0.9629629629629629,135,,
2026-05-15T18:39:51Z,oww-v6-50k,pos_mattias_short,positive,0.3,recall,0.9629629629629629,135,,
2026-05-15T18:39:51Z,oww-v6-50k,pos_mattias_short,positive,0.5,recall,0.9629629629629629,135,,
2026-05-15T18:39:51Z,oww-v6-50k,pos_mattias_short,positive,0.7,recall,0.9407407407407408,135,,
2026-05-15T18:39:51Z,oww-v6-50k,pos_mattias_short,positive,0.9,recall,0.8888888888888888,135,,
2026-05-15T18:39:51Z,oww-v6-50k,pos_mattias_short,positive,0.95,recall,0.8666666666666667,135,,
2026-05-15T18:39:51Z,oww-v6-50k,pos_mattias_short,positive,0.97,recall,0.8592592592592593,135,,
2026-05-15T18:39:51Z,oww-v6-50k,pos_mattias_short,positive,0.99,recall,0.7407407407407407,135,,
2026-05-15T18:39:51Z,oww-v6-50k,pos_mattias_short,positive,0.995,recall,0.0,135,,
2026-05-15T18:39:51Z,oww-v6-50k,pos_mattias_short,positive,0.996,recall,0.0,135,,
2026-05-15T18:39:51Z,oww-v6-50k,pos_mattias_short,positive,0.999,recall,0.0,135,,
2026-05-15T18:39:51Z,oww-v6-50k,pos_mattias_short_n50,positive,0.001,recall,1.0,50,,
2026-05-15T18:39:51Z,oww-v6-50k,pos_mattias_short_n50,positive,0.003,recall,1.0,50,,
2026-05-15T18:39:51Z,oww-v6-50k,pos_mattias_short_n50,positive,0.005,recall,1.0,50,,
2026-05-15T18:39:51Z,oww-v6-50k,pos_mattias_short_n50,positive,0.008,recall,1.0,50,,
2026-05-15T18:39:51Z,oww-v6-50k,pos_mattias_short_n50,positive,0.01,recall,1.0,50,,
2026-05-15T18:39:51Z,oww-v6-50k,pos_mattias_short_n50,positive,0.02,recall,1.0,50,,
2026-05-15T18:39:51Z,oww-v6-50k,pos_mattias_short_n50,positive,0.05,recall,1.0,50,,
2026-05-15T18:39:51Z,oww-v6-50k,pos_mattias_short_n50,positive,0.1,recall,1.0,50,,
2026-05-15T18:39:51Z,oww-v6-50k,pos_mattias_short_n50,positive,0.2,recall,1.0,50,,
2026-05-15T18:39:51Z,oww-v6-50k,pos_mattias_short_n50,positive,0.3,recall,1.0,50,,
2026-05-15T18:39:51Z,oww-v6-50k,pos_mattias_short_n50,positive,0.5,recall,1.0,50,,
2026-05-15T18:39:51Z,oww-v6-50k,pos_mattias_short_n50,positive,0.7,recall,1.0,50,,
2026-05-15T18:39:51Z,oww-v6-50k,pos_mattias_short_n50,positive,0.9,recall,1.0,50,,
2026-05-15T18:39:51Z,oww-v6-50k,pos_mattias_short_n50,positive,0.95,recall,1.0,50,,
2026-05-15T18:39:51Z,oww-v6-50k,pos_mattias_short_n50,positive,0.97,recall,1.0,50,,
2026-05-15T18:39:51Z,oww-v6-50k,pos_mattias_short_n50,positive,0.99,recall,0.96,50,,
2026-05-15T18:39:51Z,oww-v6-50k,pos_mattias_short_n50,positive,0.995,recall,0.0,50,,
2026-05-15T18:39:51Z,oww-v6-50k,pos_mattias_short_n50,positive,0.996,recall,0.0,50,,
2026-05-15T18:39:51Z,oww-v6-50k,pos_mattias_short_n50,positive,0.999,recall,0.0,50,,
2026-05-15T18:39:51Z,oww-v6-50k,pos_friend1,positive,0.001,recall,1.0,145,,
2026-05-15T18:39:51Z,oww-v6-50k,pos_friend1,positive,0.003,recall,1.0,145,,
2026-05-15T18:39:51Z,oww-v6-50k,pos_friend1,positive,0.005,recall,1.0,145,,
2026-05-15T18:39:51Z,oww-v6-50k,pos_friend1,positive,0.008,recall,1.0,145,,
2026-05-15T18:39:51Z,oww-v6-50k,pos_friend1,positive,0.01,recall,1.0,145,,
2026-05-15T18:39:51Z,oww-v6-50k,pos_friend1,positive,0.02,recall,1.0,145,,
2026-05-15T18:39:51Z,oww-v6-50k,pos_friend1,positive,0.05,recall,1.0,145,,
2026-05-15T18:39:51Z,oww-v6-50k,pos_friend1,positive,0.1,recall,0.993103448275862,145,,
2026-05-15T18:39:51Z,oww-v6-50k,pos_friend1,positive,0.2,recall,0.9793103448275862,145,,
2026-05-15T18:39:51Z,oww-v6-50k,pos_friend1,positive,0.3,recall,0.9724137931034482,145,,
2026-05-15T18:39:51Z,oww-v6-50k,pos_friend1,positive,0.5,recall,0.9586206896551724,145,,
2026-05-15T18:39:51Z,oww-v6-50k,pos_friend1,positive,0.7,recall,0.9586206896551724,145,,
2026-05-15T18:39:51Z,oww-v6-50k,pos_friend1,positive,0.9,recall,0.9172413793103448,145,,
2026-05-15T18:39:51Z,oww-v6-50k,pos_friend1,positive,0.95,recall,0.896551724137931,145,,
2026-05-15T18:39:51Z,oww-v6-50k,pos_friend1,positive,0.97,recall,0.8758620689655172,145,,
2026-05-15T18:39:51Z,oww-v6-50k,pos_friend1,positive,0.99,recall,0.6275862068965518,145,,
2026-05-15T18:39:51Z,oww-v6-50k,pos_friend1,positive,0.995,recall,0.006896551724137931,145,,
2026-05-15T18:39:51Z,oww-v6-50k,pos_friend1,positive,0.996,recall,0.0,145,,
2026-05-15T18:39:51Z,oww-v6-50k,pos_friend1,positive,0.999,recall,0.0,145,,
2026-05-15T18:39:51Z,oww-v6-50k,pos_friend1_n37,positive,0.001,recall,1.0,37,,
2026-05-15T18:39:51Z,oww-v6-50k,pos_friend1_n37,positive,0.003,recall,1.0,37,,
2026-05-15T18:39:51Z,oww-v6-50k,pos_friend1_n37,positive,0.005,recall,1.0,37,,
2026-05-15T18:39:51Z,oww-v6-50k,pos_friend1_n37,positive,0.008,recall,1.0,37,,
2026-05-15T18:39:51Z,oww-v6-50k,pos_friend1_n37,positive,0.01,recall,1.0,37,,
2026-05-15T18:39:51Z,oww-v6-50k,pos_friend1_n37,positive,0.02,recall,1.0,37,,
2026-05-15T18:39:51Z,oww-v6-50k,pos_friend1_n37,positive,0.05,recall,1.0,37,,
2026-05-15T18:39:51Z,oww-v6-50k,pos_friend1_n37,positive,0.1,recall,1.0,37,,
2026-05-15T18:39:51Z,oww-v6-50k,pos_friend1_n37,positive,0.2,recall,0.972972972972973,37,,
2026-05-15T18:39:51Z,oww-v6-50k,pos_friend1_n37,positive,0.3,recall,0.972972972972973,37,,
2026-05-15T18:39:51Z,oww-v6-50k,pos_friend1_n37,positive,0.5,recall,0.972972972972973,37,,
2026-05-15T18:39:51Z,oww-v6-50k,pos_friend1_n37,positive,0.7,recall,0.972972972972973,37,,
2026-05-15T18:39:51Z,oww-v6-50k,pos_friend1_n37,positive,0.9,recall,0.9459459459459459,37,,
2026-05-15T18:39:51Z,oww-v6-50k,pos_friend1_n37,positive,0.95,recall,0.918918918918919,37,,
2026-05-15T18:39:51Z,oww-v6-50k,pos_friend1_n37,positive,0.97,recall,0.8648648648648649,37,,
2026-05-15T18:39:51Z,oww-v6-50k,pos_friend1_n37,positive,0.99,recall,0.6756756756756757,37,,
2026-05-15T18:39:51Z,oww-v6-50k,pos_friend1_n37,positive,0.995,recall,0.02702702702702703,37,,
2026-05-15T18:39:51Z,oww-v6-50k,pos_friend1_n37,positive,0.996,recall,0.0,37,,
2026-05-15T18:39:51Z,oww-v6-50k,pos_friend1_n37,positive,0.999,recall,0.0,37,,
2026-05-15T18:39:51Z,oww-v6-50k,hard_neg_mac_holdout,hard_negative,0.001,fpr,1.0,15,,
2026-05-15T18:39:51Z,oww-v6-50k,hard_neg_mac_holdout,hard_negative,0.003,fpr,1.0,15,,
2026-05-15T18:39:51Z,oww-v6-50k,hard_neg_mac_holdout,hard_negative,0.005,fpr,1.0,15,,
2026-05-15T18:39:51Z,oww-v6-50k,hard_neg_mac_holdout,hard_negative,0.008,fpr,1.0,15,,
2026-05-15T18:39:51Z,oww-v6-50k,hard_neg_mac_holdout,hard_negative,0.01,fpr,1.0,15,,
2026-05-15T18:39:51Z,oww-v6-50k,hard_neg_mac_holdout,hard_negative,0.02,fpr,1.0,15,,
2026-05-15T18:39:51Z,oww-v6-50k,hard_neg_mac_holdout,hard_negative,0.05,fpr,1.0,15,,
2026-05-15T18:39:51Z,oww-v6-50k,hard_neg_mac_holdout,hard_negative,0.1,fpr,1.0,15,,
2026-05-15T18:39:51Z,oww-v6-50k,hard_neg_mac_holdout,hard_negative,0.2,fpr,1.0,15,,
2026-05-15T18:39:51Z,oww-v6-50k,hard_neg_mac_holdout,hard_negative,0.3,fpr,1.0,15,,
2026-05-15T18:39:51Z,oww-v6-50k,hard_neg_mac_holdout,hard_negative,0.5,fpr,1.0,15,,
2026-05-15T18:39:51Z,oww-v6-50k,hard_neg_mac_holdout,hard_negative,0.7,fpr,1.0,15,,
2026-05-15T18:39:51Z,oww-v6-50k,hard_neg_mac_holdout,hard_negative,0.9,fpr,1.0,15,,
2026-05-15T18:39:51Z,oww-v6-50k,hard_neg_mac_holdout,hard_negative,0.95,fpr,1.0,15,,
2026-05-15T18:39:51Z,oww-v6-50k,hard_neg_mac_holdout,hard_negative,0.97,fpr,0.8666666666666667,15,,
2026-05-15T18:39:51Z,oww-v6-50k,hard_neg_mac_holdout,hard_negative,0.99,fpr,0.7333333333333333,15,,
2026-05-15T18:39:51Z,oww-v6-50k,hard_neg_mac_holdout,hard_negative,0.995,fpr,0.0,15,,
2026-05-15T18:39:51Z,oww-v6-50k,hard_neg_mac_holdout,hard_negative,0.996,fpr,0.0,15,,
2026-05-15T18:39:51Z,oww-v6-50k,hard_neg_mac_holdout,hard_negative,0.999,fpr,0.0,15,,
2026-05-15T18:39:51Z,oww-v6-50k,hard_neg_isa_xtts,hard_negative,0.001,fpr,1.0,60,,
2026-05-15T18:39:51Z,oww-v6-50k,hard_neg_isa_xtts,hard_negative,0.003,fpr,0.9166666666666666,60,,
2026-05-15T18:39:51Z,oww-v6-50k,hard_neg_isa_xtts,hard_negative,0.005,fpr,0.8666666666666667,60,,
2026-05-15T18:39:51Z,oww-v6-50k,hard_neg_isa_xtts,hard_negative,0.008,fpr,0.8,60,,
2026-05-15T18:39:51Z,oww-v6-50k,hard_neg_isa_xtts,hard_negative,0.01,fpr,0.7833333333333333,60,,
2026-05-15T18:39:51Z,oww-v6-50k,hard_neg_isa_xtts,hard_negative,0.02,fpr,0.7333333333333333,60,,
2026-05-15T18:39:51Z,oww-v6-50k,hard_neg_isa_xtts,hard_negative,0.05,fpr,0.6166666666666667,60,,
2026-05-15T18:39:51Z,oww-v6-50k,hard_neg_isa_xtts,hard_negative,0.1,fpr,0.5166666666666667,60,,
2026-05-15T18:39:51Z,oww-v6-50k,hard_neg_isa_xtts,hard_negative,0.2,fpr,0.48333333333333334,60,,
2026-05-15T18:39:51Z,oww-v6-50k,hard_neg_isa_xtts,hard_negative,0.3,fpr,0.43333333333333335,60,,
2026-05-15T18:39:51Z,oww-v6-50k,hard_neg_isa_xtts,hard_negative,0.5,fpr,0.4,60,,
2026-05-15T18:39:51Z,oww-v6-50k,hard_neg_isa_xtts,hard_negative,0.7,fpr,0.36666666666666664,60,,
2026-05-15T18:39:51Z,oww-v6-50k,hard_neg_isa_xtts,hard_negative,0.9,fpr,0.2833333333333333,60,,
2026-05-15T18:39:51Z,oww-v6-50k,hard_neg_isa_xtts,hard_negative,0.95,fpr,0.23333333333333334,60,,
2026-05-15T18:39:51Z,oww-v6-50k,hard_neg_isa_xtts,hard_negative,0.97,fpr,0.21666666666666667,60,,
2026-05-15T18:39:51Z,oww-v6-50k,hard_neg_isa_xtts,hard_negative,0.99,fpr,0.13333333333333333,60,,
2026-05-15T18:39:51Z,oww-v6-50k,hard_neg_isa_xtts,hard_negative,0.995,fpr,0.0,60,,
2026-05-15T18:39:51Z,oww-v6-50k,hard_neg_isa_xtts,hard_negative,0.996,fpr,0.0,60,,
2026-05-15T18:39:51Z,oww-v6-50k,hard_neg_isa_xtts,hard_negative,0.999,fpr,0.0,60,,
2026-05-15T18:39:51Z,oww-v6-50k,hard_neg_canary,hard_negative,0.001,fpr,1.0,5,,
2026-05-15T18:39:51Z,oww-v6-50k,hard_neg_canary,hard_negative,0.003,fpr,0.6,5,,
2026-05-15T18:39:51Z,oww-v6-50k,hard_neg_canary,hard_negative,0.005,fpr,0.6,5,,
2026-05-15T18:39:51Z,oww-v6-50k,hard_neg_canary,hard_negative,0.008,fpr,0.6,5,,
2026-05-15T18:39:51Z,oww-v6-50k,hard_neg_canary,hard_negative,0.01,fpr,0.6,5,,
2026-05-15T18:39:51Z,oww-v6-50k,hard_neg_canary,hard_negative,0.02,fpr,0.4,5,,
2026-05-15T18:39:51Z,oww-v6-50k,hard_neg_canary,hard_negative,0.05,fpr,0.4,5,,
2026-05-15T18:39:51Z,oww-v6-50k,hard_neg_canary,hard_negative,0.1,fpr,0.2,5,,
2026-05-15T18:39:51Z,oww-v6-50k,hard_neg_canary,hard_negative,0.2,fpr,0.2,5,,
2026-05-15T18:39:51Z,oww-v6-50k,hard_neg_canary,hard_negative,0.3,fpr,0.2,5,,
2026-05-15T18:39:51Z,oww-v6-50k,hard_neg_canary,hard_negative,0.5,fpr,0.2,5,,
2026-05-15T18:39:51Z,oww-v6-50k,hard_neg_canary,hard_negative,0.7,fpr,0.2,5,,
2026-05-15T18:39:51Z,oww-v6-50k,hard_neg_canary,hard_negative,0.9,fpr,0.2,5,,
2026-05-15T18:39:51Z,oww-v6-50k,hard_neg_canary,hard_negative,0.95,fpr,0.2,5,,
2026-05-15T18:39:51Z,oww-v6-50k,hard_neg_canary,hard_negative,0.97,fpr,0.2,5,,
2026-05-15T18:39:51Z,oww-v6-50k,hard_neg_canary,hard_negative,0.99,fpr,0.0,5,,
2026-05-15T18:39:51Z,oww-v6-50k,hard_neg_canary,hard_negative,0.995,fpr,0.0,5,,
2026-05-15T18:39:51Z,oww-v6-50k,hard_neg_canary,hard_negative,0.996,fpr,0.0,5,,
2026-05-15T18:39:51Z,oww-v6-50k,hard_neg_canary,hard_negative,0.999,fpr,0.0,5,,
2026-05-15T18:39:51Z,oww-v6-50k,neg_prefix_only_mattias_short,hard_negative,0.001,fpr,1.0,220,,
2026-05-15T18:39:51Z,oww-v6-50k,neg_prefix_only_mattias_short,hard_negative,0.003,fpr,1.0,220,,
2026-05-15T18:39:51Z,oww-v6-50k,neg_prefix_only_mattias_short,hard_negative,0.005,fpr,1.0,220,,
2026-05-15T18:39:51Z,oww-v6-50k,neg_prefix_only_mattias_short,hard_negative,0.008,fpr,1.0,220,,
2026-05-15T18:39:51Z,oww-v6-50k,neg_prefix_only_mattias_short,hard_negative,0.01,fpr,1.0,220,,
2026-05-15T18:39:51Z,oww-v6-50k,neg_prefix_only_mattias_short,hard_negative,0.02,fpr,1.0,220,,
2026-05-15T18:39:51Z,oww-v6-50k,neg_prefix_only_mattias_short,hard_negative,0.05,fpr,0.9863636363636363,220,,
2026-05-15T18:39:51Z,oww-v6-50k,neg_prefix_only_mattias_short,hard_negative,0.1,fpr,0.9863636363636363,220,,
2026-05-15T18:39:51Z,oww-v6-50k,neg_prefix_only_mattias_short,hard_negative,0.2,fpr,0.9772727272727273,220,,
2026-05-15T18:39:51Z,oww-v6-50k,neg_prefix_only_mattias_short,hard_negative,0.3,fpr,0.9727272727272728,220,,
2026-05-15T18:39:51Z,oww-v6-50k,neg_prefix_only_mattias_short,hard_negative,0.5,fpr,0.9545454545454546,220,,
2026-05-15T18:39:51Z,oww-v6-50k,neg_prefix_only_mattias_short,hard_negative,0.7,fpr,0.9409090909090909,220,,
2026-05-15T18:39:51Z,oww-v6-50k,neg_prefix_only_mattias_short,hard_negative,0.9,fpr,0.9090909090909091,220,,
2026-05-15T18:39:51Z,oww-v6-50k,neg_prefix_only_mattias_short,hard_negative,0.95,fpr,0.8454545454545455,220,,
2026-05-15T18:39:51Z,oww-v6-50k,neg_prefix_only_mattias_short,hard_negative,0.97,fpr,0.8090909090909091,220,,
2026-05-15T18:39:51Z,oww-v6-50k,neg_prefix_only_mattias_short,hard_negative,0.99,fpr,0.35909090909090907,220,,
2026-05-15T18:39:51Z,oww-v6-50k,neg_prefix_only_mattias_short,hard_negative,0.995,fpr,0.0,220,,
2026-05-15T18:39:51Z,oww-v6-50k,neg_prefix_only_mattias_short,hard_negative,0.996,fpr,0.0,220,,
2026-05-15T18:39:51Z,oww-v6-50k,neg_prefix_only_mattias_short,hard_negative,0.999,fpr,0.0,220,,
2026-05-15T18:39:51Z,oww-v6-50k,neg_single_kratt_neurokone,hard_negative,0.001,fpr,1.0,186,,
2026-05-15T18:39:51Z,oww-v6-50k,neg_single_kratt_neurokone,hard_negative,0.003,fpr,0.967741935483871,186,,
2026-05-15T18:39:51Z,oww-v6-50k,neg_single_kratt_neurokone,hard_negative,0.005,fpr,0.946236559139785,186,,
2026-05-15T18:39:51Z,oww-v6-50k,neg_single_kratt_neurokone,hard_negative,0.008,fpr,0.8978494623655914,186,,
2026-05-15T18:39:51Z,oww-v6-50k,neg_single_kratt_neurokone,hard_negative,0.01,fpr,0.8763440860215054,186,,
2026-05-15T18:39:51Z,oww-v6-50k,neg_single_kratt_neurokone,hard_negative,0.02,fpr,0.8010752688172043,186,,
2026-05-15T18:39:51Z,oww-v6-50k,neg_single_kratt_neurokone,hard_negative,0.05,fpr,0.7365591397849462,186,,
2026-05-15T18:39:51Z,oww-v6-50k,neg_single_kratt_neurokone,hard_negative,0.1,fpr,0.6881720430107527,186,,
2026-05-15T18:39:51Z,oww-v6-50k,neg_single_kratt_neurokone,hard_negative,0.2,fpr,0.6290322580645161,186,,
2026-05-15T18:39:51Z,oww-v6-50k,neg_single_kratt_neurokone,hard_negative,0.3,fpr,0.5591397849462365,186,,
2026-05-15T18:39:51Z,oww-v6-50k,neg_single_kratt_neurokone,hard_negative,0.5,fpr,0.4946236559139785,186,,
2026-05-15T18:39:51Z,oww-v6-50k,neg_single_kratt_neurokone,hard_negative,0.7,fpr,0.43010752688172044,186,,
2026-05-15T18:39:51Z,oww-v6-50k,neg_single_kratt_neurokone,hard_negative,0.9,fpr,0.3387096774193548,186,,
2026-05-15T18:39:51Z,oww-v6-50k,neg_single_kratt_neurokone,hard_negative,0.95,fpr,0.27956989247311825,186,,
2026-05-15T18:39:51Z,oww-v6-50k,neg_single_kratt_neurokone,hard_negative,0.97,fpr,0.1989247311827957,186,,
2026-05-15T18:39:51Z,oww-v6-50k,neg_single_kratt_neurokone,hard_negative,0.99,fpr,0.053763440860215055,186,,
2026-05-15T18:39:51Z,oww-v6-50k,neg_single_kratt_neurokone,hard_negative,0.995,fpr,0.0,186,,
2026-05-15T18:39:51Z,oww-v6-50k,neg_single_kratt_neurokone,hard_negative,0.996,fpr,0.0,186,,
2026-05-15T18:39:51Z,oww-v6-50k,neg_single_kratt_neurokone,hard_negative,0.999,fpr,0.0,186,,
2026-05-15T18:39:51Z,oww-v6-50k,neg_reversed_kratt_kuule,hard_negative,0.001,fpr,0.96875,64,,
2026-05-15T18:39:51Z,oww-v6-50k,neg_reversed_kratt_kuule,hard_negative,0.003,fpr,0.921875,64,,
2026-05-15T18:39:51Z,oww-v6-50k,neg_reversed_kratt_kuule,hard_negative,0.005,fpr,0.921875,64,,
2026-05-15T18:39:51Z,oww-v6-50k,neg_reversed_kratt_kuule,hard_negative,0.008,fpr,0.921875,64,,
2026-05-15T18:39:51Z,oww-v6-50k,neg_reversed_kratt_kuule,hard_negative,0.01,fpr,0.921875,64,,
2026-05-15T18:39:51Z,oww-v6-50k,neg_reversed_kratt_kuule,hard_negative,0.02,fpr,0.921875,64,,
2026-05-15T18:39:51Z,oww-v6-50k,neg_reversed_kratt_kuule,hard_negative,0.05,fpr,0.90625,64,,
2026-05-15T18:39:51Z,oww-v6-50k,neg_reversed_kratt_kuule,hard_negative,0.1,fpr,0.890625,64,,
2026-05-15T18:39:51Z,oww-v6-50k,neg_reversed_kratt_kuule,hard_negative,0.2,fpr,0.8125,64,,
2026-05-15T18:39:51Z,oww-v6-50k,neg_reversed_kratt_kuule,hard_negative,0.3,fpr,0.78125,64,,
2026-05-15T18:39:51Z,oww-v6-50k,neg_reversed_kratt_kuule,hard_negative,0.5,fpr,0.734375,64,,
2026-05-15T18:39:51Z,oww-v6-50k,neg_reversed_kratt_kuule,hard_negative,0.7,fpr,0.625,64,,
2026-05-15T18:39:51Z,oww-v6-50k,neg_reversed_kratt_kuule,hard_negative,0.9,fpr,0.53125,64,,
2026-05-15T18:39:51Z,oww-v6-50k,neg_reversed_kratt_kuule,hard_negative,0.95,fpr,0.40625,64,,
2026-05-15T18:39:51Z,oww-v6-50k,neg_reversed_kratt_kuule,hard_negative,0.97,fpr,0.34375,64,,
2026-05-15T18:39:51Z,oww-v6-50k,neg_reversed_kratt_kuule,hard_negative,0.99,fpr,0.046875,64,,
2026-05-15T18:39:51Z,oww-v6-50k,neg_reversed_kratt_kuule,hard_negative,0.995,fpr,0.0,64,,
2026-05-15T18:39:51Z,oww-v6-50k,neg_reversed_kratt_kuule,hard_negative,0.996,fpr,0.0,64,,
2026-05-15T18:39:51Z,oww-v6-50k,neg_reversed_kratt_kuule,hard_negative,0.999,fpr,0.0,64,,
2026-05-15T18:39:51Z,oww-v6-50k,neg_kuule_kule_confusables,hard_negative,0.001,fpr,1.0,600,,
2026-05-15T18:39:51Z,oww-v6-50k,neg_kuule_kule_confusables,hard_negative,0.003,fpr,1.0,600,,
2026-05-15T18:39:51Z,oww-v6-50k,neg_kuule_kule_confusables,hard_negative,0.005,fpr,1.0,600,,
2026-05-15T18:39:51Z,oww-v6-50k,neg_kuule_kule_confusables,hard_negative,0.008,fpr,0.9983333333333333,600,,
2026-05-15T18:39:51Z,oww-v6-50k,neg_kuule_kule_confusables,hard_negative,0.01,fpr,0.9983333333333333,600,,
2026-05-15T18:39:51Z,oww-v6-50k,neg_kuule_kule_confusables,hard_negative,0.02,fpr,0.9966666666666667,600,,
2026-05-15T18:39:51Z,oww-v6-50k,neg_kuule_kule_confusables,hard_negative,0.05,fpr,0.9933333333333333,600,,
2026-05-15T18:39:51Z,oww-v6-50k,neg_kuule_kule_confusables,hard_negative,0.1,fpr,0.99,600,,
2026-05-15T18:39:51Z,oww-v6-50k,neg_kuule_kule_confusables,hard_negative,0.2,fpr,0.9866666666666667,600,,
2026-05-15T18:39:51Z,oww-v6-50k,neg_kuule_kule_confusables,hard_negative,0.3,fpr,0.9783333333333334,600,,
2026-05-15T18:39:51Z,oww-v6-50k,neg_kuule_kule_confusables,hard_negative,0.5,fpr,0.9733333333333334,600,,
2026-05-15T18:39:51Z,oww-v6-50k,neg_kuule_kule_confusables,hard_negative,0.7,fpr,0.9533333333333334,600,,
2026-05-15T18:39:51Z,oww-v6-50k,neg_kuule_kule_confusables,hard_negative,0.9,fpr,0.935,600,,
2026-05-15T18:39:51Z,oww-v6-50k,neg_kuule_kule_confusables,hard_negative,0.95,fpr,0.91,600,,
2026-05-15T18:39:51Z,oww-v6-50k,neg_kuule_kule_confusables,hard_negative,0.97,fpr,0.8783333333333333,600,,
2026-05-15T18:39:51Z,oww-v6-50k,neg_kuule_kule_confusables,hard_negative,0.99,fpr,0.7183333333333334,600,,
2026-05-15T18:39:51Z,oww-v6-50k,neg_kuule_kule_confusables,hard_negative,0.995,fpr,0.0016666666666666668,600,,
2026-05-15T18:39:51Z,oww-v6-50k,neg_kuule_kule_confusables,hard_negative,0.996,fpr,0.0,600,,
2026-05-15T18:39:51Z,oww-v6-50k,neg_kuule_kule_confusables,hard_negative,0.999,fpr,0.0,600,,
2026-05-15T18:39:51Z,oww-v6-50k,neg_kuule_kule_confusables_target_free,hard_negative,0.001,fpr,1.0,600,,
2026-05-15T18:39:51Z,oww-v6-50k,neg_kuule_kule_confusables_target_free,hard_negative,0.003,fpr,1.0,600,,
2026-05-15T18:39:51Z,oww-v6-50k,neg_kuule_kule_confusables_target_free,hard_negative,0.005,fpr,1.0,600,,
2026-05-15T18:39:51Z,oww-v6-50k,neg_kuule_kule_confusables_target_free,hard_negative,0.008,fpr,0.9983333333333333,600,,
2026-05-15T18:39:51Z,oww-v6-50k,neg_kuule_kule_confusables_target_free,hard_negative,0.01,fpr,0.9983333333333333,600,,
2026-05-15T18:39:51Z,oww-v6-50k,neg_kuule_kule_confusables_target_free,hard_negative,0.02,fpr,0.9966666666666667,600,,
2026-05-15T18:39:51Z,oww-v6-50k,neg_kuule_kule_confusables_target_free,hard_negative,0.05,fpr,0.9933333333333333,600,,
2026-05-15T18:39:51Z,oww-v6-50k,neg_kuule_kule_confusables_target_free,hard_negative,0.1,fpr,0.99,600,,
2026-05-15T18:39:51Z,oww-v6-50k,neg_kuule_kule_confusables_target_free,hard_negative,0.2,fpr,0.9866666666666667,600,,
2026-05-15T18:39:51Z,oww-v6-50k,neg_kuule_kule_confusables_target_free,hard_negative,0.3,fpr,0.9783333333333334,600,,
2026-05-15T18:39:51Z,oww-v6-50k,neg_kuule_kule_confusables_target_free,hard_negative,0.5,fpr,0.9733333333333334,600,,
2026-05-15T18:39:51Z,oww-v6-50k,neg_kuule_kule_confusables_target_free,hard_negative,0.7,fpr,0.9533333333333334,600,,
2026-05-15T18:39:51Z,oww-v6-50k,neg_kuule_kule_confusables_target_free,hard_negative,0.9,fpr,0.935,600,,
2026-05-15T18:39:51Z,oww-v6-50k,neg_kuule_kule_confusables_target_free,hard_negative,0.95,fpr,0.91,600,,
2026-05-15T18:39:51Z,oww-v6-50k,neg_kuule_kule_confusables_target_free,hard_negative,0.97,fpr,0.8783333333333333,600,,
2026-05-15T18:39:51Z,oww-v6-50k,neg_kuule_kule_confusables_target_free,hard_negative,0.99,fpr,0.7183333333333334,600,,
2026-05-15T18:39:51Z,oww-v6-50k,neg_kuule_kule_confusables_target_free,hard_negative,0.995,fpr,0.0016666666666666668,600,,
2026-05-15T18:39:51Z,oww-v6-50k,neg_kuule_kule_confusables_target_free,hard_negative,0.996,fpr,0.0,600,,
2026-05-15T18:39:51Z,oww-v6-50k,neg_kuule_kule_confusables_target_free,hard_negative,0.999,fpr,0.0,600,,
2026-05-15T18:39:51Z,oww-v6-50k,pos_single_kratt_neurokone,positive,0.001,recall,1.0,186,,
2026-05-15T18:39:51Z,oww-v6-50k,pos_single_kratt_neurokone,positive,0.003,recall,0.967741935483871,186,,
2026-05-15T18:39:51Z,oww-v6-50k,pos_single_kratt_neurokone,positive,0.005,recall,0.946236559139785,186,,
2026-05-15T18:39:51Z,oww-v6-50k,pos_single_kratt_neurokone,positive,0.008,recall,0.8978494623655914,186,,
2026-05-15T18:39:51Z,oww-v6-50k,pos_single_kratt_neurokone,positive,0.01,recall,0.8763440860215054,186,,
2026-05-15T18:39:51Z,oww-v6-50k,pos_single_kratt_neurokone,positive,0.02,recall,0.8010752688172043,186,,
2026-05-15T18:39:51Z,oww-v6-50k,pos_single_kratt_neurokone,positive,0.05,recall,0.7365591397849462,186,,
2026-05-15T18:39:51Z,oww-v6-50k,pos_single_kratt_neurokone,positive,0.1,recall,0.6881720430107527,186,,
2026-05-15T18:39:51Z,oww-v6-50k,pos_single_kratt_neurokone,positive,0.2,recall,0.6290322580645161,186,,
2026-05-15T18:39:51Z,oww-v6-50k,pos_single_kratt_neurokone,positive,0.3,recall,0.5591397849462365,186,,
2026-05-15T18:39:51Z,oww-v6-50k,pos_single_kratt_neurokone,positive,0.5,recall,0.4946236559139785,186,,
2026-05-15T18:39:51Z,oww-v6-50k,pos_single_kratt_neurokone,positive,0.7,recall,0.43010752688172044,186,,
2026-05-15T18:39:51Z,oww-v6-50k,pos_single_kratt_neurokone,positive,0.9,recall,0.3387096774193548,186,,
2026-05-15T18:39:51Z,oww-v6-50k,pos_single_kratt_neurokone,positive,0.95,recall,0.27956989247311825,186,,
2026-05-15T18:39:51Z,oww-v6-50k,pos_single_kratt_neurokone,positive,0.97,recall,0.1989247311827957,186,,
2026-05-15T18:39:51Z,oww-v6-50k,pos_single_kratt_neurokone,positive,0.99,recall,0.053763440860215055,186,,
2026-05-15T18:39:51Z,oww-v6-50k,pos_single_kratt_neurokone,positive,0.995,recall,0.0,186,,
2026-05-15T18:39:51Z,oww-v6-50k,pos_single_kratt_neurokone,positive,0.996,recall,0.0,186,,
2026-05-15T18:39:51Z,oww-v6-50k,pos_single_kratt_neurokone,positive,0.999,recall,0.0,186,,
2026-05-15T18:39:51Z,oww-v6-50k,pos_reversed_kratt_kuule,positive,0.001,recall,0.96875,64,,
2026-05-15T18:39:51Z,oww-v6-50k,pos_reversed_kratt_kuule,positive,0.003,recall,0.921875,64,,
2026-05-15T18:39:51Z,oww-v6-50k,pos_reversed_kratt_kuule,positive,0.005,recall,0.921875,64,,
2026-05-15T18:39:51Z,oww-v6-50k,pos_reversed_kratt_kuule,positive,0.008,recall,0.921875,64,,
2026-05-15T18:39:51Z,oww-v6-50k,pos_reversed_kratt_kuule,positive,0.01,recall,0.921875,64,,
2026-05-15T18:39:51Z,oww-v6-50k,pos_reversed_kratt_kuule,positive,0.02,recall,0.921875,64,,
2026-05-15T18:39:51Z,oww-v6-50k,pos_reversed_kratt_kuule,positive,0.05,recall,0.90625,64,,
2026-05-15T18:39:51Z,oww-v6-50k,pos_reversed_kratt_kuule,positive,0.1,recall,0.890625,64,,
2026-05-15T18:39:51Z,oww-v6-50k,pos_reversed_kratt_kuule,positive,0.2,recall,0.8125,64,,
2026-05-15T18:39:51Z,oww-v6-50k,pos_reversed_kratt_kuule,positive,0.3,recall,0.78125,64,,
2026-05-15T18:39:51Z,oww-v6-50k,pos_reversed_kratt_kuule,positive,0.5,recall,0.734375,64,,
2026-05-15T18:39:51Z,oww-v6-50k,pos_reversed_kratt_kuule,positive,0.7,recall,0.625,64,,
2026-05-15T18:39:51Z,oww-v6-50k,pos_reversed_kratt_kuule,positive,0.9,recall,0.53125,64,,
2026-05-15T18:39:51Z,oww-v6-50k,pos_reversed_kratt_kuule,positive,0.95,recall,0.40625,64,,
2026-05-15T18:39:51Z,oww-v6-50k,pos_reversed_kratt_kuule,positive,0.97,recall,0.34375,64,,
2026-05-15T18:39:51Z,oww-v6-50k,pos_reversed_kratt_kuule,positive,0.99,recall,0.046875,64,,
2026-05-15T18:39:51Z,oww-v6-50k,pos_reversed_kratt_kuule,positive,0.995,recall,0.0,64,,
2026-05-15T18:39:51Z,oww-v6-50k,pos_reversed_kratt_kuule,positive,0.996,recall,0.0,64,,
2026-05-15T18:39:51Z,oww-v6-50k,pos_reversed_kratt_kuule,positive,0.999,recall,0.0,64,,
2026-05-15T18:39:51Z,oww-v6-50k,faph_cv_et,ambient,0.001,faph,1341.6396311845115,2000,3.8207,
2026-05-15T18:39:51Z,oww-v6-50k,faph_cv_et,ambient,0.003,faph,421.1272271899881,2000,3.8207,
2026-05-15T18:39:51Z,oww-v6-50k,faph_cv_et,ambient,0.005,faph,321.1454989198977,2000,3.8207,
2026-05-15T18:39:51Z,oww-v6-50k,faph_cv_et,ambient,0.008,faph,266.18172159864383,2000,3.8207,
2026-05-15T18:39:51Z,oww-v6-50k,faph_cv_et,ambient,0.01,faph,247.0752656726841,2000,3.8207,
2026-05-15T18:39:51Z,oww-v6-50k,faph_cv_et,ambient,0.02,faph,196.82266926468057,2000,3.8207,
2026-05-15T18:39:51Z,oww-v6-50k,faph_cv_et,ambient,0.05,faph,147.8787342214688,2000,3.8207,
2026-05-15T18:39:51Z,oww-v6-50k,faph_cv_et,ambient,0.1,faph,126.94015238480064,2000,3.8207,
2026-05-15T18:39:51Z,oww-v6-50k,faph_cv_et,ambient,0.2,faph,102.59905099967392,2000,3.8207,
2026-05-15T18:39:51Z,oww-v6-50k,faph_cv_et,ambient,0.3,faph,90.29763417063138,2000,3.8207,
2026-05-15T18:39:51Z,oww-v6-50k,faph_cv_et,ambient,0.5,faph,74.59369779313027,2000,3.8207,
2026-05-15T18:39:51Z,oww-v6-50k,faph_cv_et,ambient,0.7,faph,57.842832323795754,2000,3.8207,
2026-05-15T18:39:51Z,oww-v6-50k,faph_cv_et,ambient,0.9,faph,37.68944730600266,2000,3.8207,
2026-05-15T18:39:51Z,oww-v6-50k,faph_cv_et,ambient,0.95,faph,25.64976274991848,2000,3.8207,
2026-05-15T18:39:51Z,oww-v6-50k,faph_cv_et,ambient,0.97,faph,18.059526834126277,2000,3.8207,
2026-05-15T18:39:51Z,oww-v6-50k,faph_cv_et,ambient,0.99,faph,2.0938581836668146,2000,3.8207,
2026-05-15T18:39:51Z,oww-v6-50k,faph_cv_et,ambient,0.995,faph,0.26173227295835183,2000,3.8207,
2026-05-15T18:39:51Z,oww-v6-50k,faph_cv_et,ambient,0.996,faph,0.0,2000,3.8207,
2026-05-15T18:39:51Z,oww-v6-50k,faph_cv_et,ambient,0.999,faph,0.0,2000,3.8207,
2026-05-15T18:39:51Z,oww-v6-50k,faph_librispeech,ambient,0.001,faph,1554.3294421012213,2620,5.6217,
2026-05-15T18:39:51Z,oww-v6-50k,faph_librispeech,ambient,0.003,faph,416.24294970437836,2620,5.6217,
2026-05-15T18:39:51Z,oww-v6-50k,faph_librispeech,ambient,0.005,faph,312.89373868803483,2620,5.6217,
2026-05-15T18:39:51Z,oww-v6-50k,faph_librispeech,ambient,0.008,faph,252.058230654318,2620,5.6217,
2026-05-15T18:39:51Z,oww-v6-50k,faph_librispeech,ambient,0.01,faph,229.11150393984587,2620,5.6217,
2026-05-15T18:39:51Z,oww-v6-50k,faph_librispeech,ambient,0.02,faph,172.3672727621977,2620,5.6217,
2026-05-15T18:39:51Z,oww-v6-50k,faph_librispeech,ambient,0.05,faph,126.6517009356912,2620,5.6217,
2026-05-15T18:39:51Z,oww-v6-50k,faph_librispeech,ambient,0.1,faph,101.2146317870903,2620,5.6217,
2026-05-15T18:39:51Z,oww-v6-50k,faph_librispeech,ambient,0.2,faph,78.44578667505591,2620,5.6217,
2026-05-15T18:39:51Z,oww-v6-50k,faph_librispeech,ambient,0.3,faph,67.41712732391427,2620,5.6217,
2026-05-15T18:39:51Z,oww-v6-50k,faph_librispeech,ambient,0.5,faph,52.83083592401725,2620,5.6217,
2026-05-15T18:39:51Z,oww-v6-50k,faph_librispeech,ambient,0.7,faph,41.980058175313374,2620,5.6217,
2026-05-15T18:39:51Z,oww-v6-50k,faph_librispeech,ambient,0.9,faph,25.08130594372536,2620,5.6217,
2026-05-15T18:39:51Z,oww-v6-50k,faph_librispeech,ambient,0.95,faph,17.254515436463546,2620,5.6217,
2026-05-15T18:39:51Z,oww-v6-50k,faph_librispeech,ambient,0.97,faph,12.629593773081565,2620,5.6217,
2026-05-15T18:39:51Z,oww-v6-50k,faph_librispeech,ambient,0.99,faph,2.312460831690991,2620,5.6217,
2026-05-15T18:39:51Z,oww-v6-50k,faph_librispeech,ambient,0.995,faph,0.0,2620,5.6217,
2026-05-15T18:39:51Z,oww-v6-50k,faph_librispeech,ambient,0.996,faph,0.0,2620,5.6217,
2026-05-15T18:39:51Z,oww-v6-50k,faph_librispeech,ambient,0.999,faph,0.0,2620,5.6217,
2026-05-15T18:39:51Z,oww-v6-50k,faph_macbook_bg,ambient,0.001,faph,2467.137657889103,14,1.1677,
2026-05-15T18:39:51Z,oww-v6-50k,faph_macbook_bg,ambient,0.003,faph,608.8631984585743,14,1.1677,
2026-05-15T18:39:51Z,oww-v6-50k,faph_macbook_bg,ambient,0.005,faph,481.2673945621923,14,1.1677,
2026-05-15T18:39:51Z,oww-v6-50k,faph_macbook_bg,ambient,0.008,faph,405.90879897238284,14,1.1677,
2026-05-15T18:39:51Z,oww-v6-50k,faph_macbook_bg,ambient,0.01,faph,378.5056733033612,14,1.1677,
2026-05-15T18:39:51Z,oww-v6-50k,faph_macbook_bg,ambient,0.02,faph,312.5669021622779,14,1.1677,
2026-05-15T18:39:51Z,oww-v6-50k,faph_macbook_bg,ambient,0.05,faph,232.92656818668382,14,1.1677,
2026-05-15T18:39:51Z,oww-v6-50k,faph_macbook_bg,ambient,0.1,faph,199.52900877756372,14,1.1677,
2026-05-15T18:39:51Z,oww-v6-50k,faph_macbook_bg,ambient,0.2,faph,164.41875401412975,14,1.1677,
2026-05-15T18:39:51Z,oww-v6-50k,faph_macbook_bg,ambient,0.3,faph,140.44101905373583,14,1.1677,
2026-05-15T18:39:51Z,oww-v6-50k,faph_macbook_bg,ambient,0.5,faph,118.17597944765576,14,1.1677,
2026-05-15T18:39:51Z,oww-v6-50k,faph_macbook_bg,ambient,0.7,faph,84.77842003853566,14,1.1677,
2026-05-15T18:39:51Z,oww-v6-50k,faph_macbook_bg,ambient,0.9,faph,61.65703275529866,14,1.1677,
2026-05-15T18:39:51Z,oww-v6-50k,faph_macbook_bg,ambient,0.95,faph,43.67373153500322,14,1.1677,
2026-05-15T18:39:51Z,oww-v6-50k,faph_macbook_bg,ambient,0.97,faph,34.25390708627703,14,1.1677,
2026-05-15T18:39:51Z,oww-v6-50k,faph_macbook_bg,ambient,0.99,faph,2.5690430314707773,14,1.1677,
2026-05-15T18:39:51Z,oww-v6-50k,faph_macbook_bg,ambient,0.995,faph,0.0,14,1.1677,
2026-05-15T18:39:51Z,oww-v6-50k,faph_macbook_bg,ambient,0.996,faph,0.0,14,1.1677,
2026-05-15T18:39:51Z,oww-v6-50k,faph_macbook_bg,ambient,0.999,faph,0.0,14,1.1677,
2026-05-15T18:39:51Z,oww-v6-50k,faph_dipco,ambient,0.001,faph,1675.925316277101,6,3.3223,
2026-05-15T18:39:51Z,oww-v6-50k,faph_dipco,ambient,0.003,faph,375.3374406245591,6,3.3223,
2026-05-15T18:39:51Z,oww-v6-50k,faph_dipco,ambient,0.005,faph,263.067300004703,6,3.3223,
2026-05-15T18:39:51Z,oww-v6-50k,faph_dipco,ambient,0.008,faph,200.15990217749143,6,3.3223,
2026-05-15T18:39:51Z,oww-v6-50k,faph_dipco,ambient,0.01,faph,180.29440812679303,6,3.3223,
2026-05-15T18:39:51Z,oww-v6-50k,faph_dipco,ambient,0.02,faph,134.8445656774679,6,3.3223,
2026-05-15T18:39:51Z,oww-v6-50k,faph_dipco,ambient,0.05,faph,94.81258524196961,6,3.3223,
2026-05-15T18:39:51Z,oww-v6-50k,faph_dipco,ambient,0.1,faph,71.93716785025632,6,3.3223,
2026-05-15T18:39:51Z,oww-v6-50k,faph_dipco,ambient,0.2,faph,54.479612472369844,6,3.3223,
2026-05-15T18:39:51Z,oww-v6-50k,faph_dipco,ambient,0.3,faph,46.0518271175281,6,3.3223,
2026-05-15T18:39:51Z,oww-v6-50k,faph_dipco,ambient,0.5,faph,32.80816441706251,6,3.3223,
2026-05-15T18:39:51Z,oww-v6-50k,faph_dipco,ambient,0.7,faph,26.487325400931194,6,3.3223,
2026-05-15T18:39:51Z,oww-v6-50k,faph_dipco,ambient,0.9,faph,14.748624370973053,6,3.3223,
2026-05-15T18:39:51Z,oww-v6-50k,faph_dipco,ambient,0.95,faph,10.53473169355218,6,3.3223,
2026-05-15T18:39:51Z,oww-v6-50k,faph_dipco,ambient,0.97,faph,8.126793020740253,6,3.3223,
2026-05-15T18:39:51Z,oww-v6-50k,faph_dipco,ambient,0.99,faph,0.30099233410149084,6,3.3223,
2026-05-15T18:39:51Z,oww-v6-50k,faph_dipco,ambient,0.995,faph,0.0,6,3.3223,
2026-05-15T18:39:51Z,oww-v6-50k,faph_dipco,ambient,0.996,faph,0.0,6,3.3223,
2026-05-15T18:39:51Z,oww-v6-50k,faph_dipco,ambient,0.999,faph,0.0,6,3.3223,
2026-05-15T18:39:51Z,oww-v6-50k,faph_praam_quick_20260510,ambient,0.001,faph,1767.168913560666,1,0.7006,
2026-05-15T18:39:51Z,oww-v6-50k,faph_praam_quick_20260510,ambient,0.003,faph,157.01823949246628,1,0.7006,
2026-05-15T18:39:51Z,oww-v6-50k,faph_praam_quick_20260510,ambient,0.005,faph,97.06582077716098,1,0.7006,
2026-05-15T18:39:51Z,oww-v6-50k,faph_praam_quick_20260510,ambient,0.008,faph,68.51704996034893,1,0.7006,
2026-05-15T18:39:51Z,oww-v6-50k,faph_praam_quick_20260510,ambient,0.01,faph,57.097541633624104,1,0.7006,
2026-05-15T18:39:51Z,oww-v6-50k,faph_praam_quick_20260510,ambient,0.02,faph,34.258524980174464,1,0.7006,
2026-05-15T18:39:51Z,oww-v6-50k,faph_praam_quick_20260510,ambient,0.05,faph,27.12133227597145,1,0.7006,
2026-05-15T18:39:51Z,oww-v6-50k,faph_praam_quick_20260510,ambient,0.1,faph,19.984139571768438,1,0.7006,
2026-05-15T18:39:51Z,oww-v6-50k,faph_praam_quick_20260510,ambient,0.2,faph,12.846946867565423,1,0.7006,
2026-05-15T18:39:51Z,oww-v6-50k,faph_praam_quick_20260510,ambient,0.3,faph,12.846946867565423,1,0.7006,
2026-05-15T18:39:51Z,oww-v6-50k,faph_praam_quick_20260510,ambient,0.5,faph,8.564631245043616,1,0.7006,
2026-05-15T18:39:51Z,oww-v6-50k,faph_praam_quick_20260510,ambient,0.7,faph,5.70975416336241,1,0.7006,
2026-05-15T18:39:51Z,oww-v6-50k,faph_praam_quick_20260510,ambient,0.9,faph,5.70975416336241,1,0.7006,
2026-05-15T18:39:51Z,oww-v6-50k,faph_praam_quick_20260510,ambient,0.95,faph,2.854877081681205,1,0.7006,
2026-05-15T18:39:51Z,oww-v6-50k,faph_praam_quick_20260510,ambient,0.97,faph,0.0,1,0.7006,
2026-05-15T18:39:51Z,oww-v6-50k,faph_praam_quick_20260510,ambient,0.99,faph,0.0,1,0.7006,
2026-05-15T18:39:51Z,oww-v6-50k,faph_praam_quick_20260510,ambient,0.995,faph,0.0,1,0.7006,
2026-05-15T18:39:51Z,oww-v6-50k,faph_praam_quick_20260510,ambient,0.996,faph,0.0,1,0.7006,
2026-05-15T18:39:51Z,oww-v6-50k,faph_praam_quick_20260510,ambient,0.999,faph,0.0,1,0.7006,
